{"type":"FeatureCollection","name":"pdam_tirtamarta_pipa_utama","sumber":"Jaringan perpipaan Perumda PDAM Tirtamarta Yogyakarta 2025 (Geoportal Kota Yogyakarta) · disaring: transmisi + distribusi utama","features":[{"type":"Feature","properties":{"id":"jogja-668-2","kategori":"distribusi_utama","diameter":24,"material":"ACP","zona":"Bedog","tahun":null,"panjang_m":3198},"geometry":{"type":"LineString","coordinates":[[110.34517,-7.76252],[110.34106,-7.77915],[110.34762,-7.78058],[110.35015,-7.78115],[110.35079,-7.78127],[110.3508,-7.78125],[110.35082,-7.78125],[110.35084,-7.78128],[110.35252,-7.78164],[110.35252,-7.78164]]}},{"type":"Feature","properties":{"id":"jogja-668-3","kategori":"distribusi_utama","diameter":24,"material":"ACP","zona":"Bedog","tahun":null,"panjang_m":2142},"geometry":{"type":"LineString","coordinates":[[110.35275,-7.78185],[110.35264,-7.78631],[110.35265,-7.78652],[110.35266,-7.78661],[110.35269,-7.7867],[110.35273,-7.78678],[110.35283,-7.78686],[110.35296,-7.78697],[110.35334,-7.78724],[110.35356,-7.7874],[110.35373,-7.78756],[110.35384,-7.78769],[110.35392,-7.78784],[110.35399,-7.78797],[110.35402,-7.78809],[110.35405,-7.78822],[110.35406,-7.78836],[110.35405,-7.78848],[110.35394,-7.79015],[110.35389,-7.79071],[110.35328,-7.79403],[110.35211,-7.79982],[110.35199,-7.80034]]}},{"type":"Feature","properties":{"id":"jogja-668-4","kategori":"distribusi_utama","diameter":20,"material":"ACP","zona":"Bedog","tahun":null,"panjang_m":514},"geometry":{"type":"LineString","coordinates":[[110.35186,-7.80093],[110.35191,-7.80099],[110.3546,-7.80105],[110.35507,-7.80106],[110.3565,-7.80111]]}},{"type":"Feature","properties":{"id":"jogja-668-6","kategori":"distribusi_utama","diameter":12,"material":"ACP","zona":"Bedog","tahun":null,"panjang_m":171},"geometry":{"type":"LineString","coordinates":[[110.36945,-7.80146],[110.371,-7.80151]]}},{"type":"Feature","properties":{"id":"jogja-668-8","kategori":"distribusi_utama","diameter":8,"material":"PVC","zona":"Bedog","tahun":null,"panjang_m":1723},"geometry":{"type":"LineString","coordinates":[[110.38045,-7.80174],[110.38045,-7.80175],[110.38083,-7.80332],[110.38092,-7.80375],[110.38123,-7.80506],[110.38147,-7.80633],[110.38195,-7.8085],[110.38242,-7.81049],[110.38249,-7.81079],[110.38283,-7.81227],[110.38295,-7.81278],[110.38304,-7.8132],[110.3831,-7.81344],[110.38378,-7.81643],[110.38382,-7.81668],[110.38381,-7.81675],[110.3838,-7.81687]]}},{"type":"Feature","properties":{"id":"jogja-668-9","kategori":"distribusi_utama","diameter":12,"material":"ACP","zona":"Bedog","tahun":null,"panjang_m":1},"geometry":{"type":"LineString","coordinates":[[110.35187,-7.80083],[110.35188,-7.80083]]}},{"type":"Feature","properties":{"id":"jogja-668-51","kategori":"distribusi_utama","diameter":6,"material":"PVC","zona":"Bedog","tahun":null,"panjang_m":12},"geometry":{"type":"LineString","coordinates":[[110.38045,-7.80174],[110.38046,-7.80173],[110.38049,-7.80173],[110.38053,-7.80173],[110.38055,-7.80174]]}},{"type":"Feature","properties":{"id":"jogja-668-53","kategori":"distribusi_utama","diameter":6,"material":"ACP","zona":"Bedog","tahun":null,"panjang_m":2},"geometry":{"type":"LineString","coordinates":[[110.38055,-7.80174],[110.38055,-7.80175],[110.38056,-7.80175]]}},{"type":"Feature","properties":{"id":"jogja-668-54","kategori":"distribusi_utama","diameter":6,"material":"ACP","zona":"Bedog","tahun":null,"panjang_m":177},"geometry":{"type":"LineString","coordinates":[[110.39657,-7.80224],[110.39672,-7.80224],[110.39678,-7.80218],[110.39688,-7.80219],[110.39735,-7.80227],[110.39779,-7.80228],[110.3978,-7.80226],[110.39813,-7.80227]]}},{"type":"Feature","properties":{"id":"jogja-668-66","kategori":"distribusi_utama","diameter":8,"material":"ACP","zona":"Bedog","tahun":null,"panjang_m":1},"geometry":{"type":"LineString","coordinates":[[110.38381,-7.81675],[110.38382,-7.81675]]}},{"type":"Feature","properties":{"id":"jogja-668-75","kategori":"distribusi_utama","diameter":12,"material":"ACP","zona":"Bedog","tahun":null,"panjang_m":15},"geometry":{"type":"LineString","coordinates":[[110.37873,-7.8017],[110.37872,-7.80176],[110.37871,-7.80183],[110.37872,-7.80183]]}},{"type":"Feature","properties":{"id":"jogja-668-1091","kategori":"distribusi_utama","diameter":8,"material":"ACP","zona":"Bedog","tahun":null,"panjang_m":1},"geometry":{"type":"LineString","coordinates":[[110.36447,-7.80132],[110.36447,-7.80133]]}},{"type":"Feature","properties":{"id":"jogja-668-1360","kategori":"distribusi_utama","diameter":8,"material":"ACP","zona":"Bedog","tahun":null,"panjang_m":615},"geometry":{"type":"LineString","coordinates":[[110.36899,-7.80919],[110.36863,-7.81456],[110.36863,-7.81457],[110.3687,-7.8147]]}},{"type":"Feature","properties":{"id":"jogja-668-1523","kategori":"distribusi_utama","diameter":12,"material":"ACP","zona":"Bedog","tahun":null,"panjang_m":0},"geometry":{"type":"LineString","coordinates":[[110.36923,-7.80181],[110.36924,-7.80181]]}},{"type":"Feature","properties":{"id":"jogja-668-1524","kategori":"distribusi_utama","diameter":8,"material":"ACP","zona":"Bedog","tahun":null,"panjang_m":45},"geometry":{"type":"LineString","coordinates":[[110.36945,-7.80147],[110.36945,-7.80148],[110.3694,-7.80156],[110.36932,-7.80167],[110.36931,-7.80181],[110.36931,-7.80183]]}},{"type":"Feature","properties":{"id":"jogja-668-1525","kategori":"distribusi_utama","diameter":8,"material":"ACP","zona":"Bedog","tahun":null,"panjang_m":1},"geometry":{"type":"LineString","coordinates":[[110.36923,-7.80167],[110.36924,-7.80167]]}},{"type":"Feature","properties":{"id":"jogja-668-2100","kategori":"distribusi_utama","diameter":16,"material":"ACP","zona":"Bedog","tahun":null,"panjang_m":0},"geometry":{"type":"LineString","coordinates":[[110.34537,-7.76249],[110.34537,-7.7625]]}},{"type":"Feature","properties":{"id":"jogja-668-2101","kategori":"distribusi_utama","diameter":16,"material":"ACP","zona":"Bedog","tahun":null,"panjang_m":3},"geometry":{"type":"LineString","coordinates":[[110.34536,-7.76252],[110.34539,-7.76252]]}},{"type":"Feature","properties":{"id":"jogja-668-2102","kategori":"distribusi_utama","diameter":16,"material":"ACP","zona":"Bedog","tahun":null,"panjang_m":3},"geometry":{"type":"LineString","coordinates":[[110.34537,-7.7625],[110.34536,-7.76252]]}},{"type":"Feature","properties":{"id":"jogja-668-2103","kategori":"distribusi_utama","diameter":16,"material":"ACP","zona":"Bedog","tahun":null,"panjang_m":870},"geometry":{"type":"LineString","coordinates":[[110.3565,-7.80111],[110.3565,-7.80111],[110.35652,-7.80111],[110.35935,-7.80116],[110.36101,-7.80122],[110.36149,-7.80123],[110.36192,-7.80125],[110.3644,-7.80132]]}},{"type":"Feature","properties":{"id":"jogja-668-2111","kategori":"distribusi_utama","diameter":16,"material":"ACP","zona":"Bedog","tahun":null,"panjang_m":565},"geometry":{"type":"LineString","coordinates":[[110.3644,-7.80132],[110.36447,-7.80132],[110.36455,-7.80133],[110.36474,-7.80122],[110.36486,-7.80123],[110.365,-7.80136],[110.36813,-7.80146],[110.36831,-7.80146],[110.3687,-7.80146],[110.36945,-7.80146],[110.36945,-7.80146]]}},{"type":"Feature","properties":{"id":"jogja-668-2112","kategori":"distribusi_utama","diameter":8,"material":"ACP","zona":"Bedog","tahun":null,"panjang_m":38},"geometry":{"type":"LineString","coordinates":[[110.36447,-7.80133],[110.36447,-7.80134],[110.36447,-7.80134],[110.36447,-7.80134],[110.36447,-7.80134],[110.36447,-7.80134],[110.36447,-7.80134],[110.36447,-7.80134],[110.36447,-7.80135],[110.36447,-7.80135],[110.36447,-7.80135],[110.36447,-7.80135],[110.36447,-7.80135],[110.36447,-7.80135],[110.36447,-7.80135],[110.36447,-7.80135],[110.36447,-7.80135],[110.36447,-7.80135],[110.36447,-7.80135],[110.36447,-7.80135],[110.36447,-7.80135],[110.36447,-7.80135],[110.36447,-7.80135],[110.36447,-7.80136],[110.36447,-7.80136],[110.36446,-7.80138],[110.36452,-7.80138],[110.36451,-7.80141],[110.36472,-7.80142]]}},{"type":"Feature","properties":{"id":"jogja-668-2115","kategori":"distribusi_utama","diameter":12,"material":"ACP","zona":"Bedog","tahun":null,"panjang_m":331},"geometry":{"type":"LineString","coordinates":[[110.35061,-7.80784],[110.35356,-7.80824],[110.35356,-7.80823],[110.35359,-7.80824]]}},{"type":"Feature","properties":{"id":"jogja-668-2153","kategori":"distribusi_utama","diameter":16,"material":"PVC","zona":"Bedog","tahun":null,"panjang_m":68},"geometry":{"type":"LineString","coordinates":[[110.36443,-7.80137],[110.36473,-7.80139],[110.36505,-7.80141]]}},{"type":"Feature","properties":{"id":"jogja-668-2156","kategori":"distribusi_utama","diameter":8,"material":"PVC","zona":"Bedog","tahun":null,"panjang_m":37},"geometry":{"type":"LineString","coordinates":[[110.36473,-7.80139],[110.36469,-7.80172]]}},{"type":"Feature","properties":{"id":"jogja-668-2172","kategori":"distribusi_utama","diameter":12,"material":"ACP","zona":"Bedog","tahun":null,"panjang_m":300},"geometry":{"type":"LineString","coordinates":[[110.35187,-7.80083],[110.35186,-7.80083],[110.35183,-7.80097],[110.35182,-7.80102],[110.35181,-7.80106],[110.3518,-7.8011],[110.35157,-7.80229],[110.35135,-7.80335],[110.35133,-7.80345],[110.35133,-7.80345]]}},{"type":"Feature","properties":{"id":"jogja-668-2185","kategori":"distribusi_utama","diameter":12,"material":"ACP","zona":"Bedog","tahun":null,"panjang_m":36},"geometry":{"type":"LineString","coordinates":[[110.36931,-7.80149],[110.36931,-7.80167],[110.36931,-7.80181]]}},{"type":"Feature","properties":{"id":"jogja-668-2187","kategori":"distribusi_utama","diameter":12,"material":"ACP","zona":"Bedog","tahun":null,"panjang_m":9},"geometry":{"type":"LineString","coordinates":[[110.36924,-7.80181],[110.36931,-7.80181],[110.36931,-7.80181]]}},{"type":"Feature","properties":{"id":"jogja-668-2188","kategori":"distribusi_utama","diameter":12,"material":"ACP","zona":"Bedog","tahun":null,"panjang_m":0},"geometry":{"type":"LineString","coordinates":[[110.36945,-7.80146],[110.36945,-7.80147]]}},{"type":"Feature","properties":{"id":"jogja-668-2189","kategori":"distribusi_utama","diameter":8,"material":"ACP","zona":"Bedog","tahun":null,"panjang_m":8},"geometry":{"type":"LineString","coordinates":[[110.36924,-7.80167],[110.36931,-7.80167]]}},{"type":"Feature","properties":{"id":"jogja-668-2191","kategori":"distribusi_utama","diameter":10,"material":"ACP","zona":"Bedog","tahun":null,"panjang_m":191},"geometry":{"type":"LineString","coordinates":[[110.37873,-7.8017],[110.38045,-7.80174],[110.38045,-7.80174],[110.38046,-7.80174]]}},{"type":"Feature","properties":{"id":"jogja-668-2193","kategori":"distribusi_utama","diameter":6,"material":"ACP","zona":"Bedog","tahun":null,"panjang_m":740},"geometry":{"type":"LineString","coordinates":[[110.38056,-7.80175],[110.38072,-7.80175],[110.38072,-7.80184],[110.38112,-7.80185],[110.38455,-7.80193],[110.38582,-7.80197],[110.38611,-7.80197],[110.38719,-7.802],[110.38719,-7.802]]}},{"type":"Feature","properties":{"id":"jogja-668-2213","kategori":"distribusi_utama","diameter":8,"material":"ACP","zona":"Bedog","tahun":null,"panjang_m":830},"geometry":{"type":"LineString","coordinates":[[110.36931,-7.80183],[110.36931,-7.80184],[110.36933,-7.80186],[110.36927,-7.8034],[110.36932,-7.80357],[110.36938,-7.80372],[110.36945,-7.80386],[110.36942,-7.80389],[110.36942,-7.80389],[110.36941,-7.80389],[110.36941,-7.80389],[110.36941,-7.80389],[110.36941,-7.80389],[110.36941,-7.80389],[110.36941,-7.80389],[110.36941,-7.80389],[110.36941,-7.80389],[110.36941,-7.80389],[110.36941,-7.80389],[110.36941,-7.80389],[110.36941,-7.80389],[110.36941,-7.80389],[110.36941,-7.80389],[110.36941,-7.80389],[110.36941,-7.80389],[110.36941,-7.80389],[110.36941,-7.80389],[110.36941,-7.80389],[110.36941,-7.80389],[110.36941,-7.80389],[110.36938,-7.80393],[110.36938,-7.804],[110.36931,-7.80489],[110.36915,-7.80707],[110.36899,-7.80918],[110.36899,-7.80919]]}},{"type":"Feature","properties":{"id":"jogja-668-2256","kategori":"distribusi_utama","diameter":8,"material":"PVC","zona":"Bedog","tahun":null,"panjang_m":0},"geometry":{"type":"LineString","coordinates":[[110.3838,-7.81687],[110.3838,-7.81687]]}},{"type":"Feature","properties":{"id":"jogja-668-2261","kategori":"distribusi_utama","diameter":6,"material":"ACP","zona":"Bedog","tahun":null,"panjang_m":881},"geometry":{"type":"LineString","coordinates":[[110.38719,-7.802],[110.38806,-7.80203],[110.38907,-7.80206],[110.3899,-7.80208],[110.39065,-7.8021],[110.39067,-7.8021],[110.39067,-7.80215],[110.3907,-7.80215],[110.3907,-7.80212],[110.39072,-7.8021],[110.39187,-7.80214],[110.39289,-7.80216],[110.39356,-7.80217],[110.3943,-7.80218],[110.39459,-7.80219],[110.3951,-7.8022],[110.39511,-7.8022]]}},{"type":"Feature","properties":{"id":"jogja-668-2324","kategori":"distribusi_utama","diameter":24,"material":"ACP","zona":"Bedog","tahun":null,"panjang_m":35},"geometry":{"type":"LineString","coordinates":[[110.35252,-7.78164],[110.35256,-7.78165],[110.35275,-7.78185]]}},{"type":"Feature","properties":{"id":"jogja-668-2335","kategori":"distribusi_utama","diameter":6,"material":"ACP","zona":"Bedog","tahun":null,"panjang_m":160},"geometry":{"type":"LineString","coordinates":[[110.39511,-7.8022],[110.39656,-7.80224]]}},{"type":"Feature","properties":{"id":"jogja-668-2553","kategori":"distribusi_utama","diameter":8,"material":"PVC","zona":"Bedog","tahun":null,"panjang_m":11},"geometry":{"type":"LineString","coordinates":[[110.36469,-7.80173],[110.36468,-7.80182]]}},{"type":"Feature","properties":{"id":"jogja-668-2560","kategori":"distribusi_utama","diameter":24,"material":"ACP","zona":"Bedog","tahun":null,"panjang_m":8},"geometry":{"type":"LineString","coordinates":[[110.35187,-7.80086],[110.35186,-7.80093]]}},{"type":"Feature","properties":{"id":"jogja-668-2561","kategori":"distribusi_utama","diameter":24,"material":"ACP","zona":"Bedog","tahun":null,"panjang_m":60},"geometry":{"type":"LineString","coordinates":[[110.35199,-7.80034],[110.35199,-7.80034],[110.35188,-7.80083],[110.35187,-7.80086]]}},{"type":"Feature","properties":{"id":"jogja-668-2570","kategori":"distribusi_utama","diameter":8,"material":"PVC","zona":"Bedog","tahun":null,"panjang_m":1},"geometry":{"type":"LineString","coordinates":[[110.36468,-7.80172],[110.36469,-7.80173],[110.36469,-7.80172]]}},{"type":"Feature","properties":{"id":"jogja-668-2627","kategori":"distribusi_utama","diameter":20,"material":"HDPE","zona":"Bedog","tahun":null,"panjang_m":0},"geometry":{"type":"LineString","coordinates":[[110.35198,-7.80034],[110.35199,-7.80034]]}},{"type":"Feature","properties":{"id":"jogja-668-2641","kategori":"distribusi_utama","diameter":20,"material":"HDPE","zona":"Bedog","tahun":null,"panjang_m":4},"geometry":{"type":"LineString","coordinates":[[110.35195,-7.80034],[110.35198,-7.80034]]}},{"type":"Feature","properties":{"id":"jogja-668-2642","kategori":"distribusi_utama","diameter":16,"material":"HDPE","zona":"Bedog","tahun":null,"panjang_m":360},"geometry":{"type":"LineString","coordinates":[[110.36505,-7.80141],[110.36508,-7.8014],[110.36711,-7.80147],[110.36831,-7.80152],[110.36831,-7.80152]]}},{"type":"Feature","properties":{"id":"jogja-668-2645","kategori":"distribusi_utama","diameter":12,"material":"GS","zona":"Bedog","tahun":null,"panjang_m":3},"geometry":{"type":"LineString","coordinates":[[110.3694,-7.80156],[110.3694,-7.80156],[110.36942,-7.80156],[110.36942,-7.80155]]}},{"type":"Feature","properties":{"id":"jogja-668-2646","kategori":"distribusi_utama","diameter":12,"material":"GS","zona":"Bedog","tahun":null,"panjang_m":0},"geometry":{"type":"LineString","coordinates":[[110.3694,-7.80156],[110.3694,-7.80156]]}},{"type":"Feature","properties":{"id":"jogja-668-2647","kategori":"distribusi_utama","diameter":16,"material":"HDPE","zona":"Bedog","tahun":null,"panjang_m":178},"geometry":{"type":"LineString","coordinates":[[110.36942,-7.80155],[110.37097,-7.80157],[110.371,-7.80153],[110.371,-7.80152]]}},{"type":"Feature","properties":{"id":"jogja-668-2650","kategori":"distribusi_utama","diameter":20,"material":"GS","zona":"Bedog","tahun":null,"panjang_m":56},"geometry":{"type":"LineString","coordinates":[[110.35458,-7.80107],[110.35466,-7.801],[110.35468,-7.80098],[110.35491,-7.80099],[110.35502,-7.80109]]}},{"type":"Feature","properties":{"id":"jogja-668-2651","kategori":"distribusi_utama","diameter":20,"material":"HDPE","zona":"Bedog","tahun":null,"panjang_m":169},"geometry":{"type":"LineString","coordinates":[[110.35502,-7.80109],[110.35586,-7.80113],[110.35654,-7.80114],[110.35655,-7.80114],[110.35655,-7.80114]]}},{"type":"Feature","properties":{"id":"jogja-668-2658","kategori":"distribusi_utama","diameter":16,"material":"HDPE","zona":"Bedog","tahun":null,"panjang_m":123},"geometry":{"type":"LineString","coordinates":[[110.36831,-7.80152],[110.36909,-7.80155],[110.36942,-7.80155],[110.36942,-7.80155]]}},{"type":"Feature","properties":{"id":"jogja-668-2664","kategori":"distribusi_utama","diameter":20,"material":"HDPE","zona":"Bedog","tahun":null,"panjang_m":306},"geometry":{"type":"LineString","coordinates":[[110.35655,-7.80114],[110.35801,-7.80117],[110.35932,-7.8012],[110.35933,-7.8012]]}},{"type":"Feature","properties":{"id":"jogja-668-2665","kategori":"distribusi_utama","diameter":20,"material":"HDPE","zona":"Bedog","tahun":null,"panjang_m":185},"geometry":{"type":"LineString","coordinates":[[110.35933,-7.8012],[110.361,-7.80125],[110.361,-7.80125]]}},{"type":"Feature","properties":{"id":"jogja-668-2666","kategori":"distribusi_utama","diameter":20,"material":"HDPE","zona":"Bedog","tahun":null,"panjang_m":44},"geometry":{"type":"LineString","coordinates":[[110.36149,-7.80127],[110.36188,-7.80128],[110.36188,-7.80128]]}},{"type":"Feature","properties":{"id":"jogja-668-2667","kategori":"distribusi_utama","diameter":20,"material":"HDPE","zona":"Bedog","tahun":null,"panjang_m":281},"geometry":{"type":"LineString","coordinates":[[110.36188,-7.80128],[110.36443,-7.80137]]}},{"type":"Feature","properties":{"id":"jogja-668-2668","kategori":"distribusi_utama","diameter":12,"material":"ACP","zona":"Bedog","tahun":null,"panjang_m":854},"geometry":{"type":"LineString","coordinates":[[110.371,-7.80151],[110.371,-7.80151],[110.37104,-7.80151],[110.37108,-7.80149],[110.37142,-7.80149],[110.37147,-7.80152],[110.37873,-7.8017],[110.37873,-7.8017]]}},{"type":"Feature","properties":{"id":"jogja-668-2669","kategori":"distribusi_utama","diameter":16,"material":"HDPE","zona":"Bedog","tahun":null,"panjang_m":0},"geometry":{"type":"LineString","coordinates":[[110.371,-7.80151],[110.371,-7.80152]]}},{"type":"Feature","properties":{"id":"jogja-668-2671","kategori":"distribusi_utama","diameter":12,"material":"ACP","zona":"Bedog","tahun":null,"panjang_m":515},"geometry":{"type":"LineString","coordinates":[[110.35133,-7.80345],[110.35111,-7.80449],[110.3509,-7.80552],[110.35066,-7.80664],[110.35048,-7.80757],[110.35043,-7.80781],[110.3506,-7.80784],[110.35061,-7.80784]]}},{"type":"Feature","properties":{"id":"jogja-668-2716","kategori":"distribusi_utama","diameter":20,"material":"HDPE","zona":"Bedog","tahun":null,"panjang_m":53},"geometry":{"type":"LineString","coordinates":[[110.361,-7.80125],[110.36148,-7.80127],[110.36149,-7.80127]]}},{"type":"Feature","properties":{"id":"jogja-668-2734","kategori":"distribusi_utama","diameter":12,"material":"HDPE","zona":"Bedog","tahun":null,"panjang_m":1000},"geometry":{"type":"LineString","coordinates":[[110.37146,-7.8015],[110.3715,-7.80156],[110.37253,-7.80158],[110.37273,-7.80159],[110.37324,-7.80161],[110.37505,-7.80166],[110.37517,-7.80166],[110.37601,-7.80168],[110.37864,-7.80175],[110.38016,-7.80179],[110.38038,-7.80179],[110.38042,-7.80179],[110.38048,-7.80174]]}},{"type":"Feature","properties":{"id":"jogja-668-2735","kategori":"distribusi_utama","diameter":9,"material":"HDPE","zona":"Bedog","tahun":null,"panjang_m":5},"geometry":{"type":"LineString","coordinates":[[110.38038,-7.80179],[110.38038,-7.80184],[110.38038,-7.80184]]}},{"type":"Feature","properties":{"id":"jogja-668-2777","kategori":"distribusi_utama","diameter":6,"material":"ACP","zona":"Bedog","tahun":null,"panjang_m":219},"geometry":{"type":"LineString","coordinates":[[110.39815,-7.80227],[110.39835,-7.80228],[110.39917,-7.80232],[110.40014,-7.80233]]}},{"type":"Feature","properties":{"id":"jogja-668-2794","kategori":"distribusi_utama","diameter":8,"material":"GS","zona":"Bedog","tahun":null,"panjang_m":8},"geometry":{"type":"LineString","coordinates":[[110.38048,-7.80174],[110.38049,-7.80173],[110.38051,-7.80173],[110.38054,-7.80173],[110.38055,-7.80174]]}},{"type":"Feature","properties":{"id":"jogja-668-2795","kategori":"distribusi_utama","diameter":9,"material":"HDPE","zona":"Bedog","tahun":null,"panjang_m":1837},"geometry":{"type":"LineString","coordinates":[[110.38055,-7.80174],[110.38063,-7.8018],[110.38271,-7.80185],[110.38405,-7.80189],[110.38456,-7.8019],[110.38612,-7.80194],[110.38717,-7.80197],[110.38908,-7.80203],[110.38991,-7.80205],[110.39066,-7.80207],[110.39067,-7.80207],[110.39187,-7.8021],[110.39291,-7.80212],[110.39357,-7.80214],[110.39429,-7.80215],[110.39459,-7.80216],[110.39488,-7.80216],[110.39507,-7.80217],[110.39508,-7.80217],[110.39512,-7.80217],[110.39523,-7.80217],[110.39548,-7.80217],[110.39687,-7.8022],[110.39699,-7.80233],[110.39715,-7.80233]]}},{"type":"Feature","properties":{"id":"jogja-668-2804","kategori":"distribusi_utama","diameter":9,"material":"GS","zona":"Bedog","tahun":null,"panjang_m":115},"geometry":{"type":"LineString","coordinates":[[110.39715,-7.80233],[110.39715,-7.80233],[110.39718,-7.80237],[110.39737,-7.80239],[110.39782,-7.80241],[110.39785,-7.80241],[110.39809,-7.8024],[110.39816,-7.80238]]}},{"type":"Feature","properties":{"id":"jogja-668-2805","kategori":"distribusi_utama","diameter":9,"material":"HDPE","zona":"Bedog","tahun":null,"panjang_m":280},"geometry":{"type":"LineString","coordinates":[[110.39816,-7.80238],[110.39834,-7.80233],[110.39835,-7.80233],[110.39911,-7.80234],[110.39931,-7.8023],[110.40024,-7.80233],[110.40068,-7.80234],[110.40068,-7.80234],[110.40068,-7.80234]]}},{"type":"Feature","properties":{"id":"jogja-668-2823","kategori":"distribusi_utama","diameter":9,"material":"HDPE","zona":"Bedog","tahun":null,"panjang_m":10},"geometry":{"type":"LineString","coordinates":[[110.38038,-7.80184],[110.38047,-7.80184]]}},{"type":"Feature","properties":{"id":"jogja-668-2830","kategori":"distribusi_utama","diameter":6,"material":"ACP","zona":"Bedog","tahun":null,"panjang_m":60},"geometry":{"type":"LineString","coordinates":[[110.40014,-7.80233],[110.40023,-7.80234],[110.40024,-7.80234],[110.40026,-7.80234],[110.40068,-7.80235]]}},{"type":"Feature","properties":{"id":"jogja-668-2835","kategori":"distribusi_utama","diameter":6,"material":"HDPE","zona":"Bedog","tahun":null,"panjang_m":0},"geometry":{"type":"LineString","coordinates":[[110.40068,-7.80234],[110.40068,-7.80235]]}},{"type":"Feature","properties":{"id":"jogja-668-2836","kategori":"distribusi_utama","diameter":6,"material":"ACP","zona":"Bedog","tahun":null,"panjang_m":181},"geometry":{"type":"LineString","coordinates":[[110.40068,-7.80235],[110.40068,-7.80235],[110.40109,-7.80236],[110.40109,-7.80236],[110.40141,-7.80237],[110.40178,-7.80238],[110.40188,-7.8024],[110.40202,-7.80249],[110.40221,-7.80268]]}},{"type":"Feature","properties":{"id":"jogja-668-2837","kategori":"distribusi_utama","diameter":6,"material":"GS","zona":"Bedog","tahun":null,"panjang_m":0},"geometry":{"type":"LineString","coordinates":[[110.40068,-7.80235],[110.40068,-7.80235]]}},{"type":"Feature","properties":{"id":"jogja-668-2862","kategori":"distribusi_utama","diameter":10,"material":"CI","zona":"Padasan","tahun":null,"panjang_m":6253},"geometry":{"type":"LineString","coordinates":[[110.41195,-7.70544],[110.41206,-7.7055],[110.40781,-7.71287],[110.40669,-7.71485],[110.40438,-7.71887],[110.4032,-7.72085],[110.40225,-7.72252],[110.40118,-7.72438],[110.39995,-7.72648],[110.39904,-7.72805],[110.39844,-7.72907],[110.39762,-7.73053],[110.3971,-7.7314],[110.39649,-7.73247],[110.39531,-7.73454],[110.39258,-7.73919],[110.39133,-7.74129],[110.38983,-7.74379],[110.3888,-7.74561],[110.38464,-7.75269],[110.3838,-7.75412]]}},{"type":"Feature","properties":{"id":"jogja-668-2863","kategori":"distribusi_utama","diameter":8,"material":"ACP","zona":"Padasan","tahun":null,"panjang_m":1},"geometry":{"type":"LineString","coordinates":[[110.3837,-7.75415],[110.3837,-7.75416]]}},{"type":"Feature","properties":{"id":"jogja-668-3004","kategori":"distribusi_utama","diameter":10,"material":"CI","zona":"Padasan","tahun":null,"panjang_m":0},"geometry":{"type":"LineString","coordinates":[[110.3838,-7.75412],[110.3838,-7.75412]]}},{"type":"Feature","properties":{"id":"jogja-668-3030","kategori":"distribusi_utama","diameter":10,"material":"CI","zona":"Padasan","tahun":null,"panjang_m":14},"geometry":{"type":"LineString","coordinates":[[110.37045,-7.75608],[110.37045,-7.75621]]}},{"type":"Feature","properties":{"id":"jogja-668-3034","kategori":"distribusi_utama","diameter":8,"material":"ACP","zona":"Padasan","tahun":null,"panjang_m":171},"geometry":{"type":"LineString","coordinates":[[110.3837,-7.75416],[110.38299,-7.75536],[110.38298,-7.75539],[110.38294,-7.75539],[110.38291,-7.75547]]}},{"type":"Feature","properties":{"id":"jogja-668-3036","kategori":"distribusi_utama","diameter":10,"material":"CI","zona":"Padasan","tahun":null,"panjang_m":72},"geometry":{"type":"LineString","coordinates":[[110.3837,-7.75415],[110.38306,-7.7543]]}},{"type":"Feature","properties":{"id":"jogja-668-3037","kategori":"distribusi_utama","diameter":10,"material":"CI","zona":"Padasan","tahun":null,"panjang_m":11},"geometry":{"type":"LineString","coordinates":[[110.3838,-7.75412],[110.38371,-7.75415],[110.3837,-7.75415],[110.3837,-7.75415]]}},{"type":"Feature","properties":{"id":"jogja-668-3039","kategori":"distribusi_utama","diameter":8,"material":"ACP","zona":"Padasan","tahun":null,"panjang_m":12},"geometry":{"type":"LineString","coordinates":[[110.37232,-7.78275],[110.37229,-7.78286]]}},{"type":"Feature","properties":{"id":"jogja-668-3041","kategori":"distribusi_utama","diameter":10,"material":"PVC","zona":"Padasan","tahun":null,"panjang_m":490},"geometry":{"type":"LineString","coordinates":[[110.38306,-7.7543],[110.38305,-7.7543],[110.38302,-7.7543],[110.38295,-7.7543],[110.38195,-7.75355],[110.38165,-7.75336],[110.38118,-7.7531],[110.38107,-7.75329],[110.38143,-7.75349],[110.38172,-7.75365],[110.382,-7.75386],[110.38261,-7.75431],[110.38264,-7.75441],[110.38264,-7.75441]]}},{"type":"Feature","properties":{"id":"jogja-668-3042","kategori":"distribusi_utama","diameter":8,"material":"PVC","zona":"Padasan","tahun":null,"panjang_m":150},"geometry":{"type":"LineString","coordinates":[[110.38264,-7.75441],[110.38269,-7.7544],[110.3827,-7.75441],[110.38311,-7.7548],[110.38312,-7.75484],[110.38313,-7.75487],[110.38314,-7.7549],[110.38313,-7.75494],[110.38312,-7.75498],[110.38294,-7.7554],[110.38292,-7.75544],[110.38291,-7.75547],[110.3829,-7.75547],[110.38291,-7.75548]]}},{"type":"Feature","properties":{"id":"jogja-668-3043","kategori":"distribusi_utama","diameter":8,"material":"ACP","zona":"Padasan","tahun":null,"panjang_m":3264},"geometry":{"type":"LineString","coordinates":[[110.38291,-7.75547],[110.38291,-7.75548],[110.38276,-7.75581],[110.38249,-7.75632],[110.3823,-7.7567],[110.38228,-7.75677],[110.38177,-7.75803],[110.38157,-7.75849],[110.38156,-7.75852],[110.38123,-7.75932],[110.38079,-7.76038],[110.38065,-7.7607],[110.38036,-7.7614],[110.38011,-7.76203],[110.37995,-7.7624],[110.37994,-7.76242],[110.37994,-7.76243],[110.37941,-7.76372],[110.37914,-7.76435],[110.37913,-7.76438],[110.3786,-7.76571],[110.37852,-7.76573],[110.37847,-7.76584],[110.37852,-7.76592],[110.37807,-7.76703],[110.3776,-7.76816],[110.37661,-7.77054],[110.37553,-7.77314],[110.37522,-7.77387],[110.3749,-7.77473],[110.37469,-7.77522],[110.37433,-7.77608],[110.37432,-7.7761],[110.37396,-7.77696],[110.37372,-7.77754],[110.37342,-7.77825],[110.37339,-7.77836],[110.37327,-7.7788],[110.37327,-7.77881],[110.3732,-7.7791],[110.37306,-7.77966],[110.37294,-7.78009],[110.37294,-7.78009],[110.37283,-7.78052],[110.37277,-7.78073],[110.37269,-7.78103],[110.37257,-7.78166],[110.37254,-7.78178],[110.37241,-7.78236],[110.37238,-7.78251],[110.37232,-7.78275],[110.37232,-7.78275]]}},{"type":"Feature","properties":{"id":"jogja-668-3049","kategori":"distribusi_utama","diameter":8,"material":"ACP","zona":"Padasan","tahun":null,"panjang_m":5053},"geometry":{"type":"LineString","coordinates":[[110.39904,-7.72805],[110.4007,-7.72872],[110.40238,-7.72909],[110.40355,-7.7293],[110.40348,-7.73001],[110.40348,-7.73069],[110.40359,-7.73167],[110.40357,-7.73215],[110.40322,-7.73287],[110.40314,-7.73504],[110.40363,-7.73502],[110.404,-7.73494],[110.40423,-7.735],[110.40434,-7.73515],[110.40581,-7.73543],[110.40657,-7.73576],[110.40677,-7.73582],[110.40753,-7.73601],[110.40716,-7.73787],[110.40708,-7.73792],[110.40682,-7.73785],[110.40664,-7.73862],[110.40693,-7.73869],[110.40696,-7.73877],[110.407,-7.73897],[110.4071,-7.73914],[110.40721,-7.73944],[110.40734,-7.73965],[110.40752,-7.73987],[110.40841,-7.74019],[110.40832,-7.74061],[110.40781,-7.74226],[110.40749,-7.74329],[110.4073,-7.74384],[110.40664,-7.74508],[110.40666,-7.74523],[110.40612,-7.74971],[110.40907,-7.75035],[110.40976,-7.75067],[110.40912,-7.75319],[110.40855,-7.75455],[110.40778,-7.75659],[110.4072,-7.75934],[110.40689,-7.76029],[110.40793,-7.76062]]}},{"type":"Feature","properties":{"id":"jogja-668-3056","kategori":"distribusi_utama","diameter":12,"material":"CI","zona":"Padasan","tahun":null,"panjang_m":509},"geometry":{"type":"LineString","coordinates":[[110.37255,-7.78306],[110.37244,-7.78291],[110.37235,-7.78291],[110.37228,-7.78291],[110.37183,-7.7829],[110.37159,-7.78289],[110.37157,-7.78289],[110.37146,-7.78289],[110.37019,-7.78288],[110.36876,-7.78285],[110.36801,-7.78283]]}},{"type":"Feature","properties":{"id":"jogja-668-3077","kategori":"distribusi_utama","diameter":10,"material":"CI","zona":"Padasan","tahun":null,"panjang_m":44},"geometry":{"type":"LineString","coordinates":[[110.38304,-7.75431],[110.38265,-7.7544]]}},{"type":"Feature","properties":{"id":"jogja-668-3078","kategori":"distribusi_utama","diameter":10,"material":"CI","zona":"Padasan","tahun":null,"panjang_m":1443},"geometry":{"type":"LineString","coordinates":[[110.38264,-7.75441],[110.37749,-7.7557],[110.37567,-7.75604],[110.37224,-7.75668],[110.37213,-7.75668],[110.37149,-7.75627],[110.37075,-7.75625],[110.37053,-7.75621],[110.37049,-7.75621],[110.37045,-7.75621],[110.37006,-7.7562],[110.37007,-7.75606]]}},{"type":"Feature","properties":{"id":"jogja-668-3117","kategori":"distribusi_utama","diameter":8,"material":null,"zona":"Padasan","tahun":null,"panjang_m":1},"geometry":{"type":"LineString","coordinates":[[110.37232,-7.78275],[110.37232,-7.78275],[110.37232,-7.78275]]}},{"type":"Feature","properties":{"id":"jogja-668-3125","kategori":"distribusi_utama","diameter":20,"material":"ACP","zona":"Gemawang","tahun":null,"panjang_m":3032},"geometry":{"type":"LineString","coordinates":[[110.37029,-7.75607],[110.37029,-7.75611],[110.37028,-7.75625],[110.36988,-7.75624],[110.3697,-7.7582],[110.36943,-7.76092],[110.36939,-7.7619],[110.36939,-7.76222],[110.36928,-7.76349],[110.3692,-7.76448],[110.36911,-7.76527],[110.36915,-7.76595],[110.36913,-7.76637],[110.36892,-7.768],[110.3687,-7.76933],[110.36828,-7.77236],[110.36827,-7.77252],[110.36822,-7.77321],[110.36811,-7.77437],[110.36802,-7.77545],[110.36792,-7.77642],[110.36769,-7.77819],[110.36716,-7.78218],[110.3671,-7.78276]]}},{"type":"Feature","properties":{"id":"jogja-668-3283","kategori":"distribusi_utama","diameter":8,"material":"CI","zona":"Gemawang","tahun":null,"panjang_m":31},"geometry":{"type":"LineString","coordinates":[[110.37024,-7.75606],[110.37024,-7.75605],[110.37017,-7.75605],[110.37016,-7.75626]]}},{"type":"Feature","properties":{"id":"jogja-668-3332","kategori":"distribusi_utama","diameter":10,"material":"CI","zona":"Gemawang","tahun":null,"panjang_m":18},"geometry":{"type":"LineString","coordinates":[[110.36613,-7.78987],[110.36611,-7.79004]]}},{"type":"Feature","properties":{"id":"jogja-668-3334","kategori":"distribusi_utama","diameter":12,"material":"ACP","zona":"Gemawang","tahun":null,"panjang_m":830},"geometry":{"type":"LineString","coordinates":[[110.36757,-7.78972],[110.36758,-7.78972],[110.36758,-7.79031],[110.36759,-7.79046],[110.36758,-7.79061],[110.36763,-7.79066],[110.36768,-7.79071],[110.36768,-7.79072],[110.36765,-7.7923],[110.36771,-7.79355],[110.36779,-7.79376],[110.36784,-7.79383],[110.3679,-7.79391],[110.3682,-7.79424],[110.36896,-7.79465],[110.36896,-7.79468],[110.36901,-7.79493],[110.36911,-7.79544],[110.36908,-7.79601],[110.36906,-7.79652]]}},{"type":"Feature","properties":{"id":"jogja-668-3710","kategori":"distribusi_utama","diameter":8,"material":"CI","zona":"Gemawang","tahun":null,"panjang_m":389},"geometry":{"type":"LineString","coordinates":[[110.35648,-7.79761],[110.35648,-7.79763],[110.35646,-7.79795],[110.35643,-7.79832],[110.35638,-7.79911],[110.35638,-7.79912],[110.35636,-7.79935],[110.35634,-7.79962],[110.35634,-7.79963],[110.35633,-7.79973],[110.35623,-7.80103],[110.35623,-7.8011]]}},{"type":"Feature","properties":{"id":"jogja-668-3807","kategori":"distribusi_utama","diameter":14,"material":"CI","zona":"Gemawang","tahun":null,"panjang_m":1},"geometry":{"type":"LineString","coordinates":[[110.36706,-7.78279],[110.36706,-7.7828]]}},{"type":"Feature","properties":{"id":"jogja-668-3871","kategori":"distribusi_utama","diameter":10,"material":"CI","zona":"Gemawang","tahun":null,"panjang_m":1},"geometry":{"type":"LineString","coordinates":[[110.36087,-7.78282],[110.36086,-7.78282]]}},{"type":"Feature","properties":{"id":"jogja-668-3875","kategori":"distribusi_utama","diameter":12,"material":"CI","zona":"Gemawang","tahun":null,"panjang_m":2},"geometry":{"type":"LineString","coordinates":[[110.36104,-7.77866],[110.36101,-7.77866]]}},{"type":"Feature","properties":{"id":"jogja-668-3923","kategori":"distribusi_utama","diameter":10,"material":"CI","zona":"Gemawang","tahun":null,"panjang_m":1},"geometry":{"type":"LineString","coordinates":[[110.36086,-7.78282],[110.36084,-7.78282]]}},{"type":"Feature","properties":{"id":"jogja-668-4039","kategori":"distribusi_utama","diameter":12,"material":"CI","zona":"Gemawang","tahun":null,"panjang_m":2},"geometry":{"type":"LineString","coordinates":[[110.36762,-7.77818],[110.36761,-7.77818]]}},{"type":"Feature","properties":{"id":"jogja-668-4090","kategori":"distribusi_utama","diameter":12,"material":"CI","zona":"Gemawang","tahun":null,"panjang_m":75},"geometry":{"type":"LineString","coordinates":[[110.36706,-7.7828],[110.367,-7.78297],[110.36699,-7.78299],[110.36698,-7.78312],[110.36698,-7.78314],[110.36694,-7.78346]]}},{"type":"Feature","properties":{"id":"jogja-668-4091","kategori":"distribusi_utama","diameter":12,"material":"ACP","zona":"Gemawang","tahun":null,"panjang_m":1},"geometry":{"type":"LineString","coordinates":[[110.36707,-7.78276],[110.36706,-7.78276]]}},{"type":"Feature","properties":{"id":"jogja-668-4092","kategori":"distribusi_utama","diameter":12,"material":"ACP","zona":"Gemawang","tahun":null,"panjang_m":1},"geometry":{"type":"LineString","coordinates":[[110.36706,-7.7828],[110.36706,-7.7828]]}},{"type":"Feature","properties":{"id":"jogja-668-4128","kategori":"distribusi_utama","diameter":12,"material":"ACP","zona":"Gemawang","tahun":null,"panjang_m":2},"geometry":{"type":"LineString","coordinates":[[110.36931,-7.80147],[110.36931,-7.80149]]}},{"type":"Feature","properties":{"id":"jogja-668-4129","kategori":"distribusi_utama","diameter":12,"material":"ACP","zona":"Gemawang","tahun":null,"panjang_m":2},"geometry":{"type":"LineString","coordinates":[[110.36931,-7.80146],[110.36931,-7.80146],[110.36931,-7.80146],[110.36931,-7.80146],[110.36931,-7.80146],[110.36931,-7.80146],[110.36931,-7.80146],[110.36931,-7.80146],[110.36931,-7.80147],[110.36931,-7.80147],[110.36931,-7.80147],[110.36931,-7.80147],[110.36931,-7.80147],[110.36931,-7.80147],[110.36931,-7.80147],[110.36931,-7.80147],[110.36931,-7.80147],[110.36931,-7.80147],[110.36931,-7.80147],[110.36931,-7.80147],[110.36931,-7.80147]]}},{"type":"Feature","properties":{"id":"jogja-668-4153","kategori":"distribusi_utama","diameter":20,"material":"CI","zona":"Gemawang","tahun":null,"panjang_m":1770},"geometry":{"type":"LineString","coordinates":[[110.37024,-7.75607],[110.37024,-7.75611],[110.37024,-7.75619],[110.37024,-7.75624],[110.36983,-7.75623],[110.36965,-7.75818],[110.36943,-7.76044],[110.36939,-7.76092],[110.36935,-7.76191],[110.36934,-7.76222],[110.36924,-7.76349],[110.36915,-7.76449],[110.36907,-7.76526],[110.36911,-7.76597],[110.36909,-7.76635],[110.36906,-7.7666],[110.36898,-7.76739],[110.36897,-7.76747],[110.36887,-7.76811],[110.36869,-7.76931],[110.36867,-7.7694],[110.36857,-7.77017],[110.36845,-7.771],[110.3684,-7.77136],[110.3684,-7.77138],[110.36838,-7.77149]]}},{"type":"Feature","properties":{"id":"jogja-668-4154","kategori":"distribusi_utama","diameter":18,"material":"CI","zona":"Gemawang","tahun":null,"panjang_m":751},"geometry":{"type":"LineString","coordinates":[[110.36838,-7.77149],[110.36823,-7.77268],[110.36823,-7.77268],[110.36819,-7.7732],[110.36819,-7.77325],[110.36819,-7.77336],[110.36817,-7.7736],[110.36815,-7.77372],[110.36813,-7.77396],[110.36803,-7.77506],[110.36797,-7.77567],[110.36792,-7.77613],[110.36792,-7.77614],[110.36766,-7.77795],[110.36763,-7.77813],[110.36762,-7.77818],[110.36762,-7.7782]]}},{"type":"Feature","properties":{"id":"jogja-668-4177","kategori":"distribusi_utama","diameter":8,"material":"CI","zona":"Gemawang","tahun":null,"panjang_m":1},"geometry":{"type":"LineString","coordinates":[[110.36841,-7.77138],[110.3684,-7.77138]]}},{"type":"Feature","properties":{"id":"jogja-668-4178","kategori":"distribusi_utama","diameter":8,"material":"CI","zona":"Gemawang","tahun":null,"panjang_m":3},"geometry":{"type":"LineString","coordinates":[[110.36845,-7.77138],[110.36847,-7.7714]]}},{"type":"Feature","properties":{"id":"jogja-668-4180","kategori":"distribusi_utama","diameter":8,"material":"CI","zona":"Gemawang","tahun":null,"panjang_m":3},"geometry":{"type":"LineString","coordinates":[[110.36845,-7.77138],[110.36842,-7.77138]]}},{"type":"Feature","properties":{"id":"jogja-668-4181","kategori":"distribusi_utama","diameter":8,"material":"CI","zona":"Gemawang","tahun":null,"panjang_m":2},"geometry":{"type":"LineString","coordinates":[[110.36842,-7.77138],[110.36842,-7.77138],[110.36842,-7.77138],[110.36842,-7.77138],[110.36842,-7.77138],[110.36842,-7.77138],[110.36842,-7.77138],[110.36842,-7.77137],[110.36842,-7.77137],[110.36842,-7.77137],[110.36842,-7.77137],[110.36842,-7.77137],[110.36842,-7.77137],[110.36842,-7.77137],[110.36842,-7.77137],[110.36841,-7.77137],[110.36841,-7.77137],[110.36841,-7.77137],[110.36841,-7.77137],[110.36841,-7.77138],[110.36841,-7.77138],[110.36841,-7.77138],[110.36841,-7.77138]]}},{"type":"Feature","properties":{"id":"jogja-668-4189","kategori":"distribusi_utama","diameter":8,"material":"ACP","zona":"Gemawang","tahun":null,"panjang_m":4},"geometry":{"type":"LineString","coordinates":[[110.36967,-7.75834],[110.36964,-7.75834]]}},{"type":"Feature","properties":{"id":"jogja-668-4190","kategori":"distribusi_utama","diameter":8,"material":"ACP","zona":"Gemawang","tahun":null,"panjang_m":602},"geometry":{"type":"LineString","coordinates":[[110.36962,-7.75834],[110.36962,-7.75833],[110.36905,-7.75874],[110.36893,-7.75882],[110.36882,-7.75893],[110.36859,-7.76013],[110.36835,-7.76157],[110.36835,-7.76157],[110.36835,-7.76158],[110.36833,-7.76169],[110.36828,-7.76188],[110.36824,-7.76202],[110.36824,-7.76203],[110.36824,-7.76204],[110.36698,-7.76202]]}},{"type":"Feature","properties":{"id":"jogja-668-4191","kategori":"distribusi_utama","diameter":8,"material":"ACP","zona":"Gemawang","tahun":null,"panjang_m":2},"geometry":{"type":"LineString","coordinates":[[110.36969,-7.75834],[110.36969,-7.75834],[110.36969,-7.75834],[110.36969,-7.75834],[110.36969,-7.75834],[110.36968,-7.75834],[110.36968,-7.75834],[110.36968,-7.75834],[110.36968,-7.75834],[110.36968,-7.75834],[110.36968,-7.75834],[110.36968,-7.75834],[110.36968,-7.75834],[110.36968,-7.75834],[110.36968,-7.75834],[110.36968,-7.75834],[110.36968,-7.75834],[110.36967,-7.75834],[110.36967,-7.75834]]}},{"type":"Feature","properties":{"id":"jogja-668-4192","kategori":"distribusi_utama","diameter":8,"material":"ACP","zona":"Gemawang","tahun":null,"panjang_m":3},"geometry":{"type":"LineString","coordinates":[[110.36964,-7.75834],[110.36964,-7.75834],[110.36964,-7.75834],[110.36964,-7.75834],[110.36964,-7.75834],[110.36964,-7.75833],[110.36964,-7.75833],[110.36964,-7.75833],[110.36964,-7.75833],[110.36964,-7.75833],[110.36964,-7.75833],[110.36963,-7.75833],[110.36963,-7.75833],[110.36963,-7.75833],[110.36963,-7.75833],[110.36963,-7.75833],[110.36963,-7.75833],[110.36963,-7.75833],[110.36963,-7.75833],[110.36963,-7.75833],[110.36963,-7.75833],[110.36963,-7.75833],[110.36963,-7.75833],[110.36962,-7.75834],[110.36962,-7.75834],[110.36962,-7.75834]]}},{"type":"Feature","properties":{"id":"jogja-668-4268","kategori":"distribusi_utama","diameter":8,"material":"CI","zona":"Gemawang","tahun":null,"panjang_m":1},"geometry":{"type":"LineString","coordinates":[[110.35698,-7.792],[110.35698,-7.792]]}},{"type":"Feature","properties":{"id":"jogja-668-4353","kategori":"distribusi_utama","diameter":10,"material":"CI","zona":"Gemawang","tahun":null,"panjang_m":23},"geometry":{"type":"LineString","coordinates":[[110.35848,-7.78338],[110.35851,-7.78359]]}},{"type":"Feature","properties":{"id":"jogja-668-4655","kategori":"distribusi_utama","diameter":8,"material":"CI","zona":"Gemawang","tahun":null,"panjang_m":1},"geometry":{"type":"LineString","coordinates":[[110.35748,-7.79137],[110.35748,-7.79138]]}},{"type":"Feature","properties":{"id":"jogja-668-4690","kategori":"distribusi_utama","diameter":12,"material":"CI","zona":"Gemawang","tahun":null,"panjang_m":173},"geometry":{"type":"LineString","coordinates":[[110.36105,-7.77824],[110.36104,-7.77866],[110.36102,-7.77919],[110.36101,-7.77952],[110.361,-7.7798]]}},{"type":"Feature","properties":{"id":"jogja-668-4704","kategori":"distribusi_utama","diameter":12,"material":"ACP","zona":"Gemawang","tahun":null,"panjang_m":562},"geometry":{"type":"LineString","coordinates":[[110.36906,-7.79652],[110.36906,-7.79659],[110.36909,-7.79662],[110.36932,-7.79685],[110.36936,-7.79699],[110.36936,-7.797],[110.36938,-7.79725],[110.36939,-7.79764],[110.36939,-7.79789],[110.36941,-7.7988],[110.36939,-7.79913],[110.36937,-7.79956],[110.36937,-7.79956],[110.36937,-7.79957],[110.36935,-7.80008],[110.36934,-7.8005],[110.36931,-7.80146]]}},{"type":"Feature","properties":{"id":"jogja-668-4714","kategori":"distribusi_utama","diameter":20,"material":"ACP","zona":"Gemawang","tahun":null,"panjang_m":5},"geometry":{"type":"LineString","coordinates":[[110.37029,-7.75611],[110.37024,-7.75611]]}},{"type":"Feature","properties":{"id":"jogja-668-4715","kategori":"distribusi_utama","diameter":12,"material":"ACP","zona":"Gemawang","tahun":null,"panjang_m":896},"geometry":{"type":"LineString","coordinates":[[110.36717,-7.78282],[110.36703,-7.78402],[110.3665,-7.78837],[110.36652,-7.78841],[110.36651,-7.78847],[110.36649,-7.78851],[110.36636,-7.78961],[110.36757,-7.78972]]}},{"type":"Feature","properties":{"id":"jogja-668-4716","kategori":"distribusi_utama","diameter":12,"material":"CI","zona":"Gemawang","tahun":null,"panjang_m":5},"geometry":{"type":"LineString","coordinates":[[110.36717,-7.78279],[110.36717,-7.78279],[110.36717,-7.78279],[110.36717,-7.78279],[110.36717,-7.78279],[110.36717,-7.78279],[110.36717,-7.78279],[110.36717,-7.78279],[110.36717,-7.78279],[110.36717,-7.78279],[110.36717,-7.78279],[110.36717,-7.78279],[110.36717,-7.78279],[110.36717,-7.78279],[110.36717,-7.7828],[110.36716,-7.7828],[110.36716,-7.7828],[110.36716,-7.7828],[110.36716,-7.7828],[110.36716,-7.7828],[110.36716,-7.7828],[110.36716,-7.7828],[110.36716,-7.7828],[110.36716,-7.7828],[110.36716,-7.7828],[110.36716,-7.7828],[110.36716,-7.78281],[110.36716,-7.78281],[110.36716,-7.78281],[110.36716,-7.78281],[110.36716,-7.78281],[110.36716,-7.78281],[110.36716,-7.78281],[110.36716,-7.78281],[110.36716,-7.78281],[110.36717,-7.78281],[110.36717,-7.78281],[110.36717,-7.78281],[110.36717,-7.78282],[110.36717,-7.78282],[110.36717,-7.78282],[110.36717,-7.78282],[110.36717,-7.78282],[110.36717,-7.78282],[110.36717,-7.78282],[110.36717,-7.78282],[110.36717,-7.78282]]}},{"type":"Feature","properties":{"id":"jogja-668-4725","kategori":"distribusi_utama","diameter":8,"material":"CI","zona":"Gemawang","tahun":null,"panjang_m":107},"geometry":{"type":"LineString","coordinates":[[110.35823,-7.78991],[110.35811,-7.79001],[110.35804,-7.79007],[110.35793,-7.79024],[110.35791,-7.79028],[110.35783,-7.79042],[110.35781,-7.79046],[110.35779,-7.79052],[110.35778,-7.79055],[110.35772,-7.79071]]}},{"type":"Feature","properties":{"id":"jogja-668-4726","kategori":"distribusi_utama","diameter":8,"material":"CI","zona":"Gemawang","tahun":null,"panjang_m":94},"geometry":{"type":"LineString","coordinates":[[110.35897,-7.7895],[110.35878,-7.78957],[110.35867,-7.78962],[110.35855,-7.78968],[110.35843,-7.78973],[110.35823,-7.78991]]}},{"type":"Feature","properties":{"id":"jogja-668-4728","kategori":"distribusi_utama","diameter":8,"material":"CI","zona":"Gemawang","tahun":null,"panjang_m":109},"geometry":{"type":"LineString","coordinates":[[110.35737,-7.79136],[110.35733,-7.79136],[110.3571,-7.79134],[110.35705,-7.79133],[110.35703,-7.79155],[110.35698,-7.792]]}},{"type":"Feature","properties":{"id":"jogja-668-4736","kategori":"distribusi_utama","diameter":10,"material":"CI","zona":"Gemawang","tahun":null,"panjang_m":12},"geometry":{"type":"LineString","coordinates":[[110.35895,-7.78941],[110.35897,-7.78949],[110.35897,-7.7895],[110.35897,-7.78951]]}},{"type":"Feature","properties":{"id":"jogja-668-4737","kategori":"distribusi_utama","diameter":10,"material":"CI","zona":"Gemawang","tahun":null,"panjang_m":153},"geometry":{"type":"LineString","coordinates":[[110.35893,-7.78803],[110.35895,-7.78941]]}},{"type":"Feature","properties":{"id":"jogja-668-4738","kategori":"distribusi_utama","diameter":10,"material":"CI","zona":"Gemawang","tahun":null,"panjang_m":90},"geometry":{"type":"LineString","coordinates":[[110.35885,-7.78722],[110.35889,-7.78767],[110.35893,-7.78803]]}},{"type":"Feature","properties":{"id":"jogja-668-4746","kategori":"distribusi_utama","diameter":8,"material":"CI","zona":"Gemawang","tahun":null,"panjang_m":78},"geometry":{"type":"LineString","coordinates":[[110.35772,-7.79071],[110.35769,-7.79078],[110.35763,-7.79095],[110.35754,-7.79122],[110.35748,-7.79137]]}},{"type":"Feature","properties":{"id":"jogja-668-4747","kategori":"distribusi_utama","diameter":8,"material":"CI","zona":"Gemawang","tahun":null,"panjang_m":1},"geometry":{"type":"LineString","coordinates":[[110.35748,-7.79138],[110.35747,-7.79138]]}},{"type":"Feature","properties":{"id":"jogja-668-4749","kategori":"distribusi_utama","diameter":8,"material":"CI","zona":"Gemawang","tahun":null,"panjang_m":0},"geometry":{"type":"LineString","coordinates":[[110.35897,-7.7895],[110.35897,-7.7895]]}},{"type":"Feature","properties":{"id":"jogja-668-5011","kategori":"distribusi_utama","diameter":11,"material":null,"zona":"Gemawang","tahun":null,"panjang_m":8},"geometry":{"type":"LineString","coordinates":[[110.3703,-7.75618],[110.3703,-7.75619],[110.37024,-7.75619]]}},{"type":"Feature","properties":{"id":"jogja-668-5013","kategori":"distribusi_utama","diameter":8,"material":"CI","zona":"Gemawang","tahun":null,"panjang_m":8},"geometry":{"type":"LineString","coordinates":[[110.37049,-7.75621],[110.37049,-7.75628]]}},{"type":"Feature","properties":{"id":"jogja-668-5017","kategori":"distribusi_utama","diameter":10,"material":"CI","zona":"Gemawang","tahun":null,"panjang_m":19},"geometry":{"type":"LineString","coordinates":[[110.35848,-7.78275],[110.35844,-7.78275],[110.35842,-7.78275],[110.35842,-7.78285],[110.35842,-7.78286]]}},{"type":"Feature","properties":{"id":"jogja-668-5018","kategori":"distribusi_utama","diameter":10,"material":"CI","zona":"Gemawang","tahun":null,"panjang_m":22},"geometry":{"type":"LineString","coordinates":[[110.35882,-7.78702],[110.35885,-7.78722]]}},{"type":"Feature","properties":{"id":"jogja-668-5019","kategori":"distribusi_utama","diameter":10,"material":"CI","zona":"Gemawang","tahun":null,"panjang_m":89},"geometry":{"type":"LineString","coordinates":[[110.35871,-7.78623],[110.35873,-7.78637],[110.3588,-7.78688],[110.35882,-7.78702]]}},{"type":"Feature","properties":{"id":"jogja-668-5020","kategori":"distribusi_utama","diameter":10,"material":"CI","zona":"Gemawang","tahun":null,"panjang_m":94},"geometry":{"type":"LineString","coordinates":[[110.35865,-7.78538],[110.35867,-7.78573],[110.35869,-7.78601],[110.35869,-7.78607],[110.3587,-7.78613],[110.35871,-7.78623]]}},{"type":"Feature","properties":{"id":"jogja-668-5021","kategori":"distribusi_utama","diameter":10,"material":"CI","zona":"Gemawang","tahun":null,"panjang_m":106},"geometry":{"type":"LineString","coordinates":[[110.35859,-7.78443],[110.35863,-7.7849],[110.35865,-7.78521],[110.35865,-7.78538]]}},{"type":"Feature","properties":{"id":"jogja-668-5022","kategori":"distribusi_utama","diameter":10,"material":"CI","zona":"Gemawang","tahun":null,"panjang_m":30},"geometry":{"type":"LineString","coordinates":[[110.35857,-7.78416],[110.35859,-7.78443]]}},{"type":"Feature","properties":{"id":"jogja-668-5023","kategori":"distribusi_utama","diameter":10,"material":"CI","zona":"Gemawang","tahun":null,"panjang_m":64},"geometry":{"type":"LineString","coordinates":[[110.35851,-7.78359],[110.35855,-7.78393],[110.35857,-7.78416]]}},{"type":"Feature","properties":{"id":"jogja-668-5034","kategori":"distribusi_utama","diameter":8,"material":"CI","zona":"Gemawang","tahun":null,"panjang_m":19},"geometry":{"type":"LineString","coordinates":[[110.36253,-7.7829],[110.36246,-7.7829],[110.36236,-7.7829]]}},{"type":"Feature","properties":{"id":"jogja-668-5035","kategori":"distribusi_utama","diameter":8,"material":"CI","zona":"Gemawang","tahun":null,"panjang_m":99},"geometry":{"type":"LineString","coordinates":[[110.36236,-7.7829],[110.36146,-7.78288]]}},{"type":"Feature","properties":{"id":"jogja-668-5036","kategori":"distribusi_utama","diameter":10,"material":"CI","zona":"Gemawang","tahun":null,"panjang_m":104},"geometry":{"type":"LineString","coordinates":[[110.36037,-7.7828],[110.35989,-7.78279],[110.35943,-7.78278]]}},{"type":"Feature","properties":{"id":"jogja-668-5037","kategori":"distribusi_utama","diameter":10,"material":"CI","zona":"Gemawang","tahun":null,"panjang_m":104},"geometry":{"type":"LineString","coordinates":[[110.35943,-7.78278],[110.35939,-7.78277],[110.35848,-7.78275]]}},{"type":"Feature","properties":{"id":"jogja-668-5044","kategori":"distribusi_utama","diameter":12,"material":"ACP","zona":"Gemawang","tahun":null,"panjang_m":3},"geometry":{"type":"LineString","coordinates":[[110.36712,-7.78276],[110.3671,-7.78276],[110.36709,-7.78276]]}},{"type":"Feature","properties":{"id":"jogja-668-5045","kategori":"distribusi_utama","diameter":12,"material":"ACP","zona":"Gemawang","tahun":null,"panjang_m":5},"geometry":{"type":"LineString","coordinates":[[110.36709,-7.78276],[110.36709,-7.7828]]}},{"type":"Feature","properties":{"id":"jogja-668-5047","kategori":"distribusi_utama","diameter":12,"material":"CI","zona":"Gemawang","tahun":null,"panjang_m":2},"geometry":{"type":"LineString","coordinates":[[110.36086,-7.78281],[110.36086,-7.78282],[110.36085,-7.78283]]}},{"type":"Feature","properties":{"id":"jogja-668-5048","kategori":"distribusi_utama","diameter":10,"material":"CI","zona":"Gemawang","tahun":null,"panjang_m":66},"geometry":{"type":"LineString","coordinates":[[110.36146,-7.78288],[110.361,-7.78287],[110.36087,-7.78282]]}},{"type":"Feature","properties":{"id":"jogja-668-5055","kategori":"distribusi_utama","diameter":10,"material":"CI","zona":"Gemawang","tahun":null,"panjang_m":4},"geometry":{"type":"LineString","coordinates":[[110.35842,-7.78286],[110.35842,-7.78289],[110.35842,-7.7829]]}},{"type":"Feature","properties":{"id":"jogja-668-5064","kategori":"distribusi_utama","diameter":12,"material":"CI","zona":"Gemawang","tahun":null,"panjang_m":94},"geometry":{"type":"LineString","coordinates":[[110.361,-7.7798],[110.36096,-7.78065]]}},{"type":"Feature","properties":{"id":"jogja-668-5065","kategori":"distribusi_utama","diameter":12,"material":"CI","zona":"Gemawang","tahun":null,"panjang_m":79},"geometry":{"type":"LineString","coordinates":[[110.36096,-7.78065],[110.36095,-7.78084],[110.36091,-7.78136]]}},{"type":"Feature","properties":{"id":"jogja-668-5066","kategori":"distribusi_utama","diameter":12,"material":"CI","zona":"Gemawang","tahun":null,"panjang_m":162},"geometry":{"type":"LineString","coordinates":[[110.36091,-7.78136],[110.36091,-7.78147],[110.36088,-7.7821],[110.36087,-7.78266],[110.36086,-7.78281]]}},{"type":"Feature","properties":{"id":"jogja-668-5067","kategori":"distribusi_utama","diameter":12,"material":"CI","zona":"Gemawang","tahun":null,"panjang_m":3},"geometry":{"type":"LineString","coordinates":[[110.36105,-7.77824],[110.36108,-7.77826]]}},{"type":"Feature","properties":{"id":"jogja-668-5068","kategori":"distribusi_utama","diameter":12,"material":"CI","zona":"Gemawang","tahun":null,"panjang_m":99},"geometry":{"type":"LineString","coordinates":[[110.36361,-7.77854],[110.36321,-7.77872],[110.36312,-7.77876],[110.3628,-7.77891]]}},{"type":"Feature","properties":{"id":"jogja-668-5069","kategori":"distribusi_utama","diameter":12,"material":"CI","zona":"Gemawang","tahun":null,"panjang_m":101},"geometry":{"type":"LineString","coordinates":[[110.3628,-7.77891],[110.36242,-7.77908],[110.3624,-7.77907],[110.36215,-7.77892],[110.36211,-7.77889],[110.36199,-7.77882]]}},{"type":"Feature","properties":{"id":"jogja-668-5070","kategori":"distribusi_utama","diameter":12,"material":"CI","zona":"Gemawang","tahun":null,"panjang_m":115},"geometry":{"type":"LineString","coordinates":[[110.36111,-7.77827],[110.36112,-7.77828],[110.36121,-7.77834],[110.36172,-7.77865],[110.36199,-7.77882]]}},{"type":"Feature","properties":{"id":"jogja-668-5075","kategori":"distribusi_utama","diameter":12,"material":"CI","zona":"Gemawang","tahun":null,"panjang_m":4},"geometry":{"type":"LineString","coordinates":[[110.36108,-7.77826],[110.36111,-7.77827]]}},{"type":"Feature","properties":{"id":"jogja-668-5077","kategori":"distribusi_utama","diameter":12,"material":"ACP","zona":"Gemawang","tahun":null,"panjang_m":638},"geometry":{"type":"LineString","coordinates":[[110.36121,-7.77297],[110.36116,-7.77413],[110.36113,-7.7749],[110.36106,-7.7765],[110.36104,-7.77684],[110.361,-7.77753],[110.36096,-7.77863],[110.36096,-7.77865],[110.36096,-7.77865],[110.36101,-7.77866]]}},{"type":"Feature","properties":{"id":"jogja-668-5078","kategori":"distribusi_utama","diameter":14,"material":"CI","zona":"Gemawang","tahun":null,"panjang_m":5},"geometry":{"type":"LineString","coordinates":[[110.36706,-7.78275],[110.36706,-7.78276],[110.36706,-7.78279]]}},{"type":"Feature","properties":{"id":"jogja-668-5079","kategori":"distribusi_utama","diameter":12,"material":"ACP","zona":"Gemawang","tahun":null,"panjang_m":4},"geometry":{"type":"LineString","coordinates":[[110.3671,-7.7828],[110.36709,-7.7828],[110.36706,-7.7828]]}},{"type":"Feature","properties":{"id":"jogja-668-5080","kategori":"distribusi_utama","diameter":12,"material":"ACP","zona":"Gemawang","tahun":null,"panjang_m":3},"geometry":{"type":"LineString","coordinates":[[110.36709,-7.78276],[110.36707,-7.78276]]}},{"type":"Feature","properties":{"id":"jogja-668-5081","kategori":"distribusi_utama","diameter":12,"material":"CI","zona":"Gemawang","tahun":null,"panjang_m":100},"geometry":{"type":"LineString","coordinates":[[110.36801,-7.78283],[110.36723,-7.7828],[110.3671,-7.7828]]}},{"type":"Feature","properties":{"id":"jogja-668-5082","kategori":"distribusi_utama","diameter":12,"material":"ACP","zona":"Gemawang","tahun":null,"panjang_m":9},"geometry":{"type":"LineString","coordinates":[[110.36712,-7.78276],[110.36718,-7.78276],[110.36717,-7.78279]]}},{"type":"Feature","properties":{"id":"jogja-668-5083","kategori":"distribusi_utama","diameter":14,"material":"CI","zona":"Gemawang","tahun":null,"panjang_m":509},"geometry":{"type":"LineString","coordinates":[[110.36762,-7.7782],[110.36759,-7.77845],[110.36758,-7.77847],[110.36743,-7.77983],[110.36733,-7.78062],[110.36732,-7.78063],[110.36728,-7.78096],[110.3672,-7.7816],[110.36712,-7.78227],[110.36706,-7.78275]]}},{"type":"Feature","properties":{"id":"jogja-668-5092","kategori":"distribusi_utama","diameter":10,"material":"CI","zona":"Gemawang","tahun":null,"panjang_m":94},"geometry":{"type":"LineString","coordinates":[[110.36498,-7.80041],[110.36489,-7.80124]]}},{"type":"Feature","properties":{"id":"jogja-668-5093","kategori":"distribusi_utama","diameter":10,"material":"CI","zona":"Gemawang","tahun":null,"panjang_m":10},"geometry":{"type":"LineString","coordinates":[[110.36489,-7.80127],[110.36488,-7.80136]]}},{"type":"Feature","properties":{"id":"jogja-668-5094","kategori":"distribusi_utama","diameter":10,"material":"CI","zona":"Gemawang","tahun":null,"panjang_m":5},"geometry":{"type":"LineString","coordinates":[[110.36489,-7.80124],[110.36489,-7.80124],[110.36489,-7.80125],[110.36489,-7.80125],[110.36489,-7.80125],[110.36489,-7.80125],[110.36489,-7.80125],[110.36489,-7.80125],[110.36489,-7.80125],[110.36489,-7.80125],[110.36489,-7.80125],[110.36489,-7.80125],[110.36489,-7.80125],[110.3649,-7.80125],[110.3649,-7.80125],[110.3649,-7.80125],[110.3649,-7.80125],[110.3649,-7.80126],[110.3649,-7.80126],[110.3649,-7.80126],[110.3649,-7.80126],[110.3649,-7.80126],[110.3649,-7.80126],[110.3649,-7.80126],[110.3649,-7.80126],[110.3649,-7.80126],[110.3649,-7.80126],[110.36489,-7.80126],[110.36489,-7.80126],[110.36489,-7.80126],[110.36489,-7.80126],[110.36489,-7.80127],[110.36489,-7.80127],[110.36489,-7.80127],[110.36489,-7.80127],[110.36489,-7.80127],[110.36489,-7.80127],[110.36489,-7.80127],[110.36489,-7.80127],[110.36489,-7.80127],[110.36489,-7.80127],[110.36489,-7.80127]]}},{"type":"Feature","properties":{"id":"jogja-668-5098","kategori":"distribusi_utama","diameter":12,"material":"CI","zona":"Gemawang","tahun":null,"panjang_m":718},"geometry":{"type":"LineString","coordinates":[[110.36694,-7.78346],[110.36668,-7.7855],[110.36663,-7.78592],[110.3664,-7.78771],[110.3663,-7.78846],[110.36624,-7.78891],[110.36619,-7.78939],[110.36618,-7.78949],[110.36617,-7.78951],[110.36613,-7.78987]]}},{"type":"Feature","properties":{"id":"jogja-668-5099","kategori":"distribusi_utama","diameter":12,"material":"CI","zona":"Gemawang","tahun":null,"panjang_m":462},"geometry":{"type":"LineString","coordinates":[[110.36761,-7.77818],[110.36583,-7.77788],[110.36527,-7.77778],[110.3652,-7.77782],[110.36442,-7.77817],[110.36361,-7.77854]]}},{"type":"Feature","properties":{"id":"jogja-668-5139","kategori":"distribusi_utama","diameter":8,"material":"ACP","zona":"Gemawang","tahun":null,"panjang_m":1},"geometry":{"type":"LineString","coordinates":[[110.3612,-7.77296],[110.3612,-7.77296],[110.36121,-7.77296],[110.36121,-7.77297]]}},{"type":"Feature","properties":{"id":"jogja-668-5140","kategori":"distribusi_utama","diameter":12,"material":"ACP","zona":"Gemawang","tahun":null,"panjang_m":1366},"geometry":{"type":"LineString","coordinates":[[110.35109,-7.76622],[110.35115,-7.76615],[110.35132,-7.76624],[110.35205,-7.76636],[110.35231,-7.76644],[110.35299,-7.76675],[110.35318,-7.76689],[110.35361,-7.76722],[110.3542,-7.76766],[110.35453,-7.76789],[110.35516,-7.76837],[110.35567,-7.76878],[110.35684,-7.76964],[110.35791,-7.77044],[110.35847,-7.77087],[110.35876,-7.77111],[110.35904,-7.77132],[110.36121,-7.77297],[110.36121,-7.77297]]}},{"type":"Feature","properties":{"id":"jogja-668-5455","kategori":"distribusi_utama","diameter":8,"material":"ACP","zona":"Gemawang","tahun":null,"panjang_m":302},"geometry":{"type":"LineString","coordinates":[[110.37051,-7.75626],[110.37051,-7.75628],[110.37049,-7.75628],[110.37016,-7.75627],[110.37005,-7.75627],[110.37005,-7.75627],[110.37004,-7.75627],[110.36991,-7.75627],[110.36976,-7.7578],[110.36971,-7.75834],[110.36969,-7.75834]]}},{"type":"Feature","properties":{"id":"jogja-668-5460","kategori":"distribusi_utama","diameter":8,"material":"CI","zona":"Gemawang","tahun":null,"panjang_m":152},"geometry":{"type":"LineString","coordinates":[[110.35838,-7.78289],[110.35838,-7.78288],[110.35838,-7.78287],[110.35838,-7.78276],[110.35838,-7.78275],[110.35757,-7.78272],[110.35725,-7.78267],[110.35724,-7.78266],[110.3572,-7.7826],[110.35719,-7.7826]]}},{"type":"Feature","properties":{"id":"jogja-668-5566","kategori":"distribusi_utama","diameter":20,"material":"HDPE","zona":"Gemawang","tahun":null,"panjang_m":92},"geometry":{"type":"LineString","coordinates":[[110.36711,-7.78264],[110.3671,-7.78275],[110.3671,-7.78276],[110.36726,-7.78282],[110.36726,-7.78283],[110.36724,-7.78307],[110.36707,-7.78322],[110.36706,-7.78328]]}},{"type":"Feature","properties":{"id":"jogja-668-5568","kategori":"distribusi_utama","diameter":12,"material":"HDPE","zona":"Gemawang","tahun":null,"panjang_m":43},"geometry":{"type":"LineString","coordinates":[[110.36763,-7.78282],[110.36763,-7.78284],[110.36726,-7.78283]]}},{"type":"Feature","properties":{"id":"jogja-668-5582","kategori":"distribusi_utama","diameter":8,"material":"ACP","zona":"Gemawang","tahun":null,"panjang_m":198},"geometry":{"type":"LineString","coordinates":[[110.36129,-7.77118],[110.36125,-7.77195],[110.36121,-7.77279],[110.36121,-7.77283],[110.3612,-7.77296]]}},{"type":"Feature","properties":{"id":"jogja-668-5593","kategori":"distribusi_utama","diameter":8,"material":"ACP","zona":"Gemawang","tahun":null,"panjang_m":954},"geometry":{"type":"LineString","coordinates":[[110.36169,-7.76261],[110.36154,-7.76584],[110.36149,-7.76713],[110.36137,-7.76939],[110.36129,-7.77105],[110.36129,-7.77118],[110.36129,-7.77118]]}},{"type":"Feature","properties":{"id":"jogja-668-5598","kategori":"distribusi_utama","diameter":8,"material":"ACP","zona":"Gemawang","tahun":null,"panjang_m":146},"geometry":{"type":"LineString","coordinates":[[110.36175,-7.7613],[110.36175,-7.76134],[110.36169,-7.7626],[110.36169,-7.76261]]}},{"type":"Feature","properties":{"id":"jogja-668-5632","kategori":"distribusi_utama","diameter":10,"material":"CI","zona":"Gemawang","tahun":null,"panjang_m":52},"geometry":{"type":"LineString","coordinates":[[110.36084,-7.78282],[110.36037,-7.7828]]}},{"type":"Feature","properties":{"id":"jogja-668-5633","kategori":"distribusi_utama","diameter":12,"material":"CI","zona":"Gemawang","tahun":null,"panjang_m":23},"geometry":{"type":"LineString","coordinates":[[110.36085,-7.78283],[110.36084,-7.78284],[110.36084,-7.78303]]}},{"type":"Feature","properties":{"id":"jogja-668-5634","kategori":"distribusi_utama","diameter":10,"material":"CI","zona":"Gemawang","tahun":null,"panjang_m":54},"geometry":{"type":"LineString","coordinates":[[110.35842,-7.7829],[110.35848,-7.78338]]}},{"type":"Feature","properties":{"id":"jogja-668-5648","kategori":"distribusi_utama","diameter":10,"material":"CI","zona":"Gemawang","tahun":null,"panjang_m":449},"geometry":{"type":"LineString","coordinates":[[110.36611,-7.79004],[110.3659,-7.79179],[110.36563,-7.79404],[110.36563,-7.79404]]}},{"type":"Feature","properties":{"id":"jogja-668-5665","kategori":"distribusi_utama","diameter":10,"material":"CI","zona":"Gemawang","tahun":null,"panjang_m":459},"geometry":{"type":"LineString","coordinates":[[110.36534,-7.79639],[110.36521,-7.79747],[110.3652,-7.79748],[110.3651,-7.79833],[110.36502,-7.79904],[110.3651,-7.79905],[110.36511,-7.79905],[110.36505,-7.79961],[110.36499,-7.80026],[110.36498,-7.80033],[110.36498,-7.8004],[110.36498,-7.80041]]}},{"type":"Feature","properties":{"id":"jogja-668-5674","kategori":"distribusi_utama","diameter":8,"material":"CI","zona":"Gemawang","tahun":null,"panjang_m":11},"geometry":{"type":"LineString","coordinates":[[110.35747,-7.79138],[110.35737,-7.79136]]}},{"type":"Feature","properties":{"id":"jogja-668-5675","kategori":"distribusi_utama","diameter":8,"material":"CI","zona":"Gemawang","tahun":null,"panjang_m":30},"geometry":{"type":"LineString","coordinates":[[110.35698,-7.792],[110.35696,-7.79213],[110.35695,-7.79223],[110.35695,-7.79227]]}},{"type":"Feature","properties":{"id":"jogja-668-5680","kategori":"distribusi_utama","diameter":8,"material":"CI","zona":"Gemawang","tahun":null,"panjang_m":553},"geometry":{"type":"LineString","coordinates":[[110.35691,-7.79266],[110.35689,-7.79283],[110.35687,-7.79304],[110.35687,-7.79305],[110.35686,-7.79307],[110.35678,-7.79382],[110.35673,-7.79446],[110.35669,-7.79481],[110.35661,-7.79565],[110.35658,-7.79608],[110.35655,-7.79644],[110.35655,-7.79658],[110.35651,-7.79716],[110.35648,-7.79759],[110.35648,-7.79761]]}},{"type":"Feature","properties":{"id":"jogja-668-5688","kategori":"distribusi_utama","diameter":10,"material":"CI","zona":"Gemawang","tahun":null,"panjang_m":262},"geometry":{"type":"LineString","coordinates":[[110.36563,-7.79404],[110.36534,-7.79638],[110.36534,-7.79639]]}},{"type":"Feature","properties":{"id":"jogja-668-6004","kategori":"distribusi_utama","diameter":8,"material":"ACP","zona":"Karanggayam","tahun":null,"panjang_m":505},"geometry":{"type":"LineString","coordinates":[[110.37314,-7.79342],[110.37313,-7.79344],[110.37309,-7.79344],[110.37156,-7.79344],[110.37156,-7.79344],[110.37115,-7.79345],[110.37113,-7.79345],[110.37076,-7.79347],[110.37055,-7.79355],[110.37041,-7.79365],[110.37023,-7.79378],[110.37008,-7.79389],[110.36934,-7.79446],[110.3691,-7.79465],[110.36897,-7.79467]]}},{"type":"Feature","properties":{"id":"jogja-668-6195","kategori":"distribusi_utama","diameter":10,"material":"ACP","zona":"Karanggayam","tahun":null,"panjang_m":194},"geometry":{"type":"LineString","coordinates":[[110.37847,-7.78828],[110.37844,-7.78858],[110.37847,-7.78864],[110.37847,-7.78868],[110.37832,-7.78966],[110.37827,-7.78971],[110.37823,-7.78997]]}},{"type":"Feature","properties":{"id":"jogja-668-6408","kategori":"distribusi_utama","diameter":12,"material":"CI","zona":"Karanggayam","tahun":null,"panjang_m":735},"geometry":{"type":"LineString","coordinates":[[110.37922,-7.78306],[110.37889,-7.78306],[110.37881,-7.78306],[110.37616,-7.78305],[110.37387,-7.78305],[110.37279,-7.78306],[110.37255,-7.78306]]}},{"type":"Feature","properties":{"id":"jogja-668-6472","kategori":"distribusi_utama","diameter":10,"material":"ACP","zona":"Karanggayam","tahun":null,"panjang_m":13},"geometry":{"type":"LineString","coordinates":[[110.37878,-7.78714],[110.37866,-7.78713]]}},{"type":"Feature","properties":{"id":"jogja-668-6485","kategori":"distribusi_utama","diameter":8,"material":"CI","zona":"Karanggayam","tahun":null,"panjang_m":2339},"geometry":{"type":"LineString","coordinates":[[110.38353,-7.76113],[110.38335,-7.7611],[110.38331,-7.76131],[110.38327,-7.76152],[110.38369,-7.7616],[110.38356,-7.7622],[110.38351,-7.76242],[110.38326,-7.76239],[110.3831,-7.76322],[110.3831,-7.76323],[110.38308,-7.76323],[110.3825,-7.76306],[110.38185,-7.76289],[110.38082,-7.76262],[110.37995,-7.76242],[110.37933,-7.76396],[110.3786,-7.76572],[110.37851,-7.76573],[110.37847,-7.76582],[110.37854,-7.76593],[110.37807,-7.76704],[110.37762,-7.76815],[110.37762,-7.76816],[110.37762,-7.76816],[110.37762,-7.76816],[110.37762,-7.76816],[110.37762,-7.76816],[110.37762,-7.76816],[110.37762,-7.76816],[110.37762,-7.76816],[110.37762,-7.76816],[110.37762,-7.76816],[110.37762,-7.76816],[110.37762,-7.76816],[110.37762,-7.76816],[110.37762,-7.76817],[110.37762,-7.76817],[110.37762,-7.76817],[110.37761,-7.76817],[110.37761,-7.76817],[110.37761,-7.76817],[110.37761,-7.76817],[110.37761,-7.76817],[110.37761,-7.76817],[110.37761,-7.76817],[110.37761,-7.76817],[110.37642,-7.77102],[110.37524,-7.77388],[110.37487,-7.77484],[110.37435,-7.77607]]}},{"type":"Feature","properties":{"id":"jogja-668-6623","kategori":"distribusi_utama","diameter":16,"material":"CI","zona":"Karanggayam","tahun":null,"panjang_m":81},"geometry":{"type":"LineString","coordinates":[[110.38354,-7.76105],[110.38353,-7.76113],[110.38352,-7.76114],[110.38416,-7.76123]]}},{"type":"Feature","properties":{"id":"jogja-668-6624","kategori":"distribusi_utama","diameter":8,"material":"CI","zona":"Karanggayam","tahun":null,"panjang_m":451},"geometry":{"type":"LineString","coordinates":[[110.38357,-7.76074],[110.38372,-7.76076],[110.38367,-7.76112],[110.38411,-7.76117],[110.38416,-7.76116],[110.38408,-7.76052],[110.38407,-7.76026],[110.38553,-7.7606],[110.3854,-7.76116],[110.38538,-7.76124]]}},{"type":"Feature","properties":{"id":"jogja-668-6625","kategori":"distribusi_utama","diameter":8,"material":"GI","zona":"Karanggayam","tahun":null,"panjang_m":193},"geometry":{"type":"LineString","coordinates":[[110.3854,-7.76116],[110.3857,-7.76124],[110.38567,-7.76156],[110.3866,-7.76184],[110.38674,-7.76185]]}},{"type":"Feature","properties":{"id":"jogja-668-6626","kategori":"transmisi","diameter":null,"material":null,"zona":"Karanggayam","tahun":null,"panjang_m":159},"geometry":{"type":"LineString","coordinates":[[110.38354,-7.76078],[110.38354,-7.76075],[110.38361,-7.76076],[110.38371,-7.76077],[110.38366,-7.76113],[110.38411,-7.76118],[110.38445,-7.76127],[110.38444,-7.76135]]}},{"type":"Feature","properties":{"id":"jogja-668-6652","kategori":"distribusi_utama","diameter":8,"material":"CI","zona":"Karanggayam","tahun":null,"panjang_m":796},"geometry":{"type":"LineString","coordinates":[[110.37435,-7.77607],[110.37398,-7.77695],[110.37343,-7.77825],[110.37295,-7.78009],[110.37271,-7.78103],[110.37248,-7.7821],[110.37232,-7.78275],[110.37229,-7.78291]]}},{"type":"Feature","properties":{"id":"jogja-668-6750","kategori":"distribusi_utama","diameter":10,"material":"ACP","zona":"Karanggayam","tahun":null,"panjang_m":587},"geometry":{"type":"LineString","coordinates":[[110.37931,-7.78306],[110.37931,-7.78314],[110.37927,-7.7834],[110.3791,-7.78443],[110.37885,-7.78589],[110.37866,-7.78713],[110.37863,-7.78733],[110.37855,-7.78776],[110.37851,-7.78804],[110.37847,-7.78828]]}},{"type":"Feature","properties":{"id":"jogja-668-6782","kategori":"distribusi_utama","diameter":7,"material":"CI","zona":"Karanggayam","tahun":null,"panjang_m":5},"geometry":{"type":"LineString","coordinates":[[110.37923,-7.78304],[110.37923,-7.78309]]}},{"type":"Feature","properties":{"id":"jogja-668-6822","kategori":"distribusi_utama","diameter":8,"material":"ACP","zona":"Karanggayam","tahun":null,"panjang_m":94},"geometry":{"type":"LineString","coordinates":[[110.38387,-7.76333],[110.38388,-7.76326],[110.38323,-7.76323],[110.3831,-7.76322]]}},{"type":"Feature","properties":{"id":"jogja-668-6846","kategori":"distribusi_utama","diameter":12,"material":"CI","zona":"Karanggayam","tahun":null,"panjang_m":8},"geometry":{"type":"LineString","coordinates":[[110.37931,-7.78306],[110.37924,-7.78306]]}},{"type":"Feature","properties":{"id":"jogja-668-6847","kategori":"distribusi_utama","diameter":7,"material":"CI","zona":"Karanggayam","tahun":null,"panjang_m":26},"geometry":{"type":"LineString","coordinates":[[110.37923,-7.78309],[110.37918,-7.78328],[110.37915,-7.78328]]}},{"type":"Feature","properties":{"id":"jogja-668-6851","kategori":"distribusi_utama","diameter":12,"material":"CI","zona":"Karanggayam","tahun":null,"panjang_m":3},"geometry":{"type":"LineString","coordinates":[[110.37924,-7.78306],[110.37924,-7.78306],[110.37924,-7.78306],[110.37924,-7.78306],[110.37924,-7.78306],[110.37923,-7.78306],[110.37923,-7.78306],[110.37923,-7.78306],[110.37923,-7.78306],[110.37923,-7.78306],[110.37923,-7.78306],[110.37923,-7.78306],[110.37923,-7.78306],[110.37923,-7.78306],[110.37923,-7.78306],[110.37923,-7.78306],[110.37923,-7.78306],[110.37923,-7.78306],[110.37922,-7.78306],[110.37922,-7.78306],[110.37922,-7.78306],[110.37922,-7.78306],[110.37922,-7.78306],[110.37922,-7.78306]]}},{"type":"Feature","properties":{"id":"jogja-668-6852","kategori":"distribusi_utama","diameter":7,"material":"CI","zona":"Karanggayam","tahun":null,"panjang_m":707},"geometry":{"type":"LineString","coordinates":[[110.38006,-7.77677],[110.38003,-7.77712],[110.38001,-7.77749],[110.37998,-7.77779],[110.37992,-7.77806],[110.37979,-7.77835],[110.37973,-7.7789],[110.37962,-7.77949],[110.37951,-7.78007],[110.3794,-7.78067],[110.37939,-7.78081],[110.37938,-7.78092],[110.37939,-7.78112],[110.37939,-7.78129],[110.3794,-7.78162],[110.3794,-7.78192],[110.37931,-7.78275],[110.37923,-7.78304]]}},{"type":"Feature","properties":{"id":"jogja-668-6878","kategori":"distribusi_utama","diameter":8,"material":"ACP","zona":"Karanggayam","tahun":null,"panjang_m":0},"geometry":{"type":"LineString","coordinates":[[110.37229,-7.78291],[110.37228,-7.78291]]}},{"type":"Feature","properties":{"id":"jogja-668-6888","kategori":"distribusi_utama","diameter":8,"material":"ACP","zona":"Karanggayam","tahun":null,"panjang_m":0},"geometry":{"type":"LineString","coordinates":[[110.36897,-7.79468],[110.36896,-7.79468]]}},{"type":"Feature","properties":{"id":"jogja-668-6910","kategori":"distribusi_utama","diameter":8,"material":"PVC","zona":"Kotagede","tahun":null,"panjang_m":140},"geometry":{"type":"LineString","coordinates":[[110.39539,-7.81909],[110.39539,-7.81908],[110.3954,-7.81907],[110.39543,-7.81896],[110.39566,-7.81828],[110.39566,-7.81828],[110.39576,-7.81789]]}},{"type":"Feature","properties":{"id":"jogja-668-6917","kategori":"distribusi_utama","diameter":8,"material":"ACP","zona":"Kotagede","tahun":null,"panjang_m":1},"geometry":{"type":"LineString","coordinates":[[110.38382,-7.81675],[110.38381,-7.81675]]}},{"type":"Feature","properties":{"id":"jogja-668-6918","kategori":"distribusi_utama","diameter":8,"material":"ACP","zona":"Kotagede","tahun":null,"panjang_m":1318},"geometry":{"type":"LineString","coordinates":[[110.39543,-7.81896],[110.39542,-7.81896],[110.39542,-7.81896],[110.39538,-7.81907],[110.39537,-7.81907],[110.39454,-7.81891],[110.39418,-7.81881],[110.39218,-7.81828],[110.39097,-7.81799],[110.39063,-7.81792],[110.38665,-7.8172],[110.38394,-7.81681],[110.38392,-7.81678],[110.38391,-7.81676],[110.38382,-7.81675]]}},{"type":"Feature","properties":{"id":"jogja-668-7123","kategori":"distribusi_utama","diameter":8,"material":"ACP","zona":"Kotagede","tahun":null,"panjang_m":635},"geometry":{"type":"LineString","coordinates":[[110.39539,-7.81909],[110.39649,-7.81936],[110.39757,-7.81964],[110.3988,-7.81997],[110.40097,-7.82052]]}},{"type":"Feature","properties":{"id":"jogja-668-7177","kategori":"transmisi","diameter":9,"material":"CI","zona":"Padasan","tahun":null,"panjang_m":3174},"geometry":{"type":"LineString","coordinates":[[110.42946,-7.66804],[110.42945,-7.66808],[110.42925,-7.66806],[110.42906,-7.6682],[110.42902,-7.66834],[110.42775,-7.67678],[110.42747,-7.67807],[110.42706,-7.67943],[110.42673,-7.68007],[110.42656,-7.68038],[110.42573,-7.68238],[110.42536,-7.6831],[110.42507,-7.68365],[110.42499,-7.6838],[110.42409,-7.6842],[110.42402,-7.68423],[110.42399,-7.68446],[110.42386,-7.68495],[110.42363,-7.68562],[110.42309,-7.68661],[110.42278,-7.68719],[110.42234,-7.68797],[110.42189,-7.68872],[110.42145,-7.68944],[110.42104,-7.69019],[110.42024,-7.69153],[110.42018,-7.69157],[110.41968,-7.6917],[110.41943,-7.6924],[110.41943,-7.6926],[110.41938,-7.69287],[110.4191,-7.69345],[110.41915,-7.69348]]}},{"type":"Feature","properties":{"id":"jogja-668-7178","kategori":"distribusi_utama","diameter":8,"material":"ACP","zona":"Padasan","tahun":null,"panjang_m":5},"geometry":{"type":"LineString","coordinates":[[110.42947,-7.66804],[110.42947,-7.66809]]}},{"type":"Feature","properties":{"id":"jogja-668-7179","kategori":"distribusi_utama","diameter":9,"material":"CI","zona":"Padasan","tahun":null,"panjang_m":6},"geometry":{"type":"LineString","coordinates":[[110.42954,-7.66805],[110.42954,-7.66811]]}},{"type":"Feature","properties":{"id":"jogja-668-7697","kategori":"distribusi_utama","diameter":8,"material":"PVC","zona":"Pengok","tahun":null,"panjang_m":71},"geometry":{"type":"LineString","coordinates":[[110.38761,-7.78721],[110.38762,-7.78717],[110.3877,-7.78658]]}},{"type":"Feature","properties":{"id":"jogja-668-7879","kategori":"distribusi_utama","diameter":9,"material":"CI","zona":"Gemawang","tahun":null,"panjang_m":59},"geometry":{"type":"LineString","coordinates":[[110.37083,-7.75626],[110.37038,-7.75625],[110.37038,-7.75617]]}},{"type":"Feature","properties":{"id":"jogja-668-7880","kategori":"distribusi_utama","diameter":10,"material":"PVC","zona":"Gemawang","tahun":null,"panjang_m":498},"geometry":{"type":"LineString","coordinates":[[110.38312,-7.75429],[110.3831,-7.75429],[110.38305,-7.75429],[110.38302,-7.7543],[110.38295,-7.7543],[110.38196,-7.75354],[110.38166,-7.75335],[110.38118,-7.7531],[110.38107,-7.75329],[110.38143,-7.7535],[110.38171,-7.75366],[110.382,-7.75386],[110.38261,-7.75431],[110.38263,-7.7544],[110.3826,-7.75441]]}},{"type":"Feature","properties":{"id":"jogja-668-7895","kategori":"transmisi","diameter":10,"material":"PVC","zona":"Padasan","tahun":null,"panjang_m":1278},"geometry":{"type":"LineString","coordinates":[[110.43964,-7.59525],[110.43855,-7.59856],[110.43842,-7.59856],[110.43833,-7.59865],[110.43816,-7.59881],[110.43786,-7.59892],[110.43747,-7.59907],[110.43737,-7.59928],[110.4372,-7.59966],[110.43706,-7.59994],[110.43684,-7.60036],[110.43671,-7.6009],[110.43621,-7.6011],[110.43602,-7.60122],[110.43559,-7.60296],[110.43512,-7.60483],[110.43509,-7.6051],[110.43503,-7.60509]]}},{"type":"Feature","properties":{"id":"jogja-668-7896","kategori":"distribusi_utama","diameter":11,"material":"CI","zona":"Padasan","tahun":null,"panjang_m":73},"geometry":{"type":"LineString","coordinates":[[110.37048,-7.75589],[110.37028,-7.75603],[110.37028,-7.75611],[110.37026,-7.75611],[110.37025,-7.75611],[110.37025,-7.75603],[110.37008,-7.75589]]}},{"type":"Feature","properties":{"id":"jogja-668-7960","kategori":"transmisi","diameter":11,"material":"CI","zona":"Padasan","tahun":null,"panjang_m":3175},"geometry":{"type":"LineString","coordinates":[[110.42945,-7.66802],[110.42945,-7.66806],[110.42925,-7.66805],[110.42905,-7.6682],[110.42901,-7.66834],[110.42896,-7.66871],[110.42773,-7.67676],[110.42747,-7.67807],[110.42704,-7.67942],[110.42678,-7.67995],[110.42655,-7.68039],[110.42571,-7.68238],[110.42498,-7.68379],[110.42399,-7.68423],[110.42396,-7.68446],[110.42391,-7.68465],[110.42386,-7.68483],[110.4236,-7.6856],[110.42335,-7.68606],[110.42245,-7.68773],[110.42208,-7.68836],[110.42024,-7.69153],[110.42018,-7.69156],[110.41967,-7.6917],[110.41942,-7.6924],[110.41942,-7.6926],[110.41937,-7.69287],[110.41909,-7.69345],[110.41915,-7.69349]]}},{"type":"Feature","properties":{"id":"jogja-668-7963","kategori":"distribusi_utama","diameter":11,"material":null,"zona":"Padasan","tahun":null,"panjang_m":6},"geometry":{"type":"LineString","coordinates":[[110.3703,-7.75616],[110.37031,-7.75617],[110.37027,-7.75619]]}},{"type":"Feature","properties":{"id":"jogja-668-7964","kategori":"distribusi_utama","diameter":12,"material":null,"zona":"Padasan","tahun":null,"panjang_m":12},"geometry":{"type":"LineString","coordinates":[[110.37024,-7.75607],[110.37023,-7.75612],[110.3703,-7.75612]]}},{"type":"Feature","properties":{"id":"jogja-668-7965","kategori":"distribusi_utama","diameter":12,"material":null,"zona":"Padasan","tahun":null,"panjang_m":9},"geometry":{"type":"LineString","coordinates":[[110.3703,-7.75607],[110.3703,-7.75612],[110.3703,-7.75615]]}},{"type":"Feature","properties":{"id":"jogja-668-7966","kategori":"distribusi_utama","diameter":10,"material":"PVC","zona":"Padasan","tahun":null,"panjang_m":486},"geometry":{"type":"LineString","coordinates":[[110.38302,-7.7543],[110.38295,-7.7543],[110.38196,-7.75354],[110.38166,-7.75335],[110.38118,-7.75309],[110.38106,-7.75329],[110.38126,-7.7534],[110.38143,-7.7535],[110.38171,-7.75366],[110.38199,-7.75386],[110.3826,-7.75431],[110.38263,-7.75441]]}},{"type":"Feature","properties":{"id":"jogja-668-7967","kategori":"distribusi_utama","diameter":11,"material":"CI","zona":"Padasan","tahun":null,"panjang_m":44},"geometry":{"type":"LineString","coordinates":[[110.38304,-7.7543],[110.38265,-7.75439]]}},{"type":"Feature","properties":{"id":"jogja-668-7968","kategori":"distribusi_utama","diameter":11,"material":"CI","zona":"Padasan","tahun":null,"panjang_m":1416},"geometry":{"type":"LineString","coordinates":[[110.38263,-7.75441],[110.38253,-7.75444],[110.3775,-7.75571],[110.37567,-7.75604],[110.37224,-7.75668],[110.37221,-7.75668],[110.37213,-7.75668],[110.3721,-7.75663],[110.37159,-7.75629],[110.37057,-7.75626],[110.37051,-7.75626],[110.37038,-7.75626],[110.37028,-7.75619],[110.37027,-7.75619],[110.37026,-7.75618],[110.37026,-7.75611]]}},{"type":"Feature","properties":{"id":"jogja-668-8025","kategori":"distribusi_utama","diameter":11,"material":"CI","zona":"Padasan","tahun":null,"panjang_m":6334},"geometry":{"type":"LineString","coordinates":[[110.41209,-7.70543],[110.40661,-7.71483],[110.40458,-7.71843],[110.40317,-7.72082],[110.4021,-7.7227],[110.39987,-7.72655],[110.39985,-7.72657],[110.39778,-7.73017],[110.39356,-7.73743],[110.39234,-7.73948],[110.39133,-7.74119],[110.39126,-7.7413],[110.3898,-7.74374],[110.38978,-7.74379],[110.38931,-7.74458],[110.38708,-7.74841],[110.38707,-7.74841],[110.38702,-7.74849],[110.38698,-7.74856],[110.38618,-7.74998],[110.38373,-7.75414],[110.38312,-7.75429],[110.3831,-7.75428],[110.38302,-7.7543]]}},{"type":"Feature","properties":{"id":"jogja-668-8049","kategori":"transmisi","diameter":10,"material":"PVC","zona":"Padasan","tahun":null,"panjang_m":448},"geometry":{"type":"LineString","coordinates":[[110.43504,-7.60511],[110.43508,-7.60511],[110.43507,-7.60529],[110.43527,-7.60874],[110.43504,-7.60867],[110.43498,-7.60865],[110.43492,-7.60864]]}},{"type":"Feature","properties":{"id":"jogja-668-8050","kategori":"transmisi","diameter":10,"material":"PVC","zona":"Padasan","tahun":null,"panjang_m":2351},"geometry":{"type":"LineString","coordinates":[[110.43382,-7.6509],[110.43379,-7.65088],[110.43364,-7.65112],[110.43352,-7.65141],[110.43342,-7.65164],[110.43331,-7.65191],[110.43306,-7.65226],[110.4328,-7.65263],[110.43195,-7.65382],[110.43176,-7.65409],[110.43135,-7.65466],[110.43121,-7.65486],[110.4312,-7.65487],[110.43117,-7.65492],[110.43105,-7.65512],[110.43099,-7.65529],[110.43093,-7.65549],[110.43088,-7.65628],[110.43079,-7.65817],[110.43104,-7.65864],[110.43169,-7.65974],[110.43252,-7.66106],[110.4329,-7.66171],[110.433,-7.66191],[110.43306,-7.66204],[110.43318,-7.66243],[110.43332,-7.66273],[110.43345,-7.66301],[110.43351,-7.66324],[110.43353,-7.6636],[110.43324,-7.66443],[110.43288,-7.6652],[110.43273,-7.66547],[110.43248,-7.66594],[110.4324,-7.66609],[110.43236,-7.66616],[110.43231,-7.66624],[110.43221,-7.66644],[110.43212,-7.6666],[110.43204,-7.66675],[110.43188,-7.66705],[110.43185,-7.66712],[110.43181,-7.66719],[110.4317,-7.6674],[110.43162,-7.66757],[110.4316,-7.6676],[110.43145,-7.66792],[110.43133,-7.66804],[110.4312,-7.66809],[110.43089,-7.66815],[110.43056,-7.66822],[110.43035,-7.66824],[110.43013,-7.66821],[110.42954,-7.66812],[110.42954,-7.66803]]}},{"type":"Feature","properties":{"id":"jogja-668-8051","kategori":"transmisi","diameter":10,"material":"PVC","zona":"Padasan","tahun":null,"panjang_m":1108},"geometry":{"type":"LineString","coordinates":[[110.43356,-7.64132],[110.43353,-7.64133],[110.43392,-7.64202],[110.4339,-7.64282],[110.43383,-7.64378],[110.434,-7.64489],[110.43449,-7.64712],[110.43449,-7.64742],[110.43437,-7.64784],[110.43402,-7.64859],[110.43405,-7.6491],[110.43416,-7.65025],[110.4338,-7.65086],[110.43383,-7.65088]]}},{"type":"Feature","properties":{"id":"jogja-668-8052","kategori":"transmisi","diameter":10,"material":"PVC","zona":"Padasan","tahun":null,"panjang_m":1565},"geometry":{"type":"LineString","coordinates":[[110.43365,-7.6284],[110.43361,-7.6284],[110.4334,-7.62979],[110.43326,-7.63011],[110.43306,-7.6303],[110.43275,-7.63052],[110.43249,-7.63192],[110.43238,-7.63304],[110.43238,-7.63305],[110.43222,-7.63375],[110.43221,-7.63479],[110.43168,-7.63568],[110.43168,-7.63655],[110.43191,-7.63687],[110.43259,-7.63759],[110.43329,-7.63844],[110.43329,-7.63846],[110.43341,-7.63973],[110.43341,-7.64102],[110.43351,-7.64131],[110.43355,-7.6413]]}},{"type":"Feature","properties":{"id":"jogja-668-8053","kategori":"transmisi","diameter":10,"material":"PVC","zona":"Padasan","tahun":null,"panjang_m":1627},"geometry":{"type":"LineString","coordinates":[[110.43443,-7.61395],[110.4344,-7.61394],[110.43428,-7.61483],[110.4342,-7.61563],[110.43411,-7.61641],[110.43395,-7.61737],[110.43371,-7.61918],[110.43355,-7.62018],[110.43331,-7.62192],[110.43323,-7.62266],[110.43328,-7.62334],[110.43358,-7.62563],[110.4338,-7.62739],[110.43361,-7.62838],[110.43365,-7.62839]]}},{"type":"Feature","properties":{"id":"jogja-668-8054","kategori":"transmisi","diameter":10,"material":"PVC","zona":"Padasan","tahun":null,"panjang_m":590},"geometry":{"type":"LineString","coordinates":[[110.43515,-7.609],[110.43529,-7.60905],[110.4353,-7.60908],[110.43553,-7.60928],[110.43543,-7.60969],[110.43512,-7.61052],[110.43502,-7.61079],[110.43487,-7.61148],[110.43475,-7.61193],[110.43459,-7.61264],[110.43459,-7.61265],[110.43441,-7.61393],[110.43444,-7.61393]]}},{"type":"Feature","properties":{"id":"jogja-668-8055","kategori":"transmisi","diameter":null,"material":null,"zona":"Padasan","tahun":null,"panjang_m":4},"geometry":{"type":"LineString","coordinates":[[110.43504,-7.60867],[110.43502,-7.6087]]}},{"type":"Feature","properties":{"id":"jogja-668-8056","kategori":"transmisi","diameter":null,"material":null,"zona":"Padasan","tahun":null,"panjang_m":3},"geometry":{"type":"LineString","coordinates":[[110.43498,-7.60865],[110.43497,-7.60868]]}},{"type":"Feature","properties":{"id":"jogja-668-8057","kategori":"transmisi","diameter":null,"material":null,"zona":"Padasan","tahun":null,"panjang_m":3},"geometry":{"type":"LineString","coordinates":[[110.43492,-7.60864],[110.43491,-7.60866]]}},{"type":"Feature","properties":{"id":"jogja-668-8058","kategori":"transmisi","diameter":10,"material":"CI","zona":"Padasan","tahun":null,"panjang_m":34},"geometry":{"type":"LineString","coordinates":[[110.43527,-7.60874],[110.43529,-7.60905]]}},{"type":"Feature","properties":{"id":"jogja-668-8059","kategori":"transmisi","diameter":8,"material":"PVC","zona":"Padasan","tahun":null,"panjang_m":1011},"geometry":{"type":"LineString","coordinates":[[110.43504,-7.60511],[110.43508,-7.60511],[110.4353,-7.60903],[110.43532,-7.60908],[110.43538,-7.60921],[110.43549,-7.60932],[110.43532,-7.61001],[110.43503,-7.61079],[110.43489,-7.61149],[110.43477,-7.61192],[110.43461,-7.61265],[110.43441,-7.61392],[110.43444,-7.61393]]}},{"type":"Feature","properties":{"id":"jogja-668-8060","kategori":"transmisi","diameter":8,"material":"PVC","zona":"Padasan","tahun":null,"panjang_m":3187},"geometry":{"type":"LineString","coordinates":[[110.43443,-7.61394],[110.4344,-7.61394],[110.4343,-7.61465],[110.4341,-7.61636],[110.43392,-7.6174],[110.43321,-7.62266],[110.43333,-7.62385],[110.43353,-7.62561],[110.43375,-7.62739],[110.43339,-7.62966],[110.43325,-7.6301],[110.43295,-7.63033],[110.43273,-7.6305],[110.43269,-7.63066],[110.43263,-7.63106],[110.43246,-7.63191],[110.43237,-7.63304],[110.43219,-7.63374],[110.43218,-7.63479],[110.43166,-7.63567],[110.43166,-7.63654],[110.43192,-7.63691],[110.43327,-7.63846],[110.43328,-7.63848],[110.4334,-7.63972],[110.43339,-7.64102],[110.43351,-7.64132],[110.43355,-7.64131]]}},{"type":"Feature","properties":{"id":"jogja-668-8061","kategori":"transmisi","diameter":8,"material":"PVC","zona":"Padasan","tahun":null,"panjang_m":1105},"geometry":{"type":"LineString","coordinates":[[110.43355,-7.64131],[110.43351,-7.64133],[110.43388,-7.64204],[110.43378,-7.64379],[110.43394,-7.64487],[110.43444,-7.64711],[110.43443,-7.64739],[110.43432,-7.64783],[110.43401,-7.64858],[110.43406,-7.64936],[110.43414,-7.65025],[110.43379,-7.65086],[110.43383,-7.65088]]}},{"type":"Feature","properties":{"id":"jogja-668-8100","kategori":"distribusi_utama","diameter":8,"material":"CI","zona":"Bener","tahun":null,"panjang_m":302},"geometry":{"type":"LineString","coordinates":[[110.35586,-7.77801],[110.3554,-7.77919],[110.35509,-7.78007],[110.3555,-7.78021],[110.35555,-7.78028]]}},{"type":"Feature","properties":{"id":"jogja-668-8559","kategori":"distribusi_utama","diameter":8,"material":"PVC","zona":"Bener","tahun":null,"panjang_m":269},"geometry":{"type":"LineString","coordinates":[[110.3549,-7.78211],[110.35277,-7.78167],[110.35255,-7.78162],[110.35252,-7.78164]]}},{"type":"Feature","properties":{"id":"jogja-668-8562","kategori":"distribusi_utama","diameter":8,"material":"ACP","zona":"Bener","tahun":null,"panjang_m":0},"geometry":{"type":"LineString","coordinates":[[110.35491,-7.78211],[110.35491,-7.78211]]}},{"type":"Feature","properties":{"id":"jogja-668-8573","kategori":"distribusi_utama","diameter":8,"material":"ACP","zona":"Bener","tahun":null,"panjang_m":0},"geometry":{"type":"LineString","coordinates":[[110.35252,-7.78164],[110.35252,-7.78164]]}},{"type":"Feature","properties":{"id":"jogja-668-8586","kategori":"distribusi_utama","diameter":8,"material":"CI","zona":"Bener","tahun":null,"panjang_m":76},"geometry":{"type":"LineString","coordinates":[[110.35589,-7.77747],[110.35605,-7.77753],[110.35586,-7.77801],[110.35586,-7.77801]]}},{"type":"Feature","properties":{"id":"jogja-668-8678","kategori":"distribusi_utama","diameter":8,"material":"PVC","zona":"Bener","tahun":null,"panjang_m":6},"geometry":{"type":"LineString","coordinates":[[110.35491,-7.78211],[110.35497,-7.78212]]}},{"type":"Feature","properties":{"id":"jogja-668-8679","kategori":"distribusi_utama","diameter":8,"material":"GS","zona":"Bener","tahun":null,"panjang_m":0},"geometry":{"type":"LineString","coordinates":[[110.35491,-7.78211],[110.35491,-7.78211]]}},{"type":"Feature","properties":{"id":"jogja-668-8680","kategori":"distribusi_utama","diameter":8,"material":"GS","zona":"Bener","tahun":null,"panjang_m":0},"geometry":{"type":"LineString","coordinates":[[110.3549,-7.78211],[110.35491,-7.78211],[110.35491,-7.78211]]}},{"type":"Feature","properties":{"id":"jogja-668-8681","kategori":"distribusi_utama","diameter":8,"material":"CI","zona":"Bener","tahun":null,"panjang_m":220},"geometry":{"type":"LineString","coordinates":[[110.35555,-7.78027],[110.35555,-7.78028],[110.35551,-7.78042],[110.3554,-7.78079],[110.35536,-7.78083],[110.35525,-7.78119],[110.35517,-7.78122],[110.35491,-7.78211]]}},{"type":"Feature","properties":{"id":"jogja-668-8682","kategori":"distribusi_utama","diameter":8,"material":"CI","zona":"Bener","tahun":null,"panjang_m":254},"geometry":{"type":"LineString","coordinates":[[110.35491,-7.78211],[110.35491,-7.78211],[110.35491,-7.78211],[110.35505,-7.78215],[110.35574,-7.78235],[110.35603,-7.78239],[110.35694,-7.7826],[110.357,-7.78256],[110.35713,-7.78259]]}},{"type":"Feature","properties":{"id":"jogja-668-8741","kategori":"distribusi_utama","diameter":8,"material":"ACP","zona":"Bener","tahun":null,"panjang_m":241},"geometry":{"type":"LineString","coordinates":[[110.35491,-7.78211],[110.3549,-7.78211],[110.35353,-7.78181],[110.35276,-7.78166]]}},{"type":"Feature","properties":{"id":"jogja-668-8758","kategori":"transmisi","diameter":8,"material":"PVC","zona":"Padasan","tahun":null,"panjang_m":2374},"geometry":{"type":"LineString","coordinates":[[110.43382,-7.65089],[110.43379,-7.65087],[110.43364,-7.65111],[110.43341,-7.65162],[110.43287,-7.65251],[110.43103,-7.65511],[110.43098,-7.65527],[110.43094,-7.6554],[110.43078,-7.65817],[110.43285,-7.66167],[110.43305,-7.66204],[110.43318,-7.66246],[110.43343,-7.66301],[110.43349,-7.66325],[110.43351,-7.66359],[110.43323,-7.66442],[110.43285,-7.66522],[110.43233,-7.66617],[110.4318,-7.66719],[110.43144,-7.66791],[110.43132,-7.66804],[110.43116,-7.66809],[110.43057,-7.66821],[110.43035,-7.66823],[110.43025,-7.66821],[110.42956,-7.66812],[110.42956,-7.66793],[110.42945,-7.66792],[110.42945,-7.66795]]}},{"type":"Feature","properties":{"id":"jogja-668-8759","kategori":"transmisi","diameter":11,"material":"CI","zona":"Padasan","tahun":null,"panjang_m":1557},"geometry":{"type":"LineString","coordinates":[[110.41909,-7.69345],[110.41906,-7.69349],[110.41891,-7.69377],[110.41881,-7.69399],[110.41857,-7.69428],[110.41852,-7.6946],[110.41633,-7.69862],[110.41442,-7.7018],[110.41347,-7.70295],[110.41209,-7.70543],[110.41198,-7.70538]]}},{"type":"Feature","properties":{"id":"jogja-668-8760","kategori":"transmisi","diameter":11,"material":"CI","zona":"Padasan","tahun":null,"panjang_m":8},"geometry":{"type":"LineString","coordinates":[[110.41906,-7.69349],[110.41913,-7.69353]]}},{"type":"Feature","properties":{"id":"jogja-668-8826","kategori":"transmisi","diameter":10,"material":"PVC","zona":"Padasan","tahun":null,"panjang_m":1278},"geometry":{"type":"LineString","coordinates":[[110.43964,-7.59525],[110.43855,-7.59856],[110.43842,-7.59856],[110.43833,-7.59865],[110.43816,-7.59881],[110.43786,-7.59892],[110.43747,-7.59907],[110.43737,-7.59928],[110.4372,-7.59966],[110.43706,-7.59994],[110.43684,-7.60036],[110.43671,-7.6009],[110.43621,-7.6011],[110.43602,-7.60122],[110.43559,-7.60296],[110.43512,-7.60483],[110.43509,-7.6051],[110.43503,-7.60509]]}},{"type":"Feature","properties":{"id":"jogja-668-8827","kategori":"transmisi","diameter":10,"material":"PVC","zona":"Padasan","tahun":null,"panjang_m":448},"geometry":{"type":"LineString","coordinates":[[110.43504,-7.60511],[110.43508,-7.60511],[110.43507,-7.60529],[110.43527,-7.60874],[110.43504,-7.60867],[110.43498,-7.60865],[110.43492,-7.60864]]}},{"type":"Feature","properties":{"id":"jogja-668-8828","kategori":"transmisi","diameter":10,"material":"PVC","zona":"Padasan","tahun":null,"panjang_m":2351},"geometry":{"type":"LineString","coordinates":[[110.43382,-7.6509],[110.43379,-7.65088],[110.43364,-7.65112],[110.43352,-7.65141],[110.43342,-7.65164],[110.43331,-7.65191],[110.43306,-7.65226],[110.4328,-7.65263],[110.43195,-7.65382],[110.43176,-7.65409],[110.43135,-7.65466],[110.43121,-7.65486],[110.4312,-7.65487],[110.43117,-7.65492],[110.43105,-7.65512],[110.43099,-7.65529],[110.43093,-7.65549],[110.43088,-7.65628],[110.43079,-7.65817],[110.43104,-7.65864],[110.43169,-7.65974],[110.43252,-7.66106],[110.4329,-7.66171],[110.433,-7.66191],[110.43306,-7.66204],[110.43318,-7.66243],[110.43332,-7.66273],[110.43345,-7.66301],[110.43351,-7.66324],[110.43353,-7.6636],[110.43324,-7.66443],[110.43288,-7.6652],[110.43273,-7.66547],[110.43248,-7.66594],[110.4324,-7.66609],[110.43236,-7.66616],[110.43231,-7.66624],[110.43221,-7.66644],[110.43212,-7.6666],[110.43204,-7.66675],[110.43188,-7.66705],[110.43185,-7.66712],[110.43181,-7.66719],[110.4317,-7.6674],[110.43162,-7.66757],[110.4316,-7.6676],[110.43145,-7.66792],[110.43133,-7.66804],[110.4312,-7.66809],[110.43089,-7.66815],[110.43056,-7.66822],[110.43035,-7.66824],[110.43013,-7.66821],[110.42954,-7.66812],[110.42954,-7.66803]]}},{"type":"Feature","properties":{"id":"jogja-668-8829","kategori":"transmisi","diameter":10,"material":"PVC","zona":"Padasan","tahun":null,"panjang_m":1108},"geometry":{"type":"LineString","coordinates":[[110.43356,-7.64132],[110.43353,-7.64133],[110.43392,-7.64202],[110.4339,-7.64282],[110.43383,-7.64378],[110.434,-7.64489],[110.43449,-7.64712],[110.43449,-7.64742],[110.43437,-7.64784],[110.43402,-7.64859],[110.43405,-7.6491],[110.43416,-7.65025],[110.4338,-7.65086],[110.43383,-7.65088]]}},{"type":"Feature","properties":{"id":"jogja-668-8830","kategori":"transmisi","diameter":10,"material":"PVC","zona":"Padasan","tahun":null,"panjang_m":1565},"geometry":{"type":"LineString","coordinates":[[110.43365,-7.6284],[110.43361,-7.6284],[110.4334,-7.62979],[110.43326,-7.63011],[110.43306,-7.6303],[110.43275,-7.63052],[110.43249,-7.63192],[110.43238,-7.63304],[110.43238,-7.63305],[110.43222,-7.63375],[110.43221,-7.63479],[110.43168,-7.63568],[110.43168,-7.63655],[110.43191,-7.63687],[110.43259,-7.63759],[110.43329,-7.63844],[110.43329,-7.63846],[110.43341,-7.63973],[110.43341,-7.64102],[110.43351,-7.64131],[110.43355,-7.6413]]}},{"type":"Feature","properties":{"id":"jogja-668-8831","kategori":"transmisi","diameter":10,"material":"PVC","zona":"Padasan","tahun":null,"panjang_m":1627},"geometry":{"type":"LineString","coordinates":[[110.43443,-7.61395],[110.4344,-7.61394],[110.43428,-7.61483],[110.4342,-7.61563],[110.43411,-7.61641],[110.43395,-7.61737],[110.43371,-7.61918],[110.43355,-7.62018],[110.43331,-7.62192],[110.43323,-7.62266],[110.43328,-7.62334],[110.43358,-7.62563],[110.4338,-7.62739],[110.43361,-7.62838],[110.43365,-7.62839]]}},{"type":"Feature","properties":{"id":"jogja-668-8832","kategori":"transmisi","diameter":10,"material":"PVC","zona":"Padasan","tahun":null,"panjang_m":590},"geometry":{"type":"LineString","coordinates":[[110.43515,-7.609],[110.43529,-7.60905],[110.4353,-7.60908],[110.43553,-7.60928],[110.43543,-7.60969],[110.43512,-7.61052],[110.43502,-7.61079],[110.43487,-7.61148],[110.43475,-7.61193],[110.43459,-7.61264],[110.43459,-7.61265],[110.43441,-7.61393],[110.43444,-7.61393]]}},{"type":"Feature","properties":{"id":"jogja-668-8833","kategori":"transmisi","diameter":null,"material":null,"zona":"Padasan","tahun":null,"panjang_m":4},"geometry":{"type":"LineString","coordinates":[[110.43504,-7.60867],[110.43502,-7.6087]]}},{"type":"Feature","properties":{"id":"jogja-668-8834","kategori":"transmisi","diameter":null,"material":null,"zona":"Padasan","tahun":null,"panjang_m":3},"geometry":{"type":"LineString","coordinates":[[110.43498,-7.60865],[110.43497,-7.60868]]}},{"type":"Feature","properties":{"id":"jogja-668-8835","kategori":"transmisi","diameter":null,"material":null,"zona":"Padasan","tahun":null,"panjang_m":3},"geometry":{"type":"LineString","coordinates":[[110.43492,-7.60864],[110.43491,-7.60866]]}},{"type":"Feature","properties":{"id":"jogja-668-8836","kategori":"transmisi","diameter":10,"material":"CI","zona":"Padasan","tahun":null,"panjang_m":34},"geometry":{"type":"LineString","coordinates":[[110.43527,-7.60874],[110.43529,-7.60905]]}},{"type":"Feature","properties":{"id":"jogja-668-8837","kategori":"transmisi","diameter":8,"material":"PVC","zona":"Padasan","tahun":null,"panjang_m":1011},"geometry":{"type":"LineString","coordinates":[[110.43504,-7.60511],[110.43508,-7.60511],[110.4353,-7.60903],[110.43532,-7.60908],[110.43538,-7.60921],[110.43549,-7.60932],[110.43532,-7.61001],[110.43503,-7.61079],[110.43489,-7.61149],[110.43477,-7.61192],[110.43461,-7.61265],[110.43441,-7.61392],[110.43444,-7.61393]]}},{"type":"Feature","properties":{"id":"jogja-668-8838","kategori":"transmisi","diameter":8,"material":"PVC","zona":"Padasan","tahun":null,"panjang_m":3187},"geometry":{"type":"LineString","coordinates":[[110.43443,-7.61394],[110.4344,-7.61394],[110.4343,-7.61465],[110.4341,-7.61636],[110.43392,-7.6174],[110.43321,-7.62266],[110.43333,-7.62385],[110.43353,-7.62561],[110.43375,-7.62739],[110.43339,-7.62966],[110.43325,-7.6301],[110.43295,-7.63033],[110.43273,-7.6305],[110.43269,-7.63066],[110.43263,-7.63106],[110.43246,-7.63191],[110.43237,-7.63304],[110.43219,-7.63374],[110.43218,-7.63479],[110.43166,-7.63567],[110.43166,-7.63654],[110.43192,-7.63691],[110.43327,-7.63846],[110.43328,-7.63848],[110.4334,-7.63972],[110.43339,-7.64102],[110.43351,-7.64132],[110.43355,-7.64131]]}},{"type":"Feature","properties":{"id":"jogja-668-8839","kategori":"transmisi","diameter":8,"material":"PVC","zona":"Padasan","tahun":null,"panjang_m":1105},"geometry":{"type":"LineString","coordinates":[[110.43355,-7.64131],[110.43351,-7.64133],[110.43388,-7.64204],[110.43378,-7.64379],[110.43394,-7.64487],[110.43444,-7.64711],[110.43443,-7.64739],[110.43432,-7.64783],[110.43401,-7.64858],[110.43406,-7.64936],[110.43414,-7.65025],[110.43379,-7.65086],[110.43383,-7.65088]]}},{"type":"Feature","properties":{"id":"jogja-668-8840","kategori":"transmisi","diameter":8,"material":"PVC","zona":"Padasan","tahun":null,"panjang_m":2374},"geometry":{"type":"LineString","coordinates":[[110.43382,-7.65089],[110.43379,-7.65087],[110.43364,-7.65111],[110.43341,-7.65162],[110.43287,-7.65251],[110.43103,-7.65511],[110.43098,-7.65527],[110.43094,-7.6554],[110.43078,-7.65817],[110.43285,-7.66167],[110.43305,-7.66204],[110.43318,-7.66246],[110.43343,-7.66301],[110.43349,-7.66325],[110.43351,-7.66359],[110.43323,-7.66442],[110.43285,-7.66522],[110.43233,-7.66617],[110.4318,-7.66719],[110.43144,-7.66791],[110.43132,-7.66804],[110.43116,-7.66809],[110.43057,-7.66821],[110.43035,-7.66823],[110.43025,-7.66821],[110.42956,-7.66812],[110.42956,-7.66793],[110.42945,-7.66792],[110.42945,-7.66795]]}},{"type":"Feature","properties":{"id":"jogja-668-8841","kategori":"transmisi","diameter":11,"material":"CI","zona":"Padasan","tahun":null,"panjang_m":8},"geometry":{"type":"LineString","coordinates":[[110.41906,-7.69349],[110.41913,-7.69353]]}},{"type":"Feature","properties":{"id":"jogja-668-8842","kategori":"transmisi","diameter":10,"material":"PVC","zona":"Padasan","tahun":null,"panjang_m":5465},"geometry":{"type":"LineString","coordinates":[[110.43988,-7.59331],[110.43978,-7.59484],[110.43858,-7.59854],[110.4385,-7.59865],[110.43841,-7.59875],[110.43825,-7.59889],[110.43786,-7.59899],[110.43747,-7.59907],[110.43737,-7.59928],[110.4372,-7.59966],[110.43706,-7.59994],[110.43684,-7.60036],[110.43671,-7.6009],[110.43621,-7.6011],[110.43602,-7.60122],[110.43518,-7.60481],[110.4351,-7.60527],[110.43533,-7.60907],[110.43553,-7.60928],[110.43543,-7.60969],[110.43512,-7.61052],[110.43502,-7.61079],[110.43487,-7.61148],[110.43475,-7.61193],[110.43459,-7.61264],[110.43441,-7.61393],[110.4344,-7.61394],[110.43428,-7.61483],[110.4342,-7.61563],[110.43411,-7.61641],[110.43395,-7.61737],[110.43371,-7.61918],[110.43355,-7.62018],[110.43331,-7.62192],[110.43323,-7.62266],[110.43328,-7.62334],[110.43358,-7.62563],[110.4338,-7.62739],[110.43361,-7.62838],[110.43361,-7.6284],[110.4334,-7.62979],[110.43326,-7.63011],[110.43306,-7.6303],[110.43275,-7.63052],[110.43249,-7.63192],[110.43238,-7.63305],[110.43222,-7.63375],[110.43221,-7.63479],[110.43168,-7.63568],[110.43168,-7.63655],[110.43191,-7.63687],[110.43259,-7.63759],[110.43329,-7.63844],[110.43339,-7.63938]]}},{"type":"Feature","properties":{"id":"jogja-668-8843","kategori":"transmisi","diameter":null,"material":null,"zona":"Bedog","tahun":null,"panjang_m":55},"geometry":{"type":"LineString","coordinates":[[110.34018,-7.74983],[110.34066,-7.74997]]}},{"type":"Feature","properties":{"id":"jogja-668-8844","kategori":"transmisi","diameter":null,"material":null,"zona":"Bedog","tahun":null,"panjang_m":34},"geometry":{"type":"LineString","coordinates":[[110.34932,-7.76459],[110.34915,-7.76485]]}},{"type":"Feature","properties":{"id":"jogja-668-8845","kategori":"transmisi","diameter":4,"material":"GI","zona":"Padasan","tahun":null,"panjang_m":8},"geometry":{"type":"LineString","coordinates":[[110.40545,-7.71387],[110.40538,-7.71386]]}},{"type":"Feature","properties":{"id":"jogja-668-8847","kategori":"transmisi","diameter":null,"material":null,"zona":"Padasan","tahun":null,"panjang_m":33},"geometry":{"type":"LineString","coordinates":[[110.41569,-7.69912],[110.41596,-7.69924]]}},{"type":"Feature","properties":{"id":"jogja-668-8848","kategori":"transmisi","diameter":null,"material":null,"zona":"Padasan","tahun":null,"panjang_m":0},"geometry":{"type":"LineString","coordinates":[[110.40538,-7.71386],[110.40538,-7.71386]]}},{"type":"Feature","properties":{"id":"jogja-668-8849","kategori":"transmisi","diameter":4,"material":"GI","zona":"Padasan","tahun":null,"panjang_m":137},"geometry":{"type":"LineString","coordinates":[[110.40684,-7.71414],[110.40563,-7.71385]]}},{"type":"Feature","properties":{"id":"jogja-668-8850","kategori":"transmisi","diameter":4,"material":"GI","zona":"Padasan","tahun":null,"panjang_m":94},"geometry":{"type":"LineString","coordinates":[[110.43043,-7.66444],[110.43033,-7.66445],[110.43034,-7.6647],[110.43084,-7.66468]]}},{"type":"Feature","properties":{"id":"jogja-668-8851","kategori":"transmisi","diameter":4,"material":"GI","zona":"Padasan","tahun":null,"panjang_m":13},"geometry":{"type":"LineString","coordinates":[[110.43033,-7.66438],[110.43033,-7.66444],[110.43039,-7.66444]]}},{"type":"Feature","properties":{"id":"jogja-668-8852","kategori":"transmisi","diameter":4,"material":"GI","zona":"Karanggayam","tahun":null,"panjang_m":27},"geometry":{"type":"LineString","coordinates":[[110.38402,-7.76069],[110.38405,-7.76089],[110.38408,-7.76089]]}},{"type":"Feature","properties":{"id":"jogja-668-8853","kategori":"transmisi","diameter":4,"material":"GI","zona":"Karanggayam","tahun":null,"panjang_m":24},"geometry":{"type":"LineString","coordinates":[[110.38427,-7.76083],[110.38426,-7.76084],[110.38427,-7.7609],[110.38418,-7.76092],[110.38419,-7.76094],[110.38417,-7.76095]]}},{"type":"Feature","properties":{"id":"jogja-668-8854","kategori":"transmisi","diameter":4,"material":"GI","zona":"Karanggayam","tahun":null,"panjang_m":30},"geometry":{"type":"LineString","coordinates":[[110.38415,-7.76075],[110.38406,-7.76077],[110.38409,-7.76092],[110.38412,-7.76091]]}},{"type":"Feature","properties":{"id":"jogja-668-8855","kategori":"transmisi","diameter":6,"material":"CI","zona":"Gemawang","tahun":null,"panjang_m":72},"geometry":{"type":"LineString","coordinates":[[110.38368,-7.75408],[110.38368,-7.75415],[110.38312,-7.75429],[110.38312,-7.75429]]}},{"type":"Feature","properties":{"id":"jogja-668-8856","kategori":"transmisi","diameter":6,"material":"CI","zona":"Gemawang","tahun":null,"panjang_m":1887},"geometry":{"type":"LineString","coordinates":[[110.39163,-7.73963],[110.39209,-7.73988],[110.38975,-7.74381],[110.38709,-7.74838],[110.38703,-7.74847],[110.38671,-7.74903],[110.38617,-7.74997],[110.38569,-7.75079],[110.38538,-7.7513],[110.38403,-7.7536],[110.38376,-7.75406],[110.38372,-7.75407]]}},{"type":"Feature","properties":{"id":"jogja-668-8857","kategori":"transmisi","diameter":6,"material":"CI","zona":"Gemawang","tahun":null,"panjang_m":71},"geometry":{"type":"LineString","coordinates":[[110.38367,-7.75408],[110.38368,-7.75415],[110.38312,-7.75429]]}},{"type":"Feature","properties":{"id":"jogja-668-8858","kategori":"transmisi","diameter":6,"material":"GI","zona":"Padasan","tahun":null,"panjang_m":26},"geometry":{"type":"LineString","coordinates":[[110.43044,-7.66447],[110.43035,-7.66447],[110.43037,-7.66462]]}},{"type":"Feature","properties":{"id":"jogja-668-8859","kategori":"transmisi","diameter":8,"material":"ACP","zona":"Padasan","tahun":null,"panjang_m":1431},"geometry":{"type":"LineString","coordinates":[[110.43138,-7.65003],[110.43121,-7.65073],[110.43131,-7.65096],[110.43157,-7.65122],[110.43157,-7.65206],[110.4312,-7.65288],[110.43131,-7.65322],[110.43196,-7.65371],[110.43098,-7.6551],[110.43093,-7.65528],[110.43089,-7.6555],[110.4307,-7.65817],[110.43132,-7.65925],[110.43078,-7.65991],[110.43067,-7.66002],[110.43024,-7.66028],[110.42995,-7.66043],[110.43003,-7.66092],[110.43006,-7.66109],[110.43015,-7.66113]]}},{"type":"Feature","properties":{"id":"jogja-668-8860","kategori":"transmisi","diameter":6,"material":"CI","zona":"Padasan","tahun":null,"panjang_m":549},"geometry":{"type":"LineString","coordinates":[[110.43095,-7.66448],[110.43097,-7.66473],[110.43042,-7.66499],[110.43011,-7.66522],[110.42954,-7.66517],[110.42939,-7.66592],[110.4291,-7.66795],[110.42944,-7.66798]]}},{"type":"Feature","properties":{"id":"jogja-668-8861","kategori":"transmisi","diameter":4,"material":"PVC","zona":"Padasan","tahun":null,"panjang_m":55},"geometry":{"type":"LineString","coordinates":[[110.43084,-7.66433],[110.43084,-7.66438],[110.43073,-7.66438],[110.43073,-7.66443],[110.43044,-7.66445]]}},{"type":"Feature","properties":{"id":"jogja-668-8862","kategori":"transmisi","diameter":6,"material":"ACP","zona":"Karanggayam","tahun":null,"panjang_m":2},"geometry":{"type":"LineString","coordinates":[[110.38352,-7.76079],[110.38351,-7.76079]]}},{"type":"Feature","properties":{"id":"jogja-668-8863","kategori":"transmisi","diameter":6,"material":"ACP","zona":"Karanggayam","tahun":null,"panjang_m":3},"geometry":{"type":"LineString","coordinates":[[110.38146,-7.76092],[110.38145,-7.76095]]}},{"type":"Feature","properties":{"id":"jogja-668-8864","kategori":"transmisi","diameter":6,"material":"GI","zona":"Gemawang","tahun":null,"panjang_m":120},"geometry":{"type":"LineString","coordinates":[[110.37071,-7.75596],[110.37071,-7.75593],[110.37057,-7.75592],[110.37056,-7.75618],[110.36996,-7.75617],[110.36996,-7.75612]]}},{"type":"Feature","properties":{"id":"jogja-668-8865","kategori":"transmisi","diameter":6,"material":"GI","zona":"Gemawang","tahun":null,"panjang_m":15},"geometry":{"type":"LineString","coordinates":[[110.3707,-7.75618],[110.37056,-7.75617]]}},{"type":"Feature","properties":{"id":"jogja-668-8866","kategori":"transmisi","diameter":6,"material":"CI","zona":"Gemawang","tahun":null,"panjang_m":908},"geometry":{"type":"LineString","coordinates":[[110.37146,-7.74915],[110.37154,-7.74916],[110.37154,-7.74932],[110.37208,-7.74934],[110.37199,-7.74972],[110.37195,-7.74983],[110.37163,-7.7503],[110.37144,-7.75074],[110.37111,-7.75152],[110.37085,-7.75223],[110.37009,-7.75432],[110.37004,-7.75458],[110.36994,-7.75583],[110.37015,-7.75583],[110.37042,-7.75584],[110.37042,-7.75586]]}},{"type":"Feature","properties":{"id":"jogja-668-8867","kategori":"transmisi","diameter":6,"material":"CI","zona":"Gemawang","tahun":null,"panjang_m":811},"geometry":{"type":"LineString","coordinates":[[110.37141,-7.74938],[110.37141,-7.74954],[110.37193,-7.74984],[110.37163,-7.75029],[110.37143,-7.75074],[110.37109,-7.75152],[110.37074,-7.75249],[110.37007,-7.75432],[110.37002,-7.75457],[110.36993,-7.75582],[110.36992,-7.75598]]}},{"type":"Feature","properties":{"id":"jogja-668-8868","kategori":"transmisi","diameter":6,"material":"CI","zona":"Gemawang","tahun":null,"panjang_m":92},"geometry":{"type":"LineString","coordinates":[[110.37042,-7.75611],[110.37042,-7.75621],[110.36991,-7.7562],[110.36992,-7.75598]]}},{"type":"Feature","properties":{"id":"jogja-668-8869","kategori":"transmisi","diameter":6,"material":null,"zona":"Gemawang","tahun":null,"panjang_m":2},"geometry":{"type":"LineString","coordinates":[[110.37015,-7.75583],[110.37015,-7.75585]]}},{"type":"Feature","properties":{"id":"jogja-668-8870","kategori":"transmisi","diameter":6,"material":"CI","zona":"Gemawang","tahun":null,"panjang_m":12},"geometry":{"type":"LineString","coordinates":[[110.37003,-7.75599],[110.36992,-7.75598]]}},{"type":"Feature","properties":{"id":"jogja-668-8871","kategori":"transmisi","diameter":6,"material":"ACP","zona":"Bedog","tahun":null,"panjang_m":6},"geometry":{"type":"LineString","coordinates":[[110.33197,-7.73946],[110.33199,-7.73948],[110.33201,-7.73946]]}},{"type":"Feature","properties":{"id":"jogja-668-8873","kategori":"transmisi","diameter":8,"material":"ACP","zona":"Gemawang","tahun":null,"panjang_m":2},"geometry":{"type":"LineString","coordinates":[[110.38168,-7.72057],[110.38168,-7.72059]]}},{"type":"Feature","properties":{"id":"jogja-668-8874","kategori":"transmisi","diameter":8,"material":"ACP","zona":"Gemawang","tahun":null,"panjang_m":465},"geometry":{"type":"LineString","coordinates":[[110.37923,-7.71675],[110.37914,-7.7167],[110.37885,-7.71731],[110.37859,-7.71782],[110.37833,-7.71835],[110.37822,-7.71856],[110.37816,-7.71869],[110.37797,-7.71902],[110.37787,-7.71921],[110.37785,-7.71941],[110.37764,-7.7198],[110.3776,-7.71994],[110.3776,-7.72005],[110.37761,-7.72018],[110.37765,-7.72032],[110.37765,-7.72037],[110.37765,-7.72042]]}},{"type":"Feature","properties":{"id":"jogja-668-8875","kategori":"transmisi","diameter":8,"material":"ACP","zona":"Gemawang","tahun":null,"panjang_m":1636},"geometry":{"type":"LineString","coordinates":[[110.38609,-7.72174],[110.38627,-7.7218],[110.38638,-7.72157],[110.38718,-7.72191],[110.38728,-7.72199],[110.38797,-7.7222],[110.38807,-7.7223],[110.38829,-7.72249],[110.38872,-7.7226],[110.38921,-7.72261],[110.38924,-7.72258],[110.38951,-7.72259],[110.39001,-7.72264],[110.39004,-7.72265],[110.39004,-7.72282],[110.39108,-7.72378],[110.39131,-7.72399],[110.39159,-7.72416],[110.39166,-7.72415],[110.39227,-7.72443],[110.39229,-7.72453],[110.39321,-7.72492],[110.3934,-7.72498],[110.39351,-7.72502],[110.39649,-7.72576],[110.39651,-7.72571],[110.398,-7.72609],[110.39934,-7.72642]]}},{"type":"Feature","properties":{"id":"jogja-668-8876","kategori":"transmisi","diameter":8,"material":"ACP","zona":"Gemawang","tahun":null,"panjang_m":4},"geometry":{"type":"LineString","coordinates":[[110.3777,-7.72044],[110.37769,-7.72044],[110.37769,-7.72043]]}},{"type":"Feature","properties":{"id":"jogja-668-8877","kategori":"transmisi","diameter":8,"material":"ACP","zona":"Gemawang","tahun":null,"panjang_m":2},"geometry":{"type":"LineString","coordinates":[[110.3863,-7.72149],[110.38629,-7.72151]]}},{"type":"Feature","properties":{"id":"jogja-668-8878","kategori":"transmisi","diameter":8,"material":"ACP","zona":"Gemawang","tahun":null,"panjang_m":563},"geometry":{"type":"LineString","coordinates":[[110.38387,-7.71617],[110.38386,-7.71612],[110.38378,-7.71613],[110.38363,-7.71643],[110.38322,-7.71729],[110.38287,-7.71804],[110.38169,-7.72054],[110.38169,-7.72057],[110.38169,-7.72059]]}},{"type":"Feature","properties":{"id":"jogja-668-8879","kategori":"transmisi","diameter":8,"material":"CI","zona":"Gemawang","tahun":null,"panjang_m":199},"geometry":{"type":"LineString","coordinates":[[110.37179,-7.75625],[110.37167,-7.75641],[110.37158,-7.75634],[110.37147,-7.75629],[110.3701,-7.75626]]}},{"type":"Feature","properties":{"id":"jogja-668-8880","kategori":"transmisi","diameter":8,"material":"ACP","zona":"Gemawang","tahun":null,"panjang_m":1},"geometry":{"type":"LineString","coordinates":[[110.39341,-7.72498],[110.39341,-7.72498],[110.39341,-7.72498],[110.39341,-7.72498],[110.39341,-7.72498],[110.39341,-7.72498],[110.39341,-7.72498],[110.39341,-7.72498],[110.39341,-7.72498],[110.39341,-7.72498]]}},{"type":"Feature","properties":{"id":"jogja-668-8881","kategori":"transmisi","diameter":8,"material":"ACP","zona":"Gemawang","tahun":null,"panjang_m":7},"geometry":{"type":"LineString","coordinates":[[110.39001,-7.72258],[110.39003,-7.72259],[110.39002,-7.72263]]}},{"type":"Feature","properties":{"id":"jogja-668-8882","kategori":"transmisi","diameter":8,"material":"ACP","zona":"Gemawang","tahun":null,"panjang_m":1},"geometry":{"type":"LineString","coordinates":[[110.39341,-7.72497],[110.39341,-7.72498]]}},{"type":"Feature","properties":{"id":"jogja-668-8883","kategori":"transmisi","diameter":8,"material":"ACP","zona":"Gemawang","tahun":null,"panjang_m":1},"geometry":{"type":"LineString","coordinates":[[110.3934,-7.72498],[110.39341,-7.72499],[110.39341,-7.72498]]}},{"type":"Feature","properties":{"id":"jogja-668-8884","kategori":"transmisi","diameter":8,"material":"ACP","zona":"Gemawang","tahun":null,"panjang_m":1},"geometry":{"type":"LineString","coordinates":[[110.398,-7.72608],[110.398,-7.72608],[110.398,-7.72608],[110.398,-7.72608],[110.398,-7.72608],[110.398,-7.72608],[110.398,-7.72609],[110.398,-7.72609],[110.398,-7.72609],[110.398,-7.72609],[110.398,-7.72609],[110.398,-7.72609]]}},{"type":"Feature","properties":{"id":"jogja-668-8885","kategori":"transmisi","diameter":8,"material":"ACP","zona":"Gemawang","tahun":null,"panjang_m":109},"geometry":{"type":"LineString","coordinates":[[110.39363,-7.72416],[110.39349,-7.72414],[110.3934,-7.72492],[110.3934,-7.72498]]}},{"type":"Feature","properties":{"id":"jogja-668-8886","kategori":"transmisi","diameter":8,"material":"ACP","zona":"Gemawang","tahun":null,"panjang_m":207},"geometry":{"type":"LineString","coordinates":[[110.37383,-7.71717],[110.37372,-7.71713],[110.37363,-7.71741],[110.37316,-7.71872],[110.37319,-7.71877],[110.37319,-7.71877]]}},{"type":"Feature","properties":{"id":"jogja-668-8887","kategori":"transmisi","diameter":8,"material":"ACP","zona":"Gemawang","tahun":null,"panjang_m":1},"geometry":{"type":"LineString","coordinates":[[110.398,-7.72609],[110.398,-7.72609],[110.398,-7.72609]]}},{"type":"Feature","properties":{"id":"jogja-668-8888","kategori":"transmisi","diameter":8,"material":"ACP","zona":"Gemawang","tahun":null,"panjang_m":6},"geometry":{"type":"LineString","coordinates":[[110.3934,-7.72492],[110.39342,-7.72493],[110.39341,-7.72497]]}},{"type":"Feature","properties":{"id":"jogja-668-8889","kategori":"transmisi","diameter":8,"material":"ACP","zona":"Gemawang","tahun":null,"panjang_m":1},"geometry":{"type":"LineString","coordinates":[[110.398,-7.72608],[110.398,-7.72608]]}},{"type":"Feature","properties":{"id":"jogja-668-8890","kategori":"transmisi","diameter":8,"material":"ACP","zona":"Gemawang","tahun":null,"panjang_m":9},"geometry":{"type":"LineString","coordinates":[[110.39786,-7.72606],[110.39784,-7.72615]]}},{"type":"Feature","properties":{"id":"jogja-668-8891","kategori":"transmisi","diameter":8,"material":"ACP","zona":"Gemawang","tahun":null,"panjang_m":2},"geometry":{"type":"LineString","coordinates":[[110.37769,-7.7204],[110.37769,-7.72041]]}},{"type":"Feature","properties":{"id":"jogja-668-8892","kategori":"transmisi","diameter":8,"material":"ACP","zona":"Gemawang","tahun":null,"panjang_m":3},"geometry":{"type":"LineString","coordinates":[[110.39801,-7.72606],[110.39801,-7.72606],[110.398,-7.72608]]}},{"type":"Feature","properties":{"id":"jogja-668-8893","kategori":"transmisi","diameter":8,"material":"ACP","zona":"Gemawang","tahun":null,"panjang_m":539},"geometry":{"type":"LineString","coordinates":[[110.37767,-7.72042],[110.37765,-7.72042],[110.3776,-7.72041],[110.37742,-7.72039],[110.37721,-7.72035],[110.37703,-7.7203],[110.37687,-7.72017],[110.37646,-7.71983],[110.37624,-7.71965],[110.37604,-7.71956],[110.37602,-7.71953],[110.37597,-7.71951],[110.37594,-7.71952],[110.37544,-7.71935],[110.375,-7.71925],[110.37497,-7.71921],[110.37489,-7.71919],[110.37485,-7.71922],[110.37319,-7.71877]]}},{"type":"Feature","properties":{"id":"jogja-668-8894","kategori":"transmisi","diameter":8,"material":"ACP","zona":"Gemawang","tahun":null,"panjang_m":6},"geometry":{"type":"LineString","coordinates":[[110.37764,-7.72043],[110.3776,-7.72043],[110.3776,-7.72041]]}},{"type":"Feature","properties":{"id":"jogja-668-8895","kategori":"transmisi","diameter":8,"material":"ACP","zona":"Gemawang","tahun":null,"panjang_m":169},"geometry":{"type":"LineString","coordinates":[[110.398,-7.72608],[110.39801,-7.72609],[110.39934,-7.72641],[110.39939,-7.72626]]}},{"type":"Feature","properties":{"id":"jogja-668-8896","kategori":"transmisi","diameter":8,"material":"ACP","zona":"Gemawang","tahun":null,"panjang_m":1028},"geometry":{"type":"LineString","coordinates":[[110.38625,-7.72151],[110.38551,-7.72115],[110.38542,-7.72117],[110.38534,-7.72113],[110.3853,-7.72107],[110.38453,-7.7207],[110.38447,-7.72072],[110.38395,-7.72049],[110.38391,-7.72043],[110.3831,-7.72007],[110.38296,-7.72044],[110.38289,-7.72051],[110.38169,-7.72061],[110.38127,-7.72063],[110.38118,-7.72059],[110.3803,-7.72063],[110.37992,-7.72064],[110.37987,-7.72061],[110.37977,-7.7206],[110.37971,-7.72064],[110.37834,-7.72048],[110.37823,-7.7205],[110.3777,-7.72044],[110.37764,-7.72043]]}},{"type":"Feature","properties":{"id":"jogja-668-8897","kategori":"transmisi","diameter":8,"material":"ACP","zona":"Gemawang","tahun":null,"panjang_m":2},"geometry":{"type":"LineString","coordinates":[[110.38169,-7.72057],[110.38168,-7.72057],[110.38168,-7.72057]]}},{"type":"Feature","properties":{"id":"jogja-668-8898","kategori":"transmisi","diameter":8,"material":"ACP","zona":"Gemawang","tahun":null,"panjang_m":6},"geometry":{"type":"LineString","coordinates":[[110.37769,-7.7204],[110.37769,-7.72038],[110.37765,-7.72037]]}},{"type":"Feature","properties":{"id":"jogja-668-8899","kategori":"transmisi","diameter":8,"material":"ACP","zona":"Gemawang","tahun":null,"panjang_m":2},"geometry":{"type":"LineString","coordinates":[[110.38168,-7.72059],[110.38168,-7.72059],[110.38168,-7.72059],[110.38168,-7.72059],[110.38168,-7.72059],[110.38168,-7.72059],[110.38168,-7.72059],[110.38168,-7.72059],[110.38168,-7.72059],[110.38168,-7.72059],[110.38168,-7.72059],[110.38168,-7.72059],[110.38168,-7.7206],[110.38168,-7.7206],[110.38168,-7.7206],[110.38168,-7.7206],[110.38168,-7.7206],[110.38168,-7.7206],[110.38168,-7.7206],[110.38168,-7.7206],[110.38168,-7.7206],[110.38168,-7.7206]]}},{"type":"Feature","properties":{"id":"jogja-668-8900","kategori":"transmisi","diameter":8,"material":"ACP","zona":"Gemawang","tahun":null,"panjang_m":3},"geometry":{"type":"LineString","coordinates":[[110.37769,-7.72041],[110.37769,-7.72041],[110.37769,-7.72041],[110.37769,-7.72041],[110.37769,-7.72041],[110.37769,-7.72041],[110.37769,-7.72042],[110.37769,-7.72042],[110.37769,-7.72042],[110.37769,-7.72042],[110.3777,-7.72042],[110.3777,-7.72042],[110.3777,-7.72042],[110.3777,-7.72042],[110.37769,-7.72042],[110.37769,-7.72042],[110.37769,-7.72042],[110.37769,-7.72042],[110.37769,-7.72042],[110.37769,-7.72042],[110.37769,-7.72042],[110.37769,-7.72042],[110.37769,-7.72043],[110.37769,-7.72043],[110.37769,-7.72043]]}},{"type":"Feature","properties":{"id":"jogja-668-8901","kategori":"transmisi","diameter":8,"material":"ACP","zona":"Gemawang","tahun":null,"panjang_m":2},"geometry":{"type":"LineString","coordinates":[[110.38627,-7.72152],[110.38628,-7.72153],[110.38628,-7.72152]]}},{"type":"Feature","properties":{"id":"jogja-668-8902","kategori":"transmisi","diameter":8,"material":"ACP","zona":"Gemawang","tahun":null,"panjang_m":2},"geometry":{"type":"LineString","coordinates":[[110.38168,-7.7206],[110.38168,-7.72061],[110.38169,-7.72061]]}},{"type":"Feature","properties":{"id":"jogja-668-8903","kategori":"transmisi","diameter":8,"material":"ACP","zona":"Gemawang","tahun":null,"panjang_m":2},"geometry":{"type":"LineString","coordinates":[[110.3863,-7.72148],[110.3863,-7.72148],[110.3863,-7.72149]]}},{"type":"Feature","properties":{"id":"jogja-668-8904","kategori":"transmisi","diameter":8,"material":"ACP","zona":"Gemawang","tahun":null,"panjang_m":2},"geometry":{"type":"LineString","coordinates":[[110.38629,-7.72151],[110.38629,-7.72151],[110.38629,-7.72151],[110.38629,-7.72151],[110.38629,-7.72151],[110.38629,-7.72151],[110.38629,-7.72151],[110.38629,-7.72151],[110.38629,-7.72151],[110.38629,-7.72151],[110.38629,-7.72152],[110.38629,-7.72152],[110.38629,-7.72152],[110.38629,-7.72152],[110.38629,-7.72152],[110.38629,-7.72152],[110.38629,-7.72152],[110.38629,-7.72152],[110.38628,-7.72152],[110.38628,-7.72152],[110.38628,-7.72152],[110.38628,-7.72152],[110.38628,-7.72152]]}},{"type":"Feature","properties":{"id":"jogja-668-8905","kategori":"transmisi","diameter":8,"material":"ACP","zona":"Gemawang","tahun":null,"panjang_m":192},"geometry":{"type":"LineString","coordinates":[[110.39019,-7.72102],[110.39028,-7.72103],[110.39001,-7.72258],[110.39,-7.72263]]}},{"type":"Feature","properties":{"id":"jogja-668-8906","kategori":"transmisi","diameter":8,"material":"ACP","zona":"Karanggayam","tahun":null,"panjang_m":322},"geometry":{"type":"LineString","coordinates":[[110.38674,-7.76188],[110.38667,-7.76262],[110.38678,-7.76261],[110.38831,-7.76312],[110.38875,-7.76323]]}},{"type":"Feature","properties":{"id":"jogja-668-8907","kategori":"transmisi","diameter":8,"material":"ACP","zona":"Karanggayam","tahun":null,"panjang_m":52},"geometry":{"type":"LineString","coordinates":[[110.38162,-7.76055],[110.38154,-7.76091],[110.38146,-7.7609],[110.38146,-7.76092]]}},{"type":"Feature","properties":{"id":"jogja-668-8908","kategori":"transmisi","diameter":8,"material":"ACP","zona":"Karanggayam","tahun":null,"panjang_m":8},"geometry":{"type":"LineString","coordinates":[[110.38351,-7.76079],[110.38349,-7.76079],[110.38344,-7.7608]]}},{"type":"Feature","properties":{"id":"jogja-668-8909","kategori":"transmisi","diameter":8,"material":"ACP","zona":"Karanggayam","tahun":null,"panjang_m":207},"geometry":{"type":"LineString","coordinates":[[110.38343,-7.76078],[110.38343,-7.76076],[110.38302,-7.76062],[110.38223,-7.76052],[110.38193,-7.76058],[110.38162,-7.76055],[110.38162,-7.76055]]}},{"type":"Feature","properties":{"id":"jogja-668-8910","kategori":"transmisi","diameter":8,"material":"ACP","zona":"Karanggayam","tahun":null,"panjang_m":16},"geometry":{"type":"LineString","coordinates":[[110.38537,-7.7613],[110.38534,-7.76144]]}},{"type":"Feature","properties":{"id":"jogja-668-8911","kategori":"transmisi","diameter":8,"material":"ACP","zona":"Gemawang","tahun":null,"panjang_m":2},"geometry":{"type":"LineString","coordinates":[[110.39002,-7.72263],[110.39002,-7.72263],[110.39002,-7.72263],[110.39002,-7.72263],[110.39002,-7.72263],[110.39002,-7.72263],[110.39002,-7.72263],[110.39002,-7.72263],[110.39002,-7.72263],[110.39002,-7.72264],[110.39002,-7.72264],[110.39002,-7.72264],[110.39002,-7.72264],[110.39002,-7.72264],[110.39002,-7.72264],[110.39002,-7.72264]]}},{"type":"Feature","properties":{"id":"jogja-668-8912","kategori":"transmisi","diameter":8,"material":"ACP","zona":"Gemawang","tahun":null,"panjang_m":416},"geometry":{"type":"LineString","coordinates":[[110.3878,-7.71839],[110.38793,-7.71843],[110.38792,-7.71849],[110.38788,-7.71854],[110.38779,-7.71864],[110.38769,-7.71871],[110.38761,-7.71879],[110.38753,-7.71889],[110.38749,-7.71898],[110.3874,-7.71927],[110.38733,-7.71952],[110.3873,-7.71973],[110.38726,-7.71992],[110.38718,-7.72011],[110.38707,-7.72036],[110.38668,-7.7211],[110.3866,-7.72124],[110.38642,-7.7213],[110.3863,-7.72148],[110.38628,-7.72151]]}},{"type":"Feature","properties":{"id":"jogja-668-8913","kategori":"transmisi","diameter":8,"material":"ACP","zona":"Gemawang","tahun":null,"panjang_m":496},"geometry":{"type":"LineString","coordinates":[[110.3977,-7.72281],[110.39773,-7.7227],[110.39773,-7.72269],[110.39883,-7.72298],[110.39865,-7.72376],[110.39832,-7.72487],[110.39825,-7.72515],[110.39801,-7.72606],[110.39801,-7.72609]]}},{"type":"Feature","properties":{"id":"jogja-668-8914","kategori":"transmisi","diameter":8,"material":"ACP","zona":"Gemawang","tahun":null,"panjang_m":64},"geometry":{"type":"LineString","coordinates":[[110.38625,-7.72151],[110.38627,-7.72152],[110.38638,-7.72156],[110.38627,-7.72179],[110.38609,-7.72173]]}},{"type":"Feature","properties":{"id":"jogja-668-8915","kategori":"transmisi","diameter":8,"material":"PVC","zona":"Padasan","tahun":null,"panjang_m":3661},"geometry":{"type":"LineString","coordinates":[[110.40538,-7.71386],[110.40527,-7.71451],[110.40361,-7.71419],[110.40307,-7.71407],[110.40265,-7.71397],[110.40223,-7.7139],[110.40212,-7.7143],[110.40205,-7.7147],[110.40201,-7.71504],[110.40183,-7.71578],[110.40155,-7.71679],[110.40153,-7.71679],[110.40119,-7.71798],[110.40114,-7.71803],[110.40067,-7.71799],[110.40059,-7.71803],[110.40049,-7.71833],[110.40039,-7.71869],[110.40027,-7.71937],[110.4002,-7.71947],[110.40004,-7.71963],[110.40001,-7.71973],[110.39994,-7.71995],[110.39966,-7.71987],[110.39962,-7.71989],[110.39959,-7.71988],[110.39956,-7.71984],[110.39897,-7.71967],[110.39837,-7.7195],[110.39834,-7.7195],[110.39723,-7.7192],[110.39723,-7.71917],[110.39721,-7.71914],[110.39706,-7.71909],[110.39699,-7.71911],[110.39634,-7.71891],[110.39566,-7.71886],[110.39488,-7.71876],[110.3946,-7.71871],[110.3942,-7.71861],[110.39412,-7.71856],[110.39412,-7.71851],[110.39418,-7.71844],[110.39422,-7.71836],[110.39424,-7.7183],[110.39425,-7.71809],[110.39427,-7.71795],[110.39427,-7.71779],[110.39425,-7.71764],[110.39422,-7.71735],[110.39422,-7.71683],[110.3939,-7.71674],[110.39359,-7.71663],[110.39347,-7.71657],[110.39346,-7.71652],[110.39346,-7.71647],[110.3935,-7.71633],[110.39356,-7.71571],[110.39354,-7.71566],[110.3933,-7.71557],[110.39239,-7.7149],[110.39233,-7.7149],[110.39214,-7.71562],[110.39198,-7.71613],[110.39175,-7.71675],[110.39156,-7.71668],[110.39135,-7.71663],[110.39118,-7.71657],[110.39103,-7.71652],[110.39082,-7.71644],[110.39058,-7.71633],[110.39014,-7.7162],[110.38991,-7.71617],[110.38949,-7.71615],[110.38909,-7.71616],[110.38897,-7.71622],[110.38895,-7.71629],[110.38833,-7.71744],[110.38816,-7.71774],[110.38798,-7.71834],[110.3879,-7.71849],[110.38751,-7.71895],[110.38733,-7.71954],[110.38731,-7.71973],[110.38726,-7.71994],[110.38706,-7.72041],[110.38663,-7.72121],[110.38646,-7.72125],[110.3864,-7.72129],[110.38621,-7.72159],[110.38628,-7.72164],[110.38629,-7.72169],[110.3863,-7.72169],[110.38624,-7.72187],[110.38622,-7.72188]]}},{"type":"Feature","properties":{"id":"jogja-668-8916","kategori":"transmisi","diameter":8,"material":"ACP","zona":"Gemawang","tahun":null,"panjang_m":394},"geometry":{"type":"LineString","coordinates":[[110.37261,-7.75482],[110.37256,-7.75482],[110.37255,-7.75504],[110.37174,-7.75559],[110.37156,-7.7563],[110.37147,-7.75627],[110.37015,-7.75624],[110.37016,-7.75606]]}},{"type":"Feature","properties":{"id":"jogja-668-8917","kategori":"transmisi","diameter":8,"material":"ACP","zona":"Karanggayam","tahun":null,"panjang_m":21},"geometry":{"type":"LineString","coordinates":[[110.38878,-7.76304],[110.38873,-7.76322]]}},{"type":"Feature","properties":{"id":"jogja-668-8918","kategori":"transmisi","diameter":8,"material":"ACP","zona":"Karanggayam","tahun":null,"panjang_m":9},"geometry":{"type":"LineString","coordinates":[[110.38672,-7.76175],[110.38672,-7.76184]]}},{"type":"Feature","properties":{"id":"jogja-668-8919","kategori":"transmisi","diameter":8,"material":"ACP","zona":"Bedog","tahun":null,"panjang_m":16},"geometry":{"type":"LineString","coordinates":[[110.3443,-7.76017],[110.34419,-7.76026]]}},{"type":"Feature","properties":{"id":"jogja-668-8920","kategori":"transmisi","diameter":8,"material":"ACP","zona":"Bedog","tahun":null,"panjang_m":79},"geometry":{"type":"LineString","coordinates":[[110.34767,-7.76333],[110.34763,-7.76338],[110.34726,-7.76365],[110.34716,-7.76374],[110.3472,-7.76378]]}},{"type":"Feature","properties":{"id":"jogja-668-8921","kategori":"transmisi","diameter":8,"material":"ACP","zona":"Bedog","tahun":null,"panjang_m":17},"geometry":{"type":"LineString","coordinates":[[110.34317,-7.75859],[110.34304,-7.75867]]}},{"type":"Feature","properties":{"id":"jogja-668-8922","kategori":"transmisi","diameter":8,"material":"ACP","zona":"Bedog","tahun":null,"panjang_m":72},"geometry":{"type":"LineString","coordinates":[[110.33372,-7.74141],[110.33368,-7.74146],[110.33357,-7.74195],[110.33349,-7.74192]]}},{"type":"Feature","properties":{"id":"jogja-668-8923","kategori":"transmisi","diameter":8,"material":"ACP","zona":"Bedog","tahun":null,"panjang_m":20},"geometry":{"type":"LineString","coordinates":[[110.33675,-7.74472],[110.33689,-7.7446]]}},{"type":"Feature","properties":{"id":"jogja-668-8924","kategori":"transmisi","diameter":8,"material":"ACP","zona":"Bedog","tahun":null,"panjang_m":19},"geometry":{"type":"LineString","coordinates":[[110.33187,-7.73958],[110.33188,-7.73957],[110.33189,-7.73954],[110.33196,-7.73945],[110.33197,-7.73946]]}},{"type":"Feature","properties":{"id":"jogja-668-8925","kategori":"transmisi","diameter":8,"material":"ACP","zona":"Bedog","tahun":null,"panjang_m":15},"geometry":{"type":"LineString","coordinates":[[110.35569,-7.76855],[110.35561,-7.76866]]}},{"type":"Feature","properties":{"id":"jogja-668-8926","kategori":"transmisi","diameter":8,"material":"ACP","zona":"Bedog","tahun":null,"panjang_m":282},"geometry":{"type":"LineString","coordinates":[[110.33187,-7.73958],[110.33262,-7.74026],[110.33368,-7.74137]]}},{"type":"Feature","properties":{"id":"jogja-668-8927","kategori":"transmisi","diameter":8,"material":"PVC","zona":"Padasan","tahun":null,"panjang_m":1450},"geometry":{"type":"LineString","coordinates":[[110.41187,-7.70544],[110.41204,-7.70552],[110.41094,-7.70745],[110.40772,-7.70693],[110.4072,-7.70787],[110.40662,-7.70898],[110.40601,-7.71004],[110.40599,-7.71012],[110.40585,-7.71099],[110.40567,-7.7121],[110.40553,-7.71288],[110.40542,-7.71364],[110.40538,-7.71386]]}},{"type":"Feature","properties":{"id":"jogja-668-8929","kategori":"transmisi","diameter":8,"material":"ACP","zona":"Bedog","tahun":null,"panjang_m":21},"geometry":{"type":"LineString","coordinates":[[110.34057,-7.7556],[110.34056,-7.75566],[110.34059,-7.75569],[110.34057,-7.75577]]}},{"type":"Feature","properties":{"id":"jogja-668-8930","kategori":"transmisi","diameter":8,"material":"ACP","zona":"Bedog","tahun":null,"panjang_m":6},"geometry":{"type":"LineString","coordinates":[[110.33874,-7.74771],[110.33878,-7.74774]]}},{"type":"Feature","properties":{"id":"jogja-668-8931","kategori":"transmisi","diameter":9,"material":"CI","zona":"Gemawang","tahun":null,"panjang_m":22},"geometry":{"type":"LineString","coordinates":[[110.3701,-7.75606],[110.3701,-7.75626]]}},{"type":"Feature","properties":{"id":"jogja-668-8932","kategori":"transmisi","diameter":10,"material":"CI","zona":"Padasan","tahun":null,"panjang_m":554},"geometry":{"type":"LineString","coordinates":[[110.43094,-7.66448],[110.43096,-7.66471],[110.43041,-7.66498],[110.43009,-7.6652],[110.42953,-7.66516],[110.42937,-7.66592],[110.42908,-7.66796],[110.42944,-7.668]]}},{"type":"Feature","properties":{"id":"jogja-668-8933","kategori":"transmisi","diameter":12,"material":"ACP","zona":"Bedog","tahun":null,"panjang_m":120},"geometry":{"type":"LineString","coordinates":[[110.35116,-7.76618],[110.35131,-7.76626],[110.35194,-7.76638],[110.35203,-7.76632],[110.35216,-7.76637],[110.35218,-7.76639]]}},{"type":"Feature","properties":{"id":"jogja-668-8934","kategori":"transmisi","diameter":12,"material":"ACP","zona":"Bedog","tahun":null,"panjang_m":14},"geometry":{"type":"LineString","coordinates":[[110.35563,-7.76867],[110.35573,-7.76875]]}},{"type":"Feature","properties":{"id":"jogja-668-8935","kategori":"transmisi","diameter":12,"material":"ACP","zona":"Bedog","tahun":null,"panjang_m":278},"geometry":{"type":"LineString","coordinates":[[110.33368,-7.74137],[110.33424,-7.74195],[110.33454,-7.74249],[110.33516,-7.74337]]}},{"type":"Feature","properties":{"id":"jogja-668-8936","kategori":"transmisi","diameter":12,"material":"ACP","zona":"Bedog","tahun":null,"panjang_m":0},"geometry":{"type":"LineString","coordinates":[[110.34536,-7.76249],[110.34536,-7.76249]]}},{"type":"Feature","properties":{"id":"jogja-668-8937","kategori":"transmisi","diameter":12,"material":"ACP","zona":"Bedog","tahun":null,"panjang_m":3196},"geometry":{"type":"LineString","coordinates":[[110.35025,-7.73595],[110.35043,-7.73601],[110.35013,-7.73688],[110.35157,-7.7376],[110.35037,-7.73966],[110.34995,-7.74027],[110.34983,-7.74053],[110.34973,-7.74086],[110.34959,-7.74154],[110.34948,-7.74188],[110.349,-7.74444],[110.34876,-7.74563],[110.34846,-7.7473],[110.34827,-7.74824],[110.34787,-7.75035],[110.34754,-7.75205],[110.34668,-7.75594],[110.34611,-7.75834],[110.34567,-7.76021],[110.34539,-7.76152],[110.34516,-7.76247],[110.34535,-7.76251]]}},{"type":"Feature","properties":{"id":"jogja-668-8938","kategori":"transmisi","diameter":12,"material":"ACP","zona":"Gemawang","tahun":null,"panjang_m":1434},"geometry":{"type":"LineString","coordinates":[[110.38638,-7.72155],[110.38719,-7.7219],[110.38728,-7.72199],[110.38797,-7.72219],[110.38807,-7.72229],[110.38829,-7.72248],[110.38872,-7.7226],[110.38921,-7.72261],[110.38924,-7.72258],[110.38952,-7.72258],[110.39,-7.72263],[110.39005,-7.72264],[110.39005,-7.72281],[110.39013,-7.72289],[110.39069,-7.7234],[110.39108,-7.72378],[110.39132,-7.72398],[110.39159,-7.72415],[110.39167,-7.72414],[110.39228,-7.72442],[110.39229,-7.72452],[110.39321,-7.72492],[110.3934,-7.72498],[110.39351,-7.72502],[110.39432,-7.72522],[110.39649,-7.72575],[110.39651,-7.7257],[110.39723,-7.72589],[110.398,-7.72608]]}},{"type":"Feature","properties":{"id":"jogja-668-8939","kategori":"transmisi","diameter":12,"material":"ACP","zona":"Gemawang","tahun":null,"panjang_m":1024},"geometry":{"type":"LineString","coordinates":[[110.38625,-7.7215],[110.38551,-7.72114],[110.38542,-7.72116],[110.38535,-7.72113],[110.38531,-7.72107],[110.38453,-7.72069],[110.38447,-7.72072],[110.38396,-7.72048],[110.38391,-7.72043],[110.38309,-7.72007],[110.38295,-7.72044],[110.38288,-7.7205],[110.38169,-7.72059],[110.38127,-7.72062],[110.38118,-7.72058],[110.3803,-7.72062],[110.37993,-7.72063],[110.37987,-7.7206],[110.37976,-7.7206],[110.37971,-7.72063],[110.3791,-7.72057],[110.37834,-7.72047],[110.37823,-7.72049],[110.37773,-7.72042],[110.37767,-7.72042]]}},{"type":"Feature","properties":{"id":"jogja-668-8940","kategori":"transmisi","diameter":12,"material":"ACP","zona":"Karanggayam","tahun":null,"panjang_m":29},"geometry":{"type":"LineString","coordinates":[[110.38343,-7.76078],[110.38344,-7.7608],[110.38348,-7.761],[110.3835,-7.761],[110.38352,-7.76101]]}},{"type":"Feature","properties":{"id":"jogja-668-8941","kategori":"transmisi","diameter":12,"material":"ACP","zona":"Karanggayam","tahun":null,"panjang_m":389},"geometry":{"type":"LineString","coordinates":[[110.3835,-7.761],[110.38349,-7.76105],[110.38358,-7.76113],[110.38385,-7.76118],[110.38412,-7.7612],[110.38437,-7.76109],[110.38495,-7.76124],[110.38501,-7.76131],[110.38539,-7.76146],[110.3866,-7.76183],[110.38674,-7.76184],[110.38674,-7.76188]]}},{"type":"Feature","properties":{"id":"jogja-668-8942","kategori":"transmisi","diameter":12,"material":"ACP","zona":"Bedog","tahun":null,"panjang_m":254},"geometry":{"type":"LineString","coordinates":[[110.33516,-7.74337],[110.33517,-7.74338],[110.33517,-7.74338],[110.33583,-7.74338],[110.33689,-7.7446]]}},{"type":"Feature","properties":{"id":"jogja-668-8943","kategori":"transmisi","diameter":12,"material":"ACP","zona":"Bedog","tahun":null,"panjang_m":87},"geometry":{"type":"LineString","coordinates":[[110.33517,-7.74338],[110.33517,-7.74338],[110.33516,-7.74339],[110.33478,-7.74394],[110.33468,-7.74394]]}},{"type":"Feature","properties":{"id":"jogja-668-8944","kategori":"transmisi","diameter":12,"material":"CI","zona":"Bedog","tahun":null,"panjang_m":9},"geometry":{"type":"LineString","coordinates":[[110.35114,-7.76616],[110.3511,-7.76623]]}},{"type":"Feature","properties":{"id":"jogja-668-8945","kategori":"transmisi","diameter":12,"material":"ACP","zona":"Bedog","tahun":null,"panjang_m":855},"geometry":{"type":"LineString","coordinates":[[110.34536,-7.76249],[110.34537,-7.7624],[110.34572,-7.76248],[110.34583,-7.76206],[110.34587,-7.76201],[110.34592,-7.762],[110.34767,-7.76333],[110.34818,-7.76371],[110.34852,-7.76398],[110.349,-7.76435],[110.34948,-7.76472],[110.34997,-7.76505],[110.35081,-7.76566],[110.35105,-7.76611],[110.35114,-7.76616],[110.35116,-7.76618]]}},{"type":"Feature","properties":{"id":"jogja-668-8946","kategori":"transmisi","diameter":16,"material":"ACP","zona":"Bedog","tahun":null,"panjang_m":1200},"geometry":{"type":"LineString","coordinates":[[110.33879,-7.74772],[110.33878,-7.74774],[110.33876,-7.74777],[110.33943,-7.74811],[110.34046,-7.74871],[110.34088,-7.74949],[110.34073,-7.74978],[110.34054,-7.75026],[110.33885,-7.75537],[110.34053,-7.75576]]}},{"type":"Feature","properties":{"id":"jogja-668-8947","kategori":"transmisi","diameter":16,"material":"ACP","zona":"Bedog","tahun":null,"panjang_m":526},"geometry":{"type":"LineString","coordinates":[[110.33689,-7.7446],[110.33707,-7.74481],[110.33837,-7.74537],[110.33874,-7.74537],[110.33888,-7.74548],[110.33903,-7.74571],[110.33903,-7.74583],[110.33899,-7.74586],[110.33927,-7.74633],[110.33929,-7.74648],[110.33923,-7.74654],[110.33923,-7.74665],[110.33915,-7.74669],[110.33903,-7.74721],[110.33882,-7.74767],[110.33879,-7.74772]]}},{"type":"Feature","properties":{"id":"jogja-668-8948","kategori":"transmisi","diameter":16,"material":"ACP","zona":"Gemawang","tahun":null,"panjang_m":23},"geometry":{"type":"LineString","coordinates":[[110.38625,-7.7215],[110.38628,-7.72151],[110.38636,-7.72154],[110.38632,-7.72163]]}},{"type":"Feature","properties":{"id":"jogja-668-8949","kategori":"transmisi","diameter":16,"material":"ACP","zona":"Gemawang","tahun":null,"panjang_m":3},"geometry":{"type":"LineString","coordinates":[[110.38636,-7.72154],[110.38638,-7.72155]]}},{"type":"Feature","properties":{"id":"jogja-668-8950","kategori":"transmisi","diameter":16,"material":"ACP","zona":"Gemawang","tahun":null,"panjang_m":38},"geometry":{"type":"LineString","coordinates":[[110.38607,-7.72175],[110.38609,-7.72172],[110.38625,-7.72178],[110.38631,-7.72166]]}},{"type":"Feature","properties":{"id":"jogja-668-8951","kategori":"transmisi","diameter":16,"material":"ACP","zona":"Gemawang","tahun":null,"panjang_m":5},"geometry":{"type":"LineString","coordinates":[[110.38632,-7.72163],[110.38632,-7.72163],[110.38632,-7.72163],[110.38632,-7.72163],[110.38632,-7.72163],[110.38632,-7.72163],[110.38632,-7.72164],[110.38632,-7.72164],[110.38632,-7.72164],[110.38633,-7.72164],[110.38633,-7.72164],[110.38633,-7.72164],[110.38633,-7.72164],[110.38633,-7.72164],[110.38633,-7.72164],[110.38633,-7.72164],[110.38633,-7.72164],[110.38633,-7.72165],[110.38633,-7.72165],[110.38633,-7.72165],[110.38633,-7.72165],[110.38633,-7.72165],[110.38633,-7.72165],[110.38633,-7.72165],[110.38632,-7.72165],[110.38632,-7.72165],[110.38632,-7.72165],[110.38632,-7.72165],[110.38632,-7.72165],[110.38632,-7.72165],[110.38632,-7.72165],[110.38632,-7.72165],[110.38632,-7.72165],[110.38632,-7.72165],[110.38632,-7.72166],[110.38632,-7.72166],[110.38632,-7.72166],[110.38632,-7.72166],[110.38632,-7.72166],[110.38632,-7.72166],[110.38631,-7.72166],[110.38631,-7.72166],[110.38631,-7.72166],[110.38631,-7.72166],[110.38631,-7.72166],[110.38631,-7.72166],[110.38631,-7.72166]]}},{"type":"Feature","properties":{"id":"jogja-668-8952","kategori":"transmisi","diameter":16,"material":"ACP","zona":"Gemawang","tahun":null,"panjang_m":4433},"geometry":{"type":"LineString","coordinates":[[110.38608,-7.72175],[110.38609,-7.72176],[110.38611,-7.72176],[110.38625,-7.7218],[110.38622,-7.72188],[110.38605,-7.72238],[110.38582,-7.723],[110.38574,-7.72321],[110.38544,-7.72403],[110.38456,-7.72649],[110.38423,-7.72741],[110.38377,-7.72869],[110.38375,-7.7289],[110.38375,-7.72941],[110.38375,-7.72999],[110.38375,-7.73038],[110.38376,-7.73075],[110.38376,-7.73159],[110.38329,-7.73264],[110.3832,-7.73283],[110.38278,-7.7337],[110.3823,-7.73465],[110.38187,-7.73548],[110.38166,-7.73583],[110.38124,-7.73656],[110.38061,-7.73765],[110.37991,-7.73886],[110.37906,-7.7403],[110.37873,-7.74086],[110.3784,-7.7414],[110.37777,-7.74249],[110.37717,-7.7435],[110.3766,-7.74449],[110.3762,-7.74518],[110.37566,-7.74614],[110.37492,-7.74742],[110.37457,-7.74808],[110.37283,-7.75127],[110.37279,-7.75211],[110.37274,-7.75278],[110.37254,-7.75476],[110.37149,-7.75451],[110.3712,-7.75547],[110.37118,-7.75575],[110.37104,-7.75577],[110.3706,-7.75579],[110.37055,-7.75584],[110.37009,-7.75583],[110.37009,-7.75586]]}},{"type":"Feature","properties":{"id":"jogja-668-8953","kategori":"transmisi","diameter":16,"material":"ACP","zona":"Bedog","tahun":null,"panjang_m":2},"geometry":{"type":"LineString","coordinates":[[110.34537,-7.76249],[110.34539,-7.7625]]}},{"type":"Feature","properties":{"id":"jogja-668-8954","kategori":"transmisi","diameter":16,"material":"ACP","zona":"Bedog","tahun":null,"panjang_m":446},"geometry":{"type":"LineString","coordinates":[[110.34053,-7.75576],[110.34057,-7.75577],[110.34129,-7.75594],[110.34245,-7.75759],[110.34317,-7.75859]]}},{"type":"Feature","properties":{"id":"jogja-668-8955","kategori":"transmisi","diameter":12,"material":"GI","zona":"Padasan","tahun":null,"panjang_m":148},"geometry":{"type":"LineString","coordinates":[[110.42994,-7.6599],[110.42991,-7.65991],[110.42987,-7.65992],[110.43004,-7.66092],[110.43007,-7.66108],[110.43016,-7.66111]]}},{"type":"Feature","properties":{"id":"jogja-668-8956","kategori":"transmisi","diameter":20,"material":"CI","zona":"Padasan","tahun":null,"panjang_m":459},"geometry":{"type":"LineString","coordinates":[[110.4302,-7.66117],[110.43013,-7.66167],[110.42966,-7.6645],[110.43038,-7.66446],[110.43042,-7.66446]]}},{"type":"Feature","properties":{"id":"jogja-668-8957","kategori":"transmisi","diameter":20,"material":"ACP","zona":"Bedog","tahun":null,"panjang_m":528},"geometry":{"type":"LineString","coordinates":[[110.34317,-7.75859],[110.34538,-7.76167],[110.34519,-7.76243],[110.34521,-7.76246],[110.34535,-7.76249]]}},{"type":"Feature","properties":{"id":"jogja-668-8958","kategori":"transmisi","diameter":20,"material":"ACP","zona":"Bedog","tahun":null,"panjang_m":2},"geometry":{"type":"LineString","coordinates":[[110.34535,-7.76249],[110.34536,-7.76249],[110.34537,-7.76249],[110.34537,-7.76249]]}},{"type":"Feature","properties":{"id":"jogja-668-8959","kategori":"transmisi","diameter":12,"material":"ACP","zona":"Bedog","tahun":null,"panjang_m":460},"geometry":{"type":"LineString","coordinates":[[110.35218,-7.76639],[110.35228,-7.76646],[110.35299,-7.76673],[110.3532,-7.76688],[110.35365,-7.76721],[110.35477,-7.76803],[110.35561,-7.76866],[110.35563,-7.76867]]}},{"type":"Feature","properties":{"id":"jogja-668-8992","kategori":"distribusi_utama","diameter":8,"material":"HDPE","zona":"Padasan","tahun":null,"panjang_m":3283},"geometry":{"type":"LineString","coordinates":[[110.38291,-7.75547],[110.38291,-7.75548],[110.38277,-7.7558],[110.38277,-7.75581],[110.38251,-7.75631],[110.38231,-7.7567],[110.38228,-7.75677],[110.38208,-7.75729],[110.38192,-7.75767],[110.38182,-7.75793],[110.38178,-7.75802],[110.38178,-7.75803],[110.38158,-7.75849],[110.38157,-7.75852],[110.38124,-7.75933],[110.3808,-7.76038],[110.38038,-7.76139],[110.38012,-7.76203],[110.37997,-7.76239],[110.37995,-7.76243],[110.37993,-7.76248],[110.37861,-7.76573],[110.37853,-7.76574],[110.37848,-7.76583],[110.37854,-7.76593],[110.37762,-7.76816],[110.37526,-7.77387],[110.37438,-7.77601],[110.37436,-7.77606],[110.37436,-7.77607],[110.37435,-7.7761],[110.37432,-7.77622],[110.374,-7.77696],[110.37376,-7.77754],[110.37345,-7.77826],[110.37342,-7.77835],[110.37339,-7.77845],[110.3733,-7.77881],[110.37328,-7.77888],[110.37322,-7.77909],[110.37315,-7.77939],[110.37308,-7.77966],[110.37298,-7.78008],[110.37286,-7.78054],[110.37281,-7.78075],[110.37274,-7.78105],[110.37264,-7.78144],[110.37258,-7.78177],[110.37246,-7.78239],[110.37246,-7.78239],[110.37244,-7.78251],[110.37236,-7.7829],[110.37235,-7.7829],[110.37235,-7.7829],[110.37235,-7.78291]]}},{"type":"Feature","properties":{"id":"jogja-668-9005","kategori":"distribusi_utama","diameter":8,"material":"HDPE","zona":"Padasan","tahun":null,"panjang_m":9},"geometry":{"type":"LineString","coordinates":[[110.37437,-7.77607],[110.37442,-7.77608],[110.37441,-7.77612]]}},{"type":"Feature","properties":{"id":"jogja-668-9007","kategori":"distribusi_utama","diameter":8,"material":"HDPE","zona":"Padasan","tahun":null,"panjang_m":1},"geometry":{"type":"LineString","coordinates":[[110.37436,-7.77606],[110.37437,-7.77607]]}},{"type":"Feature","properties":{"id":"jogja-668-9023","kategori":"distribusi_utama","diameter":8,"material":"HDPE","zona":"Padasan","tahun":null,"panjang_m":10},"geometry":{"type":"LineString","coordinates":[[110.37235,-7.7829],[110.37226,-7.7829]]}},{"type":"Feature","properties":{"id":"jogja-668-9024","kategori":"distribusi_utama","diameter":8,"material":"HDPE","zona":"Gemawang","tahun":null,"panjang_m":89},"geometry":{"type":"LineString","coordinates":[[110.36963,-7.79422],[110.36933,-7.79445],[110.36921,-7.79453],[110.36897,-7.79468]]}},{"type":"Feature","properties":{"id":"jogja-668-9025","kategori":"distribusi_utama","diameter":4,"material":"HDPE","zona":"Gemawang","tahun":null,"panjang_m":5},"geometry":{"type":"LineString","coordinates":[[110.36963,-7.79422],[110.36965,-7.79425]]}},{"type":"Feature","properties":{"id":"jogja-668-9028","kategori":"distribusi_utama","diameter":4,"material":"HDPE","zona":"Karanggayam","tahun":null,"panjang_m":2},"geometry":{"type":"LineString","coordinates":[[110.36986,-7.79404],[110.36987,-7.79406]]}},{"type":"Feature","properties":{"id":"jogja-668-9030","kategori":"transmisi","diameter":10,"material":"CI","zona":"Padasan","tahun":null,"panjang_m":59},"geometry":{"type":"LineString","coordinates":[[110.44019,-7.59288],[110.44008,-7.59313],[110.43988,-7.59331]]}},{"type":"Feature","properties":{"id":"jogja-668-9045","kategori":"distribusi_utama","diameter":12,"material":"HDPE","zona":"Bedog","tahun":null,"panjang_m":1},"geometry":{"type":"LineString","coordinates":[[110.35181,-7.80102],[110.35181,-7.80102],[110.35182,-7.80102],[110.35182,-7.80102],[110.35182,-7.80102],[110.35182,-7.80102],[110.35182,-7.80102],[110.35182,-7.80102],[110.35182,-7.80102],[110.35182,-7.80102]]}},{"type":"Feature","properties":{"id":"jogja-668-9046","kategori":"distribusi_utama","diameter":12,"material":"HDPE","zona":"Bedog","tahun":null,"panjang_m":0},"geometry":{"type":"LineString","coordinates":[[110.35182,-7.80102],[110.35182,-7.80102]]}},{"type":"Feature","properties":{"id":"jogja-668-9047","kategori":"distribusi_utama","diameter":12,"material":"HDPE","zona":"Bedog","tahun":null,"panjang_m":774},"geometry":{"type":"LineString","coordinates":[[110.35181,-7.80102],[110.35181,-7.80102],[110.3518,-7.80102],[110.3518,-7.80104],[110.3518,-7.80105],[110.3513,-7.80343],[110.35109,-7.80444],[110.35088,-7.80544],[110.35086,-7.80551],[110.35062,-7.80664],[110.35042,-7.80763],[110.35041,-7.80767],[110.35038,-7.80782]]}},{"type":"Feature","properties":{"id":"jogja-668-9048","kategori":"distribusi_utama","diameter":12,"material":"ACP","zona":"Bedog","tahun":null,"panjang_m":241},"geometry":{"type":"LineString","coordinates":[[110.35382,-7.80827],[110.35484,-7.80844],[110.35571,-7.80857],[110.35597,-7.80859],[110.35598,-7.80859]]}},{"type":"Feature","properties":{"id":"jogja-668-9049","kategori":"distribusi_utama","diameter":12,"material":"ACP","zona":"Bedog","tahun":null,"panjang_m":25},"geometry":{"type":"LineString","coordinates":[[110.35359,-7.80824],[110.35381,-7.80827]]}},{"type":"Feature","properties":{"id":"jogja-668-9050","kategori":"distribusi_utama","diameter":12,"material":"HDPE","zona":"Bedog","tahun":null,"panjang_m":359},"geometry":{"type":"LineString","coordinates":[[110.35038,-7.80782],[110.35056,-7.80784],[110.35356,-7.80826],[110.35359,-7.80824]]}},{"type":"Feature","properties":{"id":"jogja-668-9051","kategori":"distribusi_utama","diameter":12,"material":"HDPE","zona":"Bedog","tahun":null,"panjang_m":247},"geometry":{"type":"LineString","coordinates":[[110.35381,-7.80827],[110.35384,-7.80831],[110.3557,-7.80858],[110.35601,-7.8086],[110.35601,-7.80861]]}},{"type":"Feature","properties":{"id":"jogja-668-9054","kategori":"distribusi_utama","diameter":4,"material":"HDPE","zona":"Padasan","tahun":null,"panjang_m":5},"geometry":{"type":"LineString","coordinates":[[110.3725,-7.7824],[110.37246,-7.78239]]}},{"type":"Feature","properties":{"id":"jogja-668-9055","kategori":"distribusi_utama","diameter":8,"material":"HDPE","zona":"Karanggayam","tahun":null,"panjang_m":2},"geometry":{"type":"LineString","coordinates":[[110.37115,-7.79345],[110.37113,-7.79347]]}},{"type":"Feature","properties":{"id":"jogja-668-9056","kategori":"distribusi_utama","diameter":8,"material":"HDPE","zona":"Karanggayam","tahun":null,"panjang_m":2},"geometry":{"type":"LineString","coordinates":[[110.37115,-7.79345],[110.37115,-7.79345],[110.37115,-7.79345],[110.37115,-7.79345],[110.37115,-7.79345],[110.37115,-7.79345],[110.37115,-7.79345],[110.37115,-7.79345],[110.37115,-7.79345],[110.37115,-7.79345],[110.37115,-7.79345],[110.37115,-7.79345],[110.37115,-7.79345],[110.37115,-7.79345],[110.37115,-7.79345],[110.37115,-7.79345]]}},{"type":"Feature","properties":{"id":"jogja-668-9057","kategori":"distribusi_utama","diameter":8,"material":"HDPE","zona":"Karanggayam","tahun":null,"panjang_m":1},"geometry":{"type":"LineString","coordinates":[[110.37116,-7.79344],[110.37115,-7.79345]]}},{"type":"Feature","properties":{"id":"jogja-668-9058","kategori":"distribusi_utama","diameter":8,"material":"HDPE","zona":"Karanggayam","tahun":null,"panjang_m":0},"geometry":{"type":"LineString","coordinates":[[110.37156,-7.79343],[110.37156,-7.79344]]}},{"type":"Feature","properties":{"id":"jogja-668-9062","kategori":"distribusi_utama","diameter":12,"material":"HDPE","zona":"Bedog","tahun":null,"panjang_m":0},"geometry":{"type":"LineString","coordinates":[[110.35056,-7.80784],[110.35056,-7.80785]]}},{"type":"Feature","properties":{"id":"jogja-668-9064","kategori":"distribusi_utama","diameter":8,"material":"CI","zona":"Gemawang","tahun":null,"panjang_m":1},"geometry":{"type":"LineString","coordinates":[[110.37016,-7.75626],[110.37016,-7.75627]]}},{"type":"Feature","properties":{"id":"jogja-668-9065","kategori":"distribusi_utama","diameter":8,"material":"HDPE","zona":"Gemawang","tahun":null,"panjang_m":1},"geometry":{"type":"LineString","coordinates":[[110.37016,-7.75626],[110.37016,-7.75626],[110.37016,-7.75626]]}},{"type":"Feature","properties":{"id":"jogja-668-9066","kategori":"distribusi_utama","diameter":8,"material":"HDPE","zona":"Gemawang","tahun":null,"panjang_m":257},"geometry":{"type":"LineString","coordinates":[[110.37016,-7.75626],[110.37004,-7.75626],[110.36987,-7.75626],[110.36982,-7.75625],[110.36974,-7.75717],[110.36969,-7.7577],[110.36964,-7.75821]]}},{"type":"Feature","properties":{"id":"jogja-668-9067","kategori":"distribusi_utama","diameter":8,"material":"HDPE","zona":"Gemawang","tahun":null,"panjang_m":460},"geometry":{"type":"LineString","coordinates":[[110.36964,-7.75821],[110.36956,-7.75826],[110.36951,-7.75837],[110.36953,-7.75839],[110.36905,-7.75873],[110.36893,-7.75882],[110.36881,-7.75893],[110.3687,-7.75955],[110.36858,-7.76013],[110.36848,-7.7608],[110.36841,-7.76119],[110.3684,-7.76123],[110.36834,-7.76159],[110.36828,-7.76188],[110.36828,-7.76188]]}},{"type":"Feature","properties":{"id":"jogja-668-9068","kategori":"distribusi_utama","diameter":8,"material":"HDPE","zona":"Gemawang","tahun":null,"panjang_m":2},"geometry":{"type":"LineString","coordinates":[[110.36824,-7.76202],[110.36825,-7.76203]]}},{"type":"Feature","properties":{"id":"jogja-668-9069","kategori":"distribusi_utama","diameter":8,"material":"HDPE","zona":"Gemawang","tahun":null,"panjang_m":141},"geometry":{"type":"LineString","coordinates":[[110.36824,-7.76204],[110.36824,-7.76204],[110.36811,-7.76204],[110.36782,-7.76204],[110.36698,-7.76203],[110.36698,-7.76202]]}},{"type":"Feature","properties":{"id":"jogja-668-9070","kategori":"distribusi_utama","diameter":8,"material":"ACP","zona":"Gemawang","tahun":null,"panjang_m":63},"geometry":{"type":"LineString","coordinates":[[110.36698,-7.76202],[110.36642,-7.76189]]}},{"type":"Feature","properties":{"id":"jogja-668-9071","kategori":"distribusi_utama","diameter":8,"material":"ACP","zona":"Gemawang","tahun":null,"panjang_m":496},"geometry":{"type":"LineString","coordinates":[[110.36641,-7.76189],[110.36589,-7.7619],[110.36498,-7.76196],[110.36288,-7.76154],[110.36196,-7.76139]]}},{"type":"Feature","properties":{"id":"jogja-668-9072","kategori":"distribusi_utama","diameter":8,"material":"HDPE","zona":"Gemawang","tahun":null,"panjang_m":507},"geometry":{"type":"LineString","coordinates":[[110.36642,-7.76189],[110.36642,-7.76188],[110.36589,-7.76189],[110.36503,-7.76196],[110.36288,-7.76152],[110.36191,-7.76135],[110.36188,-7.76135]]}},{"type":"Feature","properties":{"id":"jogja-668-9144","kategori":"transmisi","diameter":6,"material":"DCI","zona":"Padasan","tahun":null,"panjang_m":48},"geometry":{"type":"LineString","coordinates":[[110.41633,-7.69862],[110.41675,-7.69876]]}},{"type":"Feature","properties":{"id":"jogja-668-9148","kategori":"transmisi","diameter":8,"material":"PVC","zona":"Padasan","tahun":2020,"panjang_m":397},"geometry":{"type":"LineString","coordinates":[[110.39834,-7.7195],[110.39773,-7.72152],[110.39745,-7.72247],[110.39741,-7.72261],[110.39773,-7.7227]]}},{"type":"Feature","properties":{"id":"jogja-668-9149","kategori":"transmisi","diameter":4,"material":"GI","zona":"Bener","tahun":null,"panjang_m":7},"geometry":{"type":"LineString","coordinates":[[110.35588,-7.77744],[110.35587,-7.77746],[110.35586,-7.77746],[110.35585,-7.77748],[110.35586,-7.77748]]}},{"type":"Feature","properties":{"id":"jogja-668-9150","kategori":"transmisi","diameter":4,"material":"GI","zona":"Bener","tahun":null,"panjang_m":4},"geometry":{"type":"LineString","coordinates":[[110.35585,-7.77743],[110.35588,-7.77744]]}},{"type":"Feature","properties":{"id":"jogja-668-9151","kategori":"transmisi","diameter":3,"material":"GI","zona":"Bener","tahun":null,"panjang_m":4},"geometry":{"type":"LineString","coordinates":[[110.35585,-7.77743],[110.35582,-7.77741]]}},{"type":"Feature","properties":{"id":"jogja-668-9152","kategori":"transmisi","diameter":3,"material":"GI","zona":"Bener","tahun":null,"panjang_m":14},"geometry":{"type":"LineString","coordinates":[[110.35589,-7.77731],[110.35585,-7.77743]]}},{"type":"Feature","properties":{"id":"jogja-668-9153","kategori":"transmisi","diameter":4,"material":"GI","zona":"Bener","tahun":null,"panjang_m":11},"geometry":{"type":"LineString","coordinates":[[110.35592,-7.77736],[110.35591,-7.77738],[110.3559,-7.77738],[110.35588,-7.77744]]}},{"type":"Feature","properties":{"id":"jogja-668-9185","kategori":"transmisi","diameter":10,"material":"CI","zona":"Padasan","tahun":null,"panjang_m":74},"geometry":{"type":"LineString","coordinates":[[110.42966,-7.6645],[110.42959,-7.66484],[110.42953,-7.66516]]}},{"type":"Feature","properties":{"id":"jogja-668-9186","kategori":"transmisi","diameter":6,"material":"CI","zona":"Padasan","tahun":null,"panjang_m":15},"geometry":{"type":"LineString","coordinates":[[110.42959,-7.66484],[110.42946,-7.66484]]}},{"type":"Feature","properties":{"id":"jogja-668-9187","kategori":"transmisi","diameter":10,"material":"CI","zona":"Padasan","tahun":null,"panjang_m":58},"geometry":{"type":"LineString","coordinates":[[110.43038,-7.66446],[110.43041,-7.66498]]}},{"type":"Feature","properties":{"id":"jogja-668-9188","kategori":"transmisi","diameter":10,"material":"CI","zona":"Padasan","tahun":null,"panjang_m":27},"geometry":{"type":"LineString","coordinates":[[110.42908,-7.66796],[110.42905,-7.6682]]}},{"type":"Feature","properties":{"id":"jogja-668-9217","kategori":"transmisi","diameter":12,"material":"CI","zona":"Padasan","tahun":null,"panjang_m":35},"geometry":{"type":"LineString","coordinates":[[110.43074,-7.66434],[110.43081,-7.66434],[110.43082,-7.66442],[110.43083,-7.66451],[110.43076,-7.66451]]}},{"type":"Feature","properties":{"id":"jogja-668-9218","kategori":"transmisi","diameter":12,"material":"CI","zona":"Padasan","tahun":null,"panjang_m":6},"geometry":{"type":"LineString","coordinates":[[110.43087,-7.66442],[110.43082,-7.66442]]}},{"type":"Feature","properties":{"id":"jogja-668-9219","kategori":"transmisi","diameter":12,"material":"CI","zona":"Padasan","tahun":null,"panjang_m":3},"geometry":{"type":"LineString","coordinates":[[110.43074,-7.66435],[110.43074,-7.66436],[110.43074,-7.66438]]}},{"type":"Feature","properties":{"id":"jogja-668-9220","kategori":"transmisi","diameter":12,"material":"CI","zona":"Padasan","tahun":null,"panjang_m":3},"geometry":{"type":"LineString","coordinates":[[110.43075,-7.66448],[110.43075,-7.66449],[110.43075,-7.6645]]}},{"type":"Feature","properties":{"id":"jogja-668-9221","kategori":"transmisi","diameter":12,"material":"CI","zona":"Padasan","tahun":null,"panjang_m":19},"geometry":{"type":"LineString","coordinates":[[110.43074,-7.66436],[110.43076,-7.66436],[110.43076,-7.66443],[110.43077,-7.66449],[110.43075,-7.66449]]}},{"type":"Feature","properties":{"id":"jogja-668-9222","kategori":"transmisi","diameter":12,"material":"CI","zona":"Padasan","tahun":null,"panjang_m":15},"geometry":{"type":"LineString","coordinates":[[110.43088,-7.66439],[110.43087,-7.66441],[110.43077,-7.66442],[110.43076,-7.66443]]}},{"type":"Feature","properties":{"id":"jogja-668-9224","kategori":"distribusi_utama","diameter":4,"material":"CI","zona":"Karanggayam","tahun":null,"panjang_m":2},"geometry":{"type":"LineString","coordinates":[[110.38124,-7.78295],[110.38124,-7.78297]]}},{"type":"Feature","properties":{"id":"jogja-668-9225","kategori":"distribusi_utama","diameter":4,"material":"PVC","zona":"Pengok","tahun":null,"panjang_m":2},"geometry":{"type":"LineString","coordinates":[[110.39364,-7.78835],[110.39366,-7.78835]]}},{"type":"Feature","properties":{"id":"jogja-668-9228","kategori":"transmisi","diameter":0.75,"material":"GI","zona":"Padasan","tahun":null,"panjang_m":2},"geometry":{"type":"LineString","coordinates":[[110.43559,-7.60296],[110.43557,-7.60296]]}},{"type":"Feature","properties":{"id":"jogja-668-9242","kategori":"distribusi_utama","diameter":6,"material":"HDPE","zona":"Gemawang","tahun":2022,"panjang_m":764},"geometry":{"type":"LineString","coordinates":[[110.36888,-7.79471],[110.36894,-7.79484],[110.36907,-7.79544],[110.36906,-7.79596],[110.36906,-7.796],[110.36906,-7.79601],[110.36904,-7.79651],[110.36903,-7.79664],[110.36903,-7.79665],[110.36904,-7.79666],[110.36927,-7.79691],[110.36931,-7.797],[110.36931,-7.79701],[110.36936,-7.79761],[110.36936,-7.79764],[110.36937,-7.79794],[110.36938,-7.79816],[110.36939,-7.79837],[110.36937,-7.79884],[110.36937,-7.79897],[110.36936,-7.79913],[110.36935,-7.79934],[110.36934,-7.79956],[110.36934,-7.79957],[110.36934,-7.79967],[110.36932,-7.80008],[110.36931,-7.80034],[110.36931,-7.80049],[110.36927,-7.80145]]}},{"type":"Feature","properties":{"id":"jogja-668-9245","kategori":"distribusi_utama","diameter":6,"material":"HDPE","zona":"Gemawang","tahun":null,"panjang_m":5},"geometry":{"type":"LineString","coordinates":[[110.36902,-7.79593],[110.36906,-7.79596]]}},{"type":"Feature","properties":{"id":"jogja-668-9302","kategori":"distribusi_utama","diameter":24,"material":"GS","zona":"Bedog","tahun":2019,"panjang_m":1},"geometry":{"type":"LineString","coordinates":[[110.35186,-7.80082],[110.35186,-7.80083]]}},{"type":"Feature","properties":{"id":"jogja-668-9303","kategori":"distribusi_utama","diameter":10,"material":"GS","zona":"Bedog","tahun":2019,"panjang_m":1},"geometry":{"type":"LineString","coordinates":[[110.35466,-7.80099],[110.35466,-7.80099],[110.35466,-7.801]]}},{"type":"Feature","properties":{"id":"jogja-668-9304","kategori":"distribusi_utama","diameter":4,"material":"GS","zona":"Bedog","tahun":2019,"panjang_m":8},"geometry":{"type":"LineString","coordinates":[[110.35652,-7.8011],[110.35652,-7.80111],[110.35652,-7.80111],[110.35652,-7.80111],[110.35652,-7.80111],[110.35652,-7.80111],[110.35652,-7.80111],[110.35652,-7.80111],[110.35652,-7.80112],[110.35652,-7.80112],[110.35652,-7.80112],[110.35652,-7.80112],[110.35652,-7.80112],[110.35652,-7.80112],[110.35652,-7.80112],[110.35652,-7.80112],[110.35652,-7.80113],[110.35654,-7.80113],[110.35654,-7.80114]]}},{"type":"Feature","properties":{"id":"jogja-668-9322","kategori":"distribusi_utama","diameter":8,"material":"GI","zona":"Gemawang","tahun":null,"panjang_m":26},"geometry":{"type":"LineString","coordinates":[[110.36196,-7.76139],[110.36189,-7.76131],[110.36175,-7.7613]]}},{"type":"Feature","properties":{"id":"jogja-668-9331","kategori":"distribusi_utama","diameter":6,"material":"HDPE","zona":"Gemawang","tahun":2022,"panjang_m":146},"geometry":{"type":"LineString","coordinates":[[110.36743,-7.79012],[110.36635,-7.79004],[110.36613,-7.79],[110.36612,-7.78997]]}},{"type":"Feature","properties":{"id":"jogja-668-9332","kategori":"distribusi_utama","diameter":6,"material":"HDPE","zona":"Gemawang","tahun":2022,"panjang_m":558},"geometry":{"type":"LineString","coordinates":[[110.36762,-7.79042],[110.36762,-7.79053],[110.36762,-7.79061],[110.36762,-7.79064],[110.36762,-7.79064],[110.36762,-7.79064],[110.36762,-7.79064],[110.36762,-7.79064],[110.36762,-7.79064],[110.36763,-7.79064],[110.36763,-7.79064],[110.36763,-7.79064],[110.36763,-7.79064],[110.36763,-7.79064],[110.36763,-7.79064],[110.36763,-7.79064],[110.36763,-7.79064],[110.36763,-7.79064],[110.36763,-7.79064],[110.36763,-7.79064],[110.36763,-7.79064],[110.36763,-7.79064],[110.36763,-7.79065],[110.36763,-7.79065],[110.36763,-7.79065],[110.36763,-7.79065],[110.36763,-7.79065],[110.36763,-7.79065],[110.36763,-7.79065],[110.36763,-7.79065],[110.36763,-7.79065],[110.36763,-7.79065],[110.36763,-7.79065],[110.36763,-7.79066],[110.36763,-7.79066],[110.36763,-7.79066],[110.36763,-7.79066],[110.36763,-7.79066],[110.36763,-7.79066],[110.36763,-7.79066],[110.36763,-7.79066],[110.36762,-7.79066],[110.36762,-7.79066],[110.36762,-7.79066],[110.36762,-7.79066],[110.36762,-7.79066],[110.36762,-7.79066],[110.36762,-7.79066],[110.36762,-7.79072],[110.36762,-7.79075],[110.36762,-7.79075],[110.36762,-7.79075],[110.36762,-7.79075],[110.36762,-7.79075],[110.36762,-7.79075],[110.36762,-7.79075],[110.36762,-7.79075],[110.36762,-7.79075],[110.36762,-7.79075],[110.36762,-7.79075],[110.36762,-7.79075],[110.36762,-7.79075],[110.36762,-7.79075],[110.36763,-7.79075],[110.36763,-7.79075],[110.36763,-7.79075],[110.36763,-7.79076],[110.36763,-7.79076],[110.36763,-7.79076],[110.36763,-7.79076],[110.36763,-7.79076],[110.36763,-7.79076],[110.36763,-7.79076],[110.36763,-7.79076],[110.36763,-7.79076],[110.36763,-7.79076],[110.36763,-7.79076],[110.36762,-7.79077],[110.36762,-7.79077],[110.36762,-7.79077],[110.36762,-7.79077],[110.36762,-7.79077],[110.36762,-7.79077],[110.36762,-7.79077],[110.36762,-7.79077],[110.36762,-7.79077],[110.36762,-7.79077],[110.36762,-7.79077],[110.36762,-7.79077],[110.36762,-7.79077],[110.36761,-7.79077],[110.36761,-7.79077],[110.3676,-7.79131],[110.3676,-7.79133],[110.3676,-7.79135],[110.36759,-7.79227],[110.36759,-7.79237],[110.36759,-7.79237],[110.36759,-7.79237],[110.36759,-7.79237],[110.36759,-7.79237],[110.36759,-7.79238],[110.36759,-7.79238],[110.36759,-7.79238],[110.36759,-7.79238],[110.3676,-7.79238],[110.3676,-7.79238],[110.3676,-7.79238],[110.3676,-7.79238],[110.3676,-7.79238],[110.3676,-7.79238],[110.3676,-7.79238],[110.3676,-7.79238],[110.3676,-7.79238],[110.3676,-7.79238],[110.3676,-7.79238],[110.3676,-7.79238],[110.3676,-7.79238],[110.3676,-7.79238],[110.3676,-7.79239],[110.3676,-7.79239],[110.3676,-7.79239],[110.3676,-7.79239],[110.3676,-7.79239],[110.3676,-7.79239],[110.3676,-7.79239],[110.3676,-7.79239],[110.3676,-7.79239],[110.3676,-7.79239],[110.3676,-7.79239],[110.3676,-7.7924],[110.3676,-7.7924],[110.3676,-7.7924],[110.3676,-7.7924],[110.3676,-7.7924],[110.3676,-7.7924],[110.3676,-7.7924],[110.3676,-7.7924],[110.3676,-7.7924],[110.36759,-7.7924],[110.36759,-7.7924],[110.36759,-7.7924],[110.36759,-7.7924],[110.36759,-7.7924],[110.36759,-7.7924],[110.36759,-7.7924],[110.36759,-7.7924],[110.36759,-7.7924],[110.36759,-7.79267],[110.36759,-7.79268],[110.36759,-7.79268],[110.36759,-7.79268],[110.36759,-7.79268],[110.36759,-7.79269],[110.36759,-7.79269],[110.36759,-7.79269],[110.36759,-7.79269],[110.36759,-7.79269],[110.36759,-7.79269],[110.36759,-7.79269],[110.36759,-7.79269],[110.36759,-7.79269],[110.3676,-7.79269],[110.3676,-7.79269],[110.3676,-7.79269],[110.3676,-7.79269],[110.3676,-7.7927],[110.3676,-7.7927],[110.36759,-7.7927],[110.36759,-7.7927],[110.36759,-7.7927],[110.36759,-7.7927],[110.36759,-7.7927],[110.36759,-7.7927],[110.36759,-7.7927],[110.36759,-7.7927],[110.36759,-7.7927],[110.36759,-7.7927],[110.36759,-7.7927],[110.36759,-7.7927],[110.36759,-7.7927],[110.36759,-7.7927],[110.36761,-7.79294],[110.36763,-7.79312],[110.36766,-7.79355],[110.36766,-7.79355],[110.36766,-7.79355],[110.36766,-7.79355],[110.36766,-7.79355],[110.36766,-7.79355],[110.36766,-7.79355],[110.36767,-7.79355],[110.36767,-7.79356],[110.36767,-7.79356],[110.36767,-7.79356],[110.36767,-7.79356],[110.36767,-7.79356],[110.36767,-7.79356],[110.36767,-7.79356],[110.36767,-7.79356],[110.36767,-7.79356],[110.36767,-7.79356],[110.36767,-7.79356],[110.36767,-7.79356],[110.36767,-7.79356],[110.36767,-7.79356],[110.36767,-7.79356],[110.36767,-7.79357],[110.36767,-7.79357],[110.36767,-7.79357],[110.36767,-7.79357],[110.36767,-7.79357],[110.36767,-7.79357],[110.36767,-7.79357],[110.36767,-7.79357],[110.36767,-7.79357],[110.36767,-7.79357],[110.36767,-7.79357],[110.36767,-7.79357],[110.36767,-7.79357],[110.36766,-7.79357],[110.36766,-7.79357],[110.36766,-7.79357],[110.36766,-7.79357],[110.36769,-7.79368],[110.36769,-7.79368],[110.36769,-7.79368],[110.36769,-7.79368],[110.3677,-7.79368],[110.3677,-7.79368],[110.3677,-7.79368],[110.3677,-7.79368],[110.3677,-7.79368],[110.3677,-7.79368],[110.3677,-7.79368],[110.3677,-7.79368],[110.3677,-7.79368],[110.3677,-7.79368],[110.3677,-7.79368],[110.3677,-7.79368],[110.3677,-7.79368],[110.3677,-7.79368],[110.3677,-7.79368],[110.3677,-7.79369],[110.3677,-7.79369],[110.36771,-7.79369],[110.36771,-7.79369],[110.36771,-7.79369],[110.3677,-7.79369],[110.3677,-7.79369],[110.3677,-7.79369],[110.3677,-7.79369],[110.3677,-7.79369],[110.3677,-7.79369],[110.3677,-7.79369],[110.3677,-7.79369],[110.3677,-7.79369],[110.3677,-7.79369],[110.3677,-7.79369],[110.3677,-7.7937],[110.3677,-7.7937],[110.3677,-7.7937],[110.3677,-7.7937],[110.3677,-7.7937],[110.36773,-7.79376],[110.36776,-7.79382],[110.36776,-7.79382],[110.36778,-7.79386],[110.36779,-7.79386],[110.36779,-7.79386],[110.36779,-7.79386],[110.36779,-7.79386],[110.36779,-7.79386],[110.36779,-7.79386],[110.36779,-7.79386],[110.36779,-7.79386],[110.36779,-7.79386],[110.36779,-7.79386],[110.36779,-7.79386],[110.36779,-7.79386],[110.36779,-7.79386],[110.36779,-7.79386],[110.36779,-7.79386],[110.36779,-7.79386],[110.36779,-7.79386],[110.36779,-7.79387],[110.36779,-7.79387],[110.36779,-7.79387],[110.36779,-7.79387],[110.36779,-7.79387],[110.36779,-7.79387],[110.36779,-7.79387],[110.36779,-7.79387],[110.36779,-7.79387],[110.36784,-7.79393],[110.36784,-7.79393],[110.36784,-7.79393],[110.36784,-7.79393],[110.36784,-7.79393],[110.36784,-7.79393],[110.36784,-7.79393],[110.36784,-7.79393],[110.36784,-7.79393],[110.36784,-7.79393],[110.36784,-7.79393],[110.36785,-7.79393],[110.36785,-7.79393],[110.36785,-7.79393],[110.36785,-7.79393],[110.36785,-7.79393],[110.36785,-7.79393],[110.36785,-7.79393],[110.36785,-7.79393],[110.36785,-7.79393],[110.36785,-7.79393],[110.36785,-7.79393],[110.36785,-7.79393],[110.36785,-7.79393],[110.36785,-7.79394],[110.36785,-7.79394],[110.36785,-7.79394],[110.36785,-7.79394],[110.36785,-7.79394],[110.36785,-7.79394],[110.36785,-7.79394],[110.36785,-7.79394],[110.36794,-7.79405],[110.36813,-7.79425],[110.36816,-7.79428],[110.3682,-7.79432],[110.36828,-7.79437],[110.3683,-7.79438],[110.36867,-7.79458],[110.36883,-7.79467],[110.36888,-7.79471]]}},{"type":"Feature","properties":{"id":"jogja-668-9333","kategori":"distribusi_utama","diameter":6,"material":"HDPE","zona":"Gemawang","tahun":2022,"panjang_m":44},"geometry":{"type":"LineString","coordinates":[[110.36743,-7.79012],[110.36743,-7.79013],[110.36753,-7.79026],[110.36758,-7.79032],[110.36758,-7.79032],[110.36758,-7.79032],[110.36758,-7.79032],[110.36758,-7.79032],[110.36758,-7.79032],[110.36758,-7.79032],[110.36758,-7.79032],[110.36758,-7.79032],[110.36758,-7.79032],[110.36758,-7.79032],[110.36758,-7.79032],[110.36758,-7.79032],[110.36758,-7.79032],[110.36759,-7.79032],[110.36759,-7.79032],[110.36759,-7.79032],[110.36759,-7.79032],[110.36759,-7.79032],[110.36759,-7.79032],[110.36759,-7.79032],[110.36759,-7.79032],[110.36759,-7.79032],[110.36759,-7.79032],[110.3676,-7.79032],[110.3676,-7.79032],[110.3676,-7.79032],[110.3676,-7.79032],[110.3676,-7.79032],[110.3676,-7.79032],[110.3676,-7.79032],[110.3676,-7.79032],[110.3676,-7.79032],[110.3676,-7.79032],[110.3676,-7.79032],[110.3676,-7.79032],[110.3676,-7.79032],[110.3676,-7.79033],[110.3676,-7.79033],[110.3676,-7.79033],[110.3676,-7.79033],[110.3676,-7.79033],[110.36761,-7.79033],[110.36761,-7.79033],[110.36761,-7.79033],[110.36761,-7.79033],[110.36761,-7.79033],[110.36761,-7.79033],[110.36761,-7.79034],[110.3676,-7.79034],[110.3676,-7.79034],[110.3676,-7.79034],[110.3676,-7.79034],[110.3676,-7.79034],[110.3676,-7.79034],[110.3676,-7.79034],[110.3676,-7.79034],[110.3676,-7.79034],[110.3676,-7.79034],[110.36762,-7.79037],[110.36762,-7.79042]]}},{"type":"Feature","properties":{"id":"jogja-668-9348","kategori":"distribusi_utama","diameter":6,"material":"HDPE","zona":"Gemawang","tahun":2022,"panjang_m":10},"geometry":{"type":"LineString","coordinates":[[110.36776,-7.79382],[110.36774,-7.79383],[110.36774,-7.79383],[110.36774,-7.79383],[110.36774,-7.79383],[110.36774,-7.79383],[110.36774,-7.79383],[110.36774,-7.79383],[110.36774,-7.79383],[110.36774,-7.79384],[110.36774,-7.79384],[110.36774,-7.79384],[110.36771,-7.79385],[110.36771,-7.79388]]}},{"type":"Feature","properties":{"id":"jogja-668-9349","kategori":"distribusi_utama","diameter":6,"material":"HDPE","zona":"Gemawang","tahun":2022,"panjang_m":2},"geometry":{"type":"LineString","coordinates":[[110.36772,-7.79388],[110.36771,-7.79388],[110.3677,-7.79388]]}},{"type":"Feature","properties":{"id":"jogja-668-9399","kategori":"distribusi_utama","diameter":20,"material":"HDPE","zona":"Bedog","tahun":null,"panjang_m":304},"geometry":{"type":"LineString","coordinates":[[110.35182,-7.80102],[110.35282,-7.80104],[110.35458,-7.80107]]}},{"type":"Feature","properties":{"id":"jogja-668-9400","kategori":"distribusi_utama","diameter":20,"material":"HDPE","zona":"Bedog","tahun":null,"panjang_m":78},"geometry":{"type":"LineString","coordinates":[[110.35195,-7.80033],[110.35195,-7.80033],[110.35195,-7.80034],[110.35181,-7.80102]]}},{"type":"Feature","properties":{"id":"jogja-668-9401","kategori":"distribusi_utama","diameter":24,"material":"GS","zona":"Bedog","tahun":null,"panjang_m":2},"geometry":{"type":"LineString","coordinates":[[110.35196,-7.80031],[110.35195,-7.80033]]}},{"type":"Feature","properties":{"id":"jogja-668-9424","kategori":"distribusi_utama","diameter":14,"material":"CI","zona":"Karanggayam","tahun":null,"panjang_m":1809},"geometry":{"type":"LineString","coordinates":[[110.38416,-7.76123],[110.38419,-7.7616],[110.38416,-7.76178],[110.38394,-7.76331],[110.38372,-7.76391],[110.3833,-7.76531],[110.38306,-7.76577],[110.38258,-7.76694],[110.38254,-7.76736],[110.38264,-7.76821],[110.38252,-7.76961],[110.38143,-7.77238],[110.38133,-7.77285],[110.38073,-7.77413],[110.38057,-7.7746],[110.38033,-7.77537],[110.38006,-7.77614],[110.38005,-7.77658],[110.38006,-7.77677]]}}]}