{"type":"FeatureCollection","name":"wosusokas_pipa_indikatif","sumber":"Jalur indikatif: topologi dari skema pipa mini-stesy, jalur mengikuti jalan OpenStreetMap (ODbL). Bukan data GIS jaringan.","reservoir":{"RES-PLS":{"lng":110.853781,"lat":-7.532714,"perkiraan":true},"RES-MJL":{"lng":110.886433,"lat":-7.595207,"perkiraan":true}},"features":[{"type":"Feature","properties":{"id":"MJL-U01","kategori":"utama","reservoir":"MJL","meter":["10376"],"panjang_m":1901},"geometry":{"type":"LineString","coordinates":[[110.880611,-7.580677],[110.880383,-7.580651],[110.879421,-7.580294],[110.876514,-7.57913],[110.869289,-7.572928],[110.866818,-7.570907],[110.866907,-7.570938]]}},{"type":"Feature","properties":{"id":"MJL-U02","kategori":"utama","reservoir":"MJL","meter":["10373","10374","10375","10376"],"panjang_m":401},"geometry":{"type":"LineString","coordinates":[[110.886433,-7.595207],[110.886483,-7.595201],[110.886154,-7.595137],[110.886057,-7.595517],[110.884794,-7.595177],[110.884699,-7.595232],[110.884635,-7.595541],[110.883564,-7.595223]]}},{"type":"Feature","properties":{"id":"MJL-U03","kategori":"utama","reservoir":"MJL","meter":["10375","10376"],"panjang_m":2230},"geometry":{"type":"LineString","coordinates":[[110.883446,-7.595876],[110.883406,-7.595763],[110.882535,-7.595336],[110.877923,-7.593202],[110.880811,-7.583108],[110.881097,-7.582339],[110.880435,-7.582076],[110.880528,-7.581791],[110.880525,-7.581626],[110.880456,-7.58149],[110.880097,-7.58116],[110.880383,-7.580651],[110.880611,-7.580677]]}},{"type":"Feature","properties":{"id":"MJL-U04","kategori":"utama","reservoir":"MJL","meter":["10373","10375","10376"],"panjang_m":76},"geometry":{"type":"LineString","coordinates":[[110.883564,-7.595223],[110.883406,-7.595763],[110.883446,-7.595876]]}},{"type":"Feature","properties":{"id":"MJL-U05","kategori":"utama","reservoir":"MJL","meter":["10374"],"panjang_m":1487},"geometry":{"type":"LineString","coordinates":[[110.883564,-7.595223],[110.885937,-7.587075],[110.887778,-7.587807],[110.889348,-7.588721],[110.890404,-7.589134]]}},{"type":"Feature","properties":{"id":"PLS-U06","kategori":"utama","reservoir":"PLS","meter":["10369","10372","10377","10378"],"panjang_m":212},"geometry":{"type":"LineString","coordinates":[[110.847934,-7.529681],[110.84619,-7.529684],[110.846086,-7.529695],[110.846119,-7.529763]]}},{"type":"Feature","properties":{"id":"PLS-U07","kategori":"utama","reservoir":"PLS","meter":["10379"],"panjang_m":1827},"geometry":{"type":"LineString","coordinates":[[110.847934,-7.529681],[110.847404,-7.531261],[110.847243,-7.532716],[110.846961,-7.533582],[110.84703,-7.535341],[110.846921,-7.536288],[110.847174,-7.537096],[110.847214,-7.537381],[110.847173,-7.53782],[110.84685,-7.538626],[110.846882,-7.538751],[110.847081,-7.539192],[110.849328,-7.540728],[110.849276,-7.540798],[110.850205,-7.541435],[110.850848,-7.541688],[110.851671,-7.541786],[110.851442,-7.54207],[110.851023,-7.542411],[110.85128,-7.542571]]}},{"type":"Feature","properties":{"id":"PLS-U08","kategori":"utama","reservoir":"PLS","meter":["10377"],"panjang_m":1068},"geometry":{"type":"LineString","coordinates":[[110.837381,-7.535474],[110.833833,-7.533992],[110.831357,-7.533102],[110.828431,-7.531909],[110.828415,-7.531944]]}},{"type":"Feature","properties":{"id":"PLS-U09","kategori":"utama","reservoir":"PLS","meter":["10378"],"panjang_m":1316},"geometry":{"type":"LineString","coordinates":[[110.837381,-7.535474],[110.836653,-7.538206],[110.83624,-7.540289],[110.835903,-7.541261],[110.835397,-7.542536],[110.834221,-7.544892],[110.833898,-7.545315],[110.833089,-7.546047],[110.833328,-7.54599]]}},{"type":"Feature","properties":{"id":"PLS-U10","kategori":"utama","reservoir":"PLS","meter":["10368"],"panjang_m":53},"geometry":{"type":"LineString","coordinates":[[110.828415,-7.531944],[110.828431,-7.531909],[110.828316,-7.532328]]}},{"type":"Feature","properties":{"id":"PLS-U11","kategori":"utama","reservoir":"PLS","meter":["10369"],"panjang_m":2465},"geometry":{"type":"LineString","coordinates":[[110.840445,-7.528738],[110.840106,-7.528511],[110.83944,-7.52838],[110.838674,-7.528406],[110.837817,-7.528534],[110.837472,-7.528506],[110.834204,-7.527706],[110.830621,-7.527973],[110.827256,-7.527607],[110.827189,-7.529741],[110.827103,-7.530484],[110.826861,-7.531245],[110.826256,-7.532526],[110.826004,-7.533469],[110.824117,-7.532923],[110.823519,-7.532776],[110.823273,-7.532778]]}},{"type":"Feature","properties":{"id":"PLS-U12","kategori":"utama","reservoir":"PLS","meter":["10377","10378"],"panjang_m":831},"geometry":{"type":"LineString","coordinates":[[110.840445,-7.528738],[110.838306,-7.532205],[110.837929,-7.533126],[110.837695,-7.534338],[110.837381,-7.535474]]}},{"type":"Feature","properties":{"id":"PLS-U13","kategori":"utama","reservoir":"PLS","meter":["10370"],"panjang_m":395},"geometry":{"type":"LineString","coordinates":[[110.833328,-7.54599],[110.833089,-7.546047],[110.831402,-7.547244],[110.83047,-7.547814],[110.830574,-7.547948]]}},{"type":"Feature","properties":{"id":"PLS-U14","kategori":"utama","reservoir":"PLS","meter":["10369","10372","10377","10378","10379"],"panjang_m":1242},"geometry":{"type":"LineString","coordinates":[[110.853781,-7.532714],[110.853923,-7.532909],[110.854111,-7.53259],[110.853741,-7.53226],[110.853254,-7.53166],[110.852561,-7.531414],[110.852749,-7.530753],[110.85281,-7.528892],[110.85286,-7.528642],[110.851567,-7.528687],[110.848307,-7.528491],[110.847934,-7.529681]]}},{"type":"Feature","properties":{"id":"PLS-U15","kategori":"utama","reservoir":"PLS","meter":["10371"],"panjang_m":669},"geometry":{"type":"LineString","coordinates":[[110.85128,-7.542571],[110.851023,-7.542411],[110.850481,-7.54288],[110.849859,-7.543295],[110.848515,-7.543763],[110.848391,-7.544229],[110.847778,-7.545824],[110.847553,-7.546291],[110.847412,-7.546256]]}},{"type":"Feature","properties":{"id":"PLS-U16","kategori":"utama","reservoir":"PLS","meter":["10369","10377","10378"],"panjang_m":706},"geometry":{"type":"LineString","coordinates":[[110.846119,-7.529763],[110.846086,-7.529695],[110.845782,-7.529789],[110.84493,-7.530198],[110.843903,-7.530588],[110.841439,-7.529509],[110.840941,-7.529193],[110.840445,-7.528738]]}},{"type":"Feature","properties":{"id":"PLS-D001","kategori":"distribusi","reservoir":"PLS","meter":["10368"],"panjang_m":48},"geometry":{"type":"LineString","coordinates":[[110.828598,-7.533322],[110.828447,-7.533731]]}},{"type":"Feature","properties":{"id":"PLS-D002","kategori":"distribusi","reservoir":"PLS","meter":["10368"],"panjang_m":70},"geometry":{"type":"LineString","coordinates":[[110.828598,-7.533322],[110.829183,-7.533558]]}},{"type":"Feature","properties":{"id":"PLS-D003","kategori":"distribusi","reservoir":"PLS","meter":["10368"],"panjang_m":60},"geometry":{"type":"LineString","coordinates":[[110.82791,-7.53529],[110.828429,-7.535437]]}},{"type":"Feature","properties":{"id":"PLS-D004","kategori":"distribusi","reservoir":"PLS","meter":["10368"],"panjang_m":47},"geometry":{"type":"LineString","coordinates":[[110.828447,-7.533731],[110.828851,-7.533859]]}},{"type":"Feature","properties":{"id":"PLS-D005","kategori":"distribusi","reservoir":"PLS","meter":["10368"],"panjang_m":38},"geometry":{"type":"LineString","coordinates":[[110.828447,-7.533731],[110.828344,-7.53406]]}},{"type":"Feature","properties":{"id":"PLS-D006","kategori":"distribusi","reservoir":"PLS","meter":["10368"],"panjang_m":94},"geometry":{"type":"LineString","coordinates":[[110.828863,-7.534649],[110.828891,-7.535],[110.828783,-7.535481]]}},{"type":"Feature","properties":{"id":"PLS-D007","kategori":"distribusi","reservoir":"PLS","meter":["10368"],"panjang_m":104},"geometry":{"type":"LineString","coordinates":[[110.828061,-7.533117],[110.82719,-7.532767]]}},{"type":"Feature","properties":{"id":"PLS-D008","kategori":"distribusi","reservoir":"PLS","meter":["10368"],"panjang_m":52},"geometry":{"type":"LineString","coordinates":[[110.828061,-7.533117],[110.827918,-7.533561]]}},{"type":"Feature","properties":{"id":"PLS-D009","kategori":"distribusi","reservoir":"PLS","meter":["10368"],"panjang_m":56},"geometry":{"type":"LineString","coordinates":[[110.828061,-7.533117],[110.828532,-7.533297]]}},{"type":"Feature","properties":{"id":"PLS-D010","kategori":"distribusi","reservoir":"PLS","meter":["10368"],"panjang_m":129},"geometry":{"type":"LineString","coordinates":[[110.829183,-7.533558],[110.828879,-7.534281],[110.828821,-7.534488],[110.828863,-7.534649]]}},{"type":"Feature","properties":{"id":"PLS-D011","kategori":"distribusi","reservoir":"PLS","meter":["10368"],"panjang_m":144},"geometry":{"type":"LineString","coordinates":[[110.829183,-7.533558],[110.830391,-7.53404]]}},{"type":"Feature","properties":{"id":"PLS-D012","kategori":"distribusi","reservoir":"PLS","meter":["10368"],"panjang_m":49},"geometry":{"type":"LineString","coordinates":[[110.828783,-7.535481],[110.829041,-7.535562],[110.829075,-7.535392]]}},{"type":"Feature","properties":{"id":"PLS-D013","kategori":"distribusi","reservoir":"PLS","meter":["10368"],"panjang_m":48},"geometry":{"type":"LineString","coordinates":[[110.828783,-7.535481],[110.828658,-7.535898]]}},{"type":"Feature","properties":{"id":"PLS-D014","kategori":"distribusi","reservoir":"PLS","meter":["10368"],"panjang_m":33},"geometry":{"type":"LineString","coordinates":[[110.828245,-7.53432],[110.828534,-7.534406]]}},{"type":"Feature","properties":{"id":"PLS-D015","kategori":"distribusi","reservoir":"PLS","meter":["10368"],"panjang_m":35},"geometry":{"type":"LineString","coordinates":[[110.828245,-7.53432],[110.828143,-7.534618]]}},{"type":"Feature","properties":{"id":"PLS-D016","kategori":"distribusi","reservoir":"PLS","meter":["10368"],"panjang_m":37},"geometry":{"type":"LineString","coordinates":[[110.827997,-7.530485],[110.827676,-7.530382]]}},{"type":"Feature","properties":{"id":"PLS-D017","kategori":"distribusi","reservoir":"PLS","meter":["10368"],"panjang_m":145},"geometry":{"type":"LineString","coordinates":[[110.827997,-7.530485],[110.828359,-7.529235]]}},{"type":"Feature","properties":{"id":"PLS-D018","kategori":"distribusi","reservoir":"PLS","meter":["10368"],"panjang_m":96},"geometry":{"type":"LineString","coordinates":[[110.827676,-7.530382],[110.827927,-7.529554]]}},{"type":"Feature","properties":{"id":"PLS-D019","kategori":"distribusi","reservoir":"PLS","meter":["10368"],"panjang_m":94},"geometry":{"type":"LineString","coordinates":[[110.827676,-7.530382],[110.827559,-7.530346],[110.827773,-7.529658]]}},{"type":"Feature","properties":{"id":"PLS-D020","kategori":"distribusi","reservoir":"PLS","meter":["10368"],"panjang_m":54},"geometry":{"type":"LineString","coordinates":[[110.826457,-7.532033],[110.825981,-7.531926]]}},{"type":"Feature","properties":{"id":"PLS-D021","kategori":"distribusi","reservoir":"PLS","meter":["10368"],"panjang_m":82},"geometry":{"type":"LineString","coordinates":[[110.827033,-7.530773],[110.826429,-7.530349]]}},{"type":"Feature","properties":{"id":"PLS-D022","kategori":"distribusi","reservoir":"PLS","meter":["10368"],"panjang_m":39},"geometry":{"type":"LineString","coordinates":[[110.827805,-7.535699],[110.827451,-7.535648]]}},{"type":"Feature","properties":{"id":"PLS-D023","kategori":"distribusi","reservoir":"PLS","meter":["10368"],"panjang_m":37},"geometry":{"type":"LineString","coordinates":[[110.827805,-7.535699],[110.827707,-7.536016]]}},{"type":"Feature","properties":{"id":"PLS-D024","kategori":"distribusi","reservoir":"PLS","meter":["10368"],"panjang_m":191},"geometry":{"type":"LineString","coordinates":[[110.829677,-7.532423],[110.830073,-7.531145],[110.830434,-7.531262]]}},{"type":"Feature","properties":{"id":"PLS-D025","kategori":"distribusi","reservoir":"PLS","meter":["10368"],"panjang_m":45},"geometry":{"type":"LineString","coordinates":[[110.827989,-7.529118],[110.8276,-7.528987]]}},{"type":"Feature","properties":{"id":"PLS-D026","kategori":"distribusi","reservoir":"PLS","meter":["10368"],"panjang_m":29},"geometry":{"type":"LineString","coordinates":[[110.826371,-7.534498],[110.826278,-7.53474]]}},{"type":"Feature","properties":{"id":"PLS-D027","kategori":"distribusi","reservoir":"PLS","meter":["10368"],"panjang_m":40},"geometry":{"type":"LineString","coordinates":[[110.826371,-7.534498],[110.82655,-7.534562],[110.826727,-7.534564]]}},{"type":"Feature","properties":{"id":"PLS-D028","kategori":"distribusi","reservoir":"PLS","meter":["10368"],"panjang_m":136},"geometry":{"type":"LineString","coordinates":[[110.828129,-7.534655],[110.827726,-7.534584],[110.826902,-7.534557]]}},{"type":"Feature","properties":{"id":"PLS-D029","kategori":"distribusi","reservoir":"PLS","meter":["10368"],"panjang_m":52},"geometry":{"type":"LineString","coordinates":[[110.825944,-7.530042],[110.825556,-7.529784]]}},{"type":"Feature","properties":{"id":"PLS-D030","kategori":"distribusi","reservoir":"PLS","meter":["10368"],"panjang_m":54},"geometry":{"type":"LineString","coordinates":[[110.825944,-7.530042],[110.826112,-7.529672],[110.826064,-7.529606]]}},{"type":"Feature","properties":{"id":"PLS-D031","kategori":"distribusi","reservoir":"PLS","meter":["10368"],"panjang_m":89},"geometry":{"type":"LineString","coordinates":[[110.828415,-7.531944],[110.828431,-7.531909],[110.827731,-7.531595]]}},{"type":"Feature","properties":{"id":"PLS-D032","kategori":"distribusi","reservoir":"PLS","meter":["10368"],"panjang_m":88},"geometry":{"type":"LineString","coordinates":[[110.831357,-7.533102],[110.831597,-7.532348]]}},{"type":"Feature","properties":{"id":"PLS-D033","kategori":"distribusi","reservoir":"PLS","meter":["10368"],"panjang_m":213},"geometry":{"type":"LineString","coordinates":[[110.82719,-7.532767],[110.826371,-7.534498]]}},{"type":"Feature","properties":{"id":"PLS-D034","kategori":"distribusi","reservoir":"PLS","meter":["10368"],"panjang_m":106},"geometry":{"type":"LineString","coordinates":[[110.82719,-7.532767],[110.826316,-7.53238]]}},{"type":"Feature","properties":{"id":"PLS-D035","kategori":"distribusi","reservoir":"PLS","meter":["10368"],"panjang_m":60},"geometry":{"type":"LineString","coordinates":[[110.828359,-7.529235],[110.828545,-7.529296],[110.828664,-7.528971]]}},{"type":"Feature","properties":{"id":"PLS-D036","kategori":"distribusi","reservoir":"PLS","meter":["10368"],"panjang_m":79},"geometry":{"type":"LineString","coordinates":[[110.826652,-7.531669],[110.825978,-7.531441]]}},{"type":"Feature","properties":{"id":"PLS-D037","kategori":"distribusi","reservoir":"PLS","meter":["10368"],"panjang_m":57},"geometry":{"type":"LineString","coordinates":[[110.827189,-7.529741],[110.826688,-7.529616]]}},{"type":"Feature","properties":{"id":"PLS-D038","kategori":"distribusi","reservoir":"PLS","meter":["10368"],"panjang_m":61},"geometry":{"type":"LineString","coordinates":[[110.827131,-7.530263],[110.826626,-7.530049]]}},{"type":"Feature","properties":{"id":"PLS-D039","kategori":"distribusi","reservoir":"PLS","meter":["10368"],"panjang_m":30},"geometry":{"type":"LineString","coordinates":[[110.82609,-7.53475],[110.826104,-7.534479]]}},{"type":"Feature","properties":{"id":"PLS-D040","kategori":"distribusi","reservoir":"PLS","meter":["10368"],"panjang_m":42},"geometry":{"type":"LineString","coordinates":[[110.82609,-7.53475],[110.826064,-7.535126]]}},{"type":"Feature","properties":{"id":"PLS-D041","kategori":"distribusi","reservoir":"PLS","meter":["10368"],"panjang_m":28},"geometry":{"type":"LineString","coordinates":[[110.826278,-7.53474],[110.826535,-7.534732]]}},{"type":"Feature","properties":{"id":"PLS-D042","kategori":"distribusi","reservoir":"PLS","meter":["10368"],"panjang_m":68},"geometry":{"type":"LineString","coordinates":[[110.827196,-7.529402],[110.827799,-7.529521]]}},{"type":"Feature","properties":{"id":"PLS-D043","kategori":"distribusi","reservoir":"PLS","meter":["10368"],"panjang_m":78},"geometry":{"type":"LineString","coordinates":[[110.828233,-7.529081],[110.828356,-7.528706],[110.828158,-7.528621],[110.828185,-7.528532]]}},{"type":"Feature","properties":{"id":"PLS-D044","kategori":"distribusi","reservoir":"PLS","meter":["10368"],"panjang_m":66},"geometry":{"type":"LineString","coordinates":[[110.827918,-7.533561],[110.827725,-7.534122]]}},{"type":"Feature","properties":{"id":"PLS-D045","kategori":"distribusi","reservoir":"PLS","meter":["10368"],"panjang_m":59},"geometry":{"type":"LineString","coordinates":[[110.827918,-7.533561],[110.828107,-7.53363],[110.827978,-7.533934]]}},{"type":"Feature","properties":{"id":"PLS-D046","kategori":"distribusi","reservoir":"PLS","meter":["10368"],"panjang_m":130},"geometry":{"type":"LineString","coordinates":[[110.828316,-7.532328],[110.828345,-7.532158],[110.828061,-7.533117]]}},{"type":"Feature","properties":{"id":"PLS-D047","kategori":"distribusi","reservoir":"PLS","meter":["10368"],"panjang_m":48},"geometry":{"type":"LineString","coordinates":[[110.827725,-7.534122],[110.827315,-7.53397]]}},{"type":"Feature","properties":{"id":"PLS-D048","kategori":"distribusi","reservoir":"PLS","meter":["10368"],"panjang_m":153},"geometry":{"type":"LineString","coordinates":[[110.828076,-7.534796],[110.826692,-7.534763]]}},{"type":"Feature","properties":{"id":"PLS-D049","kategori":"distribusi","reservoir":"PLS","meter":["10368"],"panjang_m":112},"geometry":{"type":"LineString","coordinates":[[110.82793,-7.535219],[110.826915,-7.535245]]}},{"type":"Feature","properties":{"id":"PLS-D050","kategori":"distribusi","reservoir":"PLS","meter":["10368"],"panjang_m":116},"geometry":{"type":"LineString","coordinates":[[110.827979,-7.535097],[110.826928,-7.535104]]}},{"type":"Feature","properties":{"id":"PLS-D051","kategori":"distribusi","reservoir":"PLS","meter":["10368"],"panjang_m":106},"geometry":{"type":"LineString","coordinates":[[110.830434,-7.531262],[110.831346,-7.53155]]}},{"type":"Feature","properties":{"id":"PLS-D052","kategori":"distribusi","reservoir":"PLS","meter":["10368"],"panjang_m":143},"geometry":{"type":"LineString","coordinates":[[110.830434,-7.531262],[110.830858,-7.530046]]}},{"type":"Feature","properties":{"id":"PLS-D053","kategori":"distribusi","reservoir":"PLS","meter":["10368"],"panjang_m":54},"geometry":{"type":"LineString","coordinates":[[110.82876,-7.532042],[110.828624,-7.532507]]}},{"type":"Feature","properties":{"id":"PLS-D054","kategori":"distribusi","reservoir":"PLS","meter":["10368"],"panjang_m":279},"geometry":{"type":"LineString","coordinates":[[110.827391,-7.531447],[110.826861,-7.531245],[110.825676,-7.530678],[110.825855,-7.530258],[110.825689,-7.530172]]}},{"type":"Feature","properties":{"id":"PLS-D055","kategori":"distribusi","reservoir":"PLS","meter":["10368"],"panjang_m":118},"geometry":{"type":"LineString","coordinates":[[110.827391,-7.531447],[110.827737,-7.530439]]}},{"type":"Feature","properties":{"id":"PLS-D056","kategori":"distribusi","reservoir":"PLS","meter":["10368"],"panjang_m":35},"geometry":{"type":"LineString","coordinates":[[110.831346,-7.53155],[110.831646,-7.531648]]}},{"type":"Feature","properties":{"id":"PLS-D057","kategori":"distribusi","reservoir":"PLS","meter":["10368"],"panjang_m":41},"geometry":{"type":"LineString","coordinates":[[110.831346,-7.53155],[110.831433,-7.531188]]}},{"type":"Feature","properties":{"id":"PLS-D058","kategori":"distribusi","reservoir":"PLS","meter":["10368"],"panjang_m":130},"geometry":{"type":"LineString","coordinates":[[110.830391,-7.53404],[110.829917,-7.535114]]}},{"type":"Feature","properties":{"id":"PLS-D059","kategori":"distribusi","reservoir":"PLS","meter":["10368"],"panjang_m":124},"geometry":{"type":"LineString","coordinates":[[110.830391,-7.53404],[110.831418,-7.534486]]}},{"type":"Feature","properties":{"id":"PLS-D060","kategori":"distribusi","reservoir":"PLS","meter":["10368"],"panjang_m":49},"geometry":{"type":"LineString","coordinates":[[110.828016,-7.534972],[110.828443,-7.5351]]}},{"type":"Feature","properties":{"id":"PLS-D061","kategori":"distribusi","reservoir":"PLS","meter":["10368"],"panjang_m":47},"geometry":{"type":"LineString","coordinates":[[110.827193,-7.529306],[110.826763,-7.529288]]}},{"type":"Feature","properties":{"id":"PLS-D062","kategori":"distribusi","reservoir":"PLS","meter":["10368"],"panjang_m":124},"geometry":{"type":"LineString","coordinates":[[110.828378,-7.530606],[110.829446,-7.530946]]}},{"type":"Feature","properties":{"id":"PLS-D063","kategori":"distribusi","reservoir":"PLS","meter":["10368"],"panjang_m":179},"geometry":{"type":"LineString","coordinates":[[110.828378,-7.530606],[110.828693,-7.529343],[110.828991,-7.52944]]}},{"type":"Feature","properties":{"id":"PLS-D064","kategori":"distribusi","reservoir":"PLS","meter":["10368"],"panjang_m":74},"geometry":{"type":"LineString","coordinates":[[110.828532,-7.533297],[110.828709,-7.532651]]}},{"type":"Feature","properties":{"id":"PLS-D065","kategori":"distribusi","reservoir":"PLS","meter":["10368"],"panjang_m":50},"geometry":{"type":"LineString","coordinates":[[110.827315,-7.53397],[110.82689,-7.53381]]}},{"type":"Feature","properties":{"id":"PLS-D066","kategori":"distribusi","reservoir":"PLS","meter":["10368"],"panjang_m":39},"geometry":{"type":"LineString","coordinates":[[110.827315,-7.53397],[110.827238,-7.534171],[110.827244,-7.534309]]}},{"type":"Feature","properties":{"id":"PLS-D067","kategori":"distribusi","reservoir":"PLS","meter":["10368"],"panjang_m":63},"geometry":{"type":"LineString","coordinates":[[110.826429,-7.530349],[110.825944,-7.530042]]}},{"type":"Feature","properties":{"id":"PLS-D068","kategori":"distribusi","reservoir":"PLS","meter":["10368"],"panjang_m":38},"geometry":{"type":"LineString","coordinates":[[110.826429,-7.530349],[110.826594,-7.53005]]}},{"type":"Feature","properties":{"id":"PLS-D069","kategori":"distribusi","reservoir":"PLS","meter":["10368"],"panjang_m":61},"geometry":{"type":"LineString","coordinates":[[110.828664,-7.528971],[110.829203,-7.529106]]}},{"type":"Feature","properties":{"id":"PLS-D070","kategori":"distribusi","reservoir":"PLS","meter":["10368"],"panjang_m":79},"geometry":{"type":"LineString","coordinates":[[110.829076,-7.534662],[110.829126,-7.53448],[110.829626,-7.534647]]}},{"type":"Feature","properties":{"id":"PLS-D071","kategori":"distribusi","reservoir":"PLS","meter":["10368"],"panjang_m":79},"geometry":{"type":"LineString","coordinates":[[110.829076,-7.534662],[110.829544,-7.534853],[110.829628,-7.534666]]}},{"type":"Feature","properties":{"id":"PLS-D072","kategori":"distribusi","reservoir":"PLS","meter":["10368"],"panjang_m":35},"geometry":{"type":"LineString","coordinates":[[110.828077,-7.53051],[110.828378,-7.530606]]}},{"type":"Feature","properties":{"id":"PLS-D073","kategori":"distribusi","reservoir":"PLS","meter":["10368"],"panjang_m":41},"geometry":{"type":"LineString","coordinates":[[110.827731,-7.531595],[110.827391,-7.531447]]}},{"type":"Feature","properties":{"id":"PLS-D074","kategori":"distribusi","reservoir":"PLS","meter":["10368"],"panjang_m":127},"geometry":{"type":"LineString","coordinates":[[110.827731,-7.531595],[110.828077,-7.53051]]}},{"type":"Feature","properties":{"id":"PLS-D075","kategori":"distribusi","reservoir":"PLS","meter":["10368"],"panjang_m":45},"geometry":{"type":"LineString","coordinates":[[110.827862,-7.534172],[110.828245,-7.53432]]}},{"type":"Feature","properties":{"id":"PLS-D076","kategori":"distribusi","reservoir":"PLS","meter":["10368"],"panjang_m":35},"geometry":{"type":"LineString","coordinates":[[110.827862,-7.534172],[110.827729,-7.534453]]}},{"type":"Feature","properties":{"id":"PLS-D077","kategori":"distribusi","reservoir":"PLS","meter":["10368"],"panjang_m":36},"geometry":{"type":"LineString","coordinates":[[110.828143,-7.534618],[110.828448,-7.534728]]}},{"type":"Feature","properties":{"id":"PLS-D078","kategori":"distribusi","reservoir":"PLS","meter":["10369"],"panjang_m":33},"geometry":{"type":"LineString","coordinates":[[110.823307,-7.53538],[110.823606,-7.535339]]}},{"type":"Feature","properties":{"id":"PLS-D079","kategori":"distribusi","reservoir":"PLS","meter":["10369"],"panjang_m":98},"geometry":{"type":"LineString","coordinates":[[110.823273,-7.532778],[110.823519,-7.532776],[110.8229,-7.5326]]}},{"type":"Feature","properties":{"id":"PLS-D080","kategori":"distribusi","reservoir":"PLS","meter":["10369"],"panjang_m":76},"geometry":{"type":"LineString","coordinates":[[110.823273,-7.532778],[110.823519,-7.532776],[110.823418,-7.533202]]}},{"type":"Feature","properties":{"id":"PLS-D081","kategori":"distribusi","reservoir":"PLS","meter":["10369"],"panjang_m":70},"geometry":{"type":"LineString","coordinates":[[110.823273,-7.532778],[110.823519,-7.532776],[110.823624,-7.532404]]}},{"type":"Feature","properties":{"id":"PLS-D082","kategori":"distribusi","reservoir":"PLS","meter":["10369"],"panjang_m":48},"geometry":{"type":"LineString","coordinates":[[110.82109,-7.532291],[110.820655,-7.532237]]}},{"type":"Feature","properties":{"id":"PLS-D083","kategori":"distribusi","reservoir":"PLS","meter":["10369"],"panjang_m":66},"geometry":{"type":"LineString","coordinates":[[110.82109,-7.532291],[110.82099,-7.53288]]}},{"type":"Feature","properties":{"id":"PLS-D084","kategori":"distribusi","reservoir":"PLS","meter":["10369"],"panjang_m":47},"geometry":{"type":"LineString","coordinates":[[110.826004,-7.533469],[110.825849,-7.533863]]}},{"type":"Feature","properties":{"id":"PLS-D085","kategori":"distribusi","reservoir":"PLS","meter":["10369"],"panjang_m":284},"geometry":{"type":"LineString","coordinates":[[110.822725,-7.533267],[110.822593,-7.5335],[110.821372,-7.533442],[110.820965,-7.533497],[110.820981,-7.533774],[110.820587,-7.533811]]}},{"type":"Feature","properties":{"id":"PLS-D086","kategori":"distribusi","reservoir":"PLS","meter":["10369"],"panjang_m":264},"geometry":{"type":"LineString","coordinates":[[110.822725,-7.533267],[110.820953,-7.533143],[110.820955,-7.533328],[110.820529,-7.533273]]}},{"type":"Feature","properties":{"id":"PLS-D087","kategori":"distribusi","reservoir":"PLS","meter":["10369"],"panjang_m":31},"geometry":{"type":"LineString","coordinates":[[110.823953,-7.5291],[110.824026,-7.528829]]}},{"type":"Feature","properties":{"id":"PLS-D088","kategori":"distribusi","reservoir":"PLS","meter":["10369"],"panjang_m":69},"geometry":{"type":"LineString","coordinates":[[110.819592,-7.532104],[110.819638,-7.531481]]}},{"type":"Feature","properties":{"id":"PLS-D089","kategori":"distribusi","reservoir":"PLS","meter":["10369"],"panjang_m":64},"geometry":{"type":"LineString","coordinates":[[110.819592,-7.532104],[110.819019,-7.532034]]}},{"type":"Feature","properties":{"id":"PLS-D090","kategori":"distribusi","reservoir":"PLS","meter":["10369"],"panjang_m":109},"geometry":{"type":"LineString","coordinates":[[110.824478,-7.533026],[110.824317,-7.533745],[110.824557,-7.533799]]}},{"type":"Feature","properties":{"id":"PLS-D091","kategori":"distribusi","reservoir":"PLS","meter":["10369"],"panjang_m":81},"geometry":{"type":"LineString","coordinates":[[110.824478,-7.533026],[110.824566,-7.532679],[110.82493,-7.532743]]}},{"type":"Feature","properties":{"id":"PLS-D092","kategori":"distribusi","reservoir":"PLS","meter":["10369"],"panjang_m":74},"geometry":{"type":"LineString","coordinates":[[110.823624,-7.534874],[110.82405,-7.534982],[110.823995,-7.535204]]}},{"type":"Feature","properties":{"id":"PLS-D093","kategori":"distribusi","reservoir":"PLS","meter":["10369"],"panjang_m":32},"geometry":{"type":"LineString","coordinates":[[110.823624,-7.534874],[110.823456,-7.535105]]}},{"type":"Feature","properties":{"id":"PLS-D094","kategori":"distribusi","reservoir":"PLS","meter":["10369"],"panjang_m":29},"geometry":{"type":"LineString","coordinates":[[110.822875,-7.535513],[110.823123,-7.535436]]}},{"type":"Feature","properties":{"id":"PLS-D095","kategori":"distribusi","reservoir":"PLS","meter":["10369"],"panjang_m":38},"geometry":{"type":"LineString","coordinates":[[110.823228,-7.53388],[110.823144,-7.534213]]}},{"type":"Feature","properties":{"id":"PLS-D096","kategori":"distribusi","reservoir":"PLS","meter":["10369"],"panjang_m":73},"geometry":{"type":"LineString","coordinates":[[110.823228,-7.53388],[110.822595,-7.533683]]}},{"type":"Feature","properties":{"id":"PLS-D097","kategori":"distribusi","reservoir":"PLS","meter":["10369"],"panjang_m":77},"geometry":{"type":"LineString","coordinates":[[110.824982,-7.532418],[110.825204,-7.531762]]}},{"type":"Feature","properties":{"id":"PLS-D098","kategori":"distribusi","reservoir":"PLS","meter":["10369"],"panjang_m":124},"geometry":{"type":"LineString","coordinates":[[110.824982,-7.532418],[110.825378,-7.532537],[110.825453,-7.532273],[110.825868,-7.532406]]}},{"type":"Feature","properties":{"id":"PLS-D099","kategori":"distribusi","reservoir":"PLS","meter":["10369"],"panjang_m":108},"geometry":{"type":"LineString","coordinates":[[110.822058,-7.532435],[110.82109,-7.532291]]}},{"type":"Feature","properties":{"id":"PLS-D100","kategori":"distribusi","reservoir":"PLS","meter":["10369"],"panjang_m":47},"geometry":{"type":"LineString","coordinates":[[110.822058,-7.532435],[110.821937,-7.532839]]}},{"type":"Feature","properties":{"id":"PLS-D101","kategori":"distribusi","reservoir":"PLS","meter":["10369"],"panjang_m":43},"geometry":{"type":"LineString","coordinates":[[110.825849,-7.533863],[110.825718,-7.534225]]}},{"type":"Feature","properties":{"id":"PLS-D102","kategori":"distribusi","reservoir":"PLS","meter":["10369"],"panjang_m":111},"geometry":{"type":"LineString","coordinates":[[110.822817,-7.536071],[110.821808,-7.536055]]}},{"type":"Feature","properties":{"id":"PLS-D103","kategori":"distribusi","reservoir":"PLS","meter":["10369"],"panjang_m":53},"geometry":{"type":"LineString","coordinates":[[110.822817,-7.536071],[110.823293,-7.536107]]}},{"type":"Feature","properties":{"id":"PLS-D104","kategori":"distribusi","reservoir":"PLS","meter":["10369"],"panjang_m":29},"geometry":{"type":"LineString","coordinates":[[110.823821,-7.529873],[110.823557,-7.529856]]}},{"type":"Feature","properties":{"id":"PLS-D105","kategori":"distribusi","reservoir":"PLS","meter":["10369"],"panjang_m":50},"geometry":{"type":"LineString","coordinates":[[110.823821,-7.529873],[110.823928,-7.529439]]}},{"type":"Feature","properties":{"id":"PLS-D106","kategori":"distribusi","reservoir":"PLS","meter":["10369"],"panjang_m":170},"geometry":{"type":"LineString","coordinates":[[110.824185,-7.529963],[110.824838,-7.530265],[110.825205,-7.529541]]}},{"type":"Feature","properties":{"id":"PLS-D107","kategori":"distribusi","reservoir":"PLS","meter":["10369"],"panjang_m":41},"geometry":{"type":"LineString","coordinates":[[110.824185,-7.529963],[110.823821,-7.529873]]}},{"type":"Feature","properties":{"id":"PLS-D108","kategori":"distribusi","reservoir":"PLS","meter":["10369"],"panjang_m":60},"geometry":{"type":"LineString","coordinates":[[110.82188,-7.531637],[110.821947,-7.5311]]}},{"type":"Feature","properties":{"id":"PLS-D109","kategori":"distribusi","reservoir":"PLS","meter":["10369"],"panjang_m":120},"geometry":{"type":"LineString","coordinates":[[110.82188,-7.531637],[110.821584,-7.531575],[110.820889,-7.531703],[110.820894,-7.531624]]}},{"type":"Feature","properties":{"id":"PLS-D110","kategori":"distribusi","reservoir":"PLS","meter":["10369"],"panjang_m":78},"geometry":{"type":"LineString","coordinates":[[110.825204,-7.531762],[110.825487,-7.531115]]}},{"type":"Feature","properties":{"id":"PLS-D111","kategori":"distribusi","reservoir":"PLS","meter":["10369"],"panjang_m":70},"geometry":{"type":"LineString","coordinates":[[110.825204,-7.531762],[110.825827,-7.531889]]}},{"type":"Feature","properties":{"id":"PLS-D112","kategori":"distribusi","reservoir":"PLS","meter":["10369"],"panjang_m":40},"geometry":{"type":"LineString","coordinates":[[110.824345,-7.532289],[110.824701,-7.532368]]}},{"type":"Feature","properties":{"id":"PLS-D113","kategori":"distribusi","reservoir":"PLS","meter":["10369"],"panjang_m":82},"geometry":{"type":"LineString","coordinates":[[110.824345,-7.532289],[110.824429,-7.531555]]}},{"type":"Feature","properties":{"id":"PLS-D114","kategori":"distribusi","reservoir":"PLS","meter":["10369"],"panjang_m":95},"geometry":{"type":"LineString","coordinates":[[110.8229,-7.5326],[110.822058,-7.532435]]}},{"type":"Feature","properties":{"id":"PLS-D115","kategori":"distribusi","reservoir":"PLS","meter":["10369"],"panjang_m":40},"geometry":{"type":"LineString","coordinates":[[110.8229,-7.5326],[110.822984,-7.532246]]}},{"type":"Feature","properties":{"id":"PLS-D116","kategori":"distribusi","reservoir":"PLS","meter":["10369"],"panjang_m":38},"geometry":{"type":"LineString","coordinates":[[110.82558,-7.533347],[110.825682,-7.533023]]}},{"type":"Feature","properties":{"id":"PLS-D117","kategori":"distribusi","reservoir":"PLS","meter":["10369"],"panjang_m":81},"geometry":{"type":"LineString","coordinates":[[110.823557,-7.529856],[110.823397,-7.529861],[110.822838,-7.529725]]}},{"type":"Feature","properties":{"id":"PLS-D118","kategori":"distribusi","reservoir":"PLS","meter":["10369"],"panjang_m":35},"geometry":{"type":"LineString","coordinates":[[110.823557,-7.529856],[110.823645,-7.529557]]}},{"type":"Feature","properties":{"id":"PLS-D119","kategori":"distribusi","reservoir":"PLS","meter":["10369"],"panjang_m":64},"geometry":{"type":"LineString","coordinates":[[110.823646,-7.530998],[110.823721,-7.530431]]}},{"type":"Feature","properties":{"id":"PLS-D120","kategori":"distribusi","reservoir":"PLS","meter":["10369"],"panjang_m":26},"geometry":{"type":"LineString","coordinates":[[110.823646,-7.530998],[110.823407,-7.530995]]}},{"type":"Feature","properties":{"id":"PLS-D121","kategori":"distribusi","reservoir":"PLS","meter":["10369"],"panjang_m":109},"geometry":{"type":"LineString","coordinates":[[110.823407,-7.530995],[110.822616,-7.530903],[110.822658,-7.530716]]}},{"type":"Feature","properties":{"id":"PLS-D122","kategori":"distribusi","reservoir":"PLS","meter":["10369"],"panjang_m":70},"geometry":{"type":"LineString","coordinates":[[110.823407,-7.530995],[110.823495,-7.530472],[110.823429,-7.530399]]}},{"type":"Feature","properties":{"id":"PLS-D123","kategori":"distribusi","reservoir":"PLS","meter":["10369"],"panjang_m":52},"geometry":{"type":"LineString","coordinates":[[110.824084,-7.530819],[110.823646,-7.530998]]}},{"type":"Feature","properties":{"id":"PLS-D124","kategori":"distribusi","reservoir":"PLS","meter":["10369"],"panjang_m":29},"geometry":{"type":"LineString","coordinates":[[110.824084,-7.530819],[110.824345,-7.530864]]}},{"type":"Feature","properties":{"id":"PLS-D125","kategori":"distribusi","reservoir":"PLS","meter":["10369"],"panjang_m":96},"geometry":{"type":"LineString","coordinates":[[110.824084,-7.530819],[110.824185,-7.529963]]}},{"type":"Feature","properties":{"id":"PLS-D126","kategori":"distribusi","reservoir":"PLS","meter":["10369"],"panjang_m":33},"geometry":{"type":"LineString","coordinates":[[110.821947,-7.5311],[110.821654,-7.531039]]}},{"type":"Feature","properties":{"id":"PLS-D127","kategori":"distribusi","reservoir":"PLS","meter":["10369"],"panjang_m":37},"geometry":{"type":"LineString","coordinates":[[110.821947,-7.5311],[110.822005,-7.530771]]}},{"type":"Feature","properties":{"id":"PLS-D128","kategori":"distribusi","reservoir":"PLS","meter":["10369"],"panjang_m":52},"geometry":{"type":"LineString","coordinates":[[110.820655,-7.532237],[110.820881,-7.531822]]}},{"type":"Feature","properties":{"id":"PLS-D129","kategori":"distribusi","reservoir":"PLS","meter":["10369"],"panjang_m":61},"geometry":{"type":"LineString","coordinates":[[110.820655,-7.532237],[110.820109,-7.532164]]}},{"type":"Feature","properties":{"id":"PLS-D130","kategori":"distribusi","reservoir":"PLS","meter":["10369"],"panjang_m":128},"geometry":{"type":"LineString","coordinates":[[110.820655,-7.532237],[110.820508,-7.532592],[110.820293,-7.532915],[110.820208,-7.533219],[110.820143,-7.53321]]}},{"type":"Feature","properties":{"id":"PLS-D131","kategori":"distribusi","reservoir":"PLS","meter":["10369"],"panjang_m":184},"geometry":{"type":"LineString","coordinates":[[110.822998,-7.531924],[110.823097,-7.531358],[110.82289,-7.531361],[110.822038,-7.531117]]}},{"type":"Feature","properties":{"id":"PLS-D132","kategori":"distribusi","reservoir":"PLS","meter":["10369"],"panjang_m":127},"geometry":{"type":"LineString","coordinates":[[110.822998,-7.531924],[110.82188,-7.531637]]}},{"type":"Feature","properties":{"id":"PLS-D133","kategori":"distribusi","reservoir":"PLS","meter":["10369"],"panjang_m":44},"geometry":{"type":"LineString","coordinates":[[110.822005,-7.530771],[110.822391,-7.530863]]}},{"type":"Feature","properties":{"id":"PLS-D134","kategori":"distribusi","reservoir":"PLS","meter":["10369"],"panjang_m":134},"geometry":{"type":"LineString","coordinates":[[110.822005,-7.530771],[110.822258,-7.529596]]}},{"type":"Feature","properties":{"id":"PLS-D135","kategori":"distribusi","reservoir":"PLS","meter":["10369"],"panjang_m":31},"geometry":{"type":"LineString","coordinates":[[110.822005,-7.530771],[110.82173,-7.530724]]}},{"type":"Feature","properties":{"id":"PLS-D136","kategori":"distribusi","reservoir":"PLS","meter":["10369"],"panjang_m":35},"geometry":{"type":"LineString","coordinates":[[110.821654,-7.531039],[110.821714,-7.530733]]}},{"type":"Feature","properties":{"id":"PLS-D137","kategori":"distribusi","reservoir":"PLS","meter":["10369"],"panjang_m":107},"geometry":{"type":"LineString","coordinates":[[110.821654,-7.531039],[110.821375,-7.53097],[110.821483,-7.530528],[110.821323,-7.530374]]}},{"type":"Feature","properties":{"id":"PLS-D138","kategori":"distribusi","reservoir":"PLS","meter":["10369"],"panjang_m":71},"geometry":{"type":"LineString","coordinates":[[110.822984,-7.532246],[110.822354,-7.532112]]}},{"type":"Feature","properties":{"id":"PLS-D139","kategori":"distribusi","reservoir":"PLS","meter":["10369"],"panjang_m":37},"geometry":{"type":"LineString","coordinates":[[110.822984,-7.532246],[110.823031,-7.532008],[110.822998,-7.531924]]}},{"type":"Feature","properties":{"id":"PLS-D140","kategori":"distribusi","reservoir":"PLS","meter":["10369"],"panjang_m":55},"geometry":{"type":"LineString","coordinates":[[110.820587,-7.533811],[110.820093,-7.53385]]}},{"type":"Feature","properties":{"id":"PLS-D141","kategori":"distribusi","reservoir":"PLS","meter":["10369"],"panjang_m":71},"geometry":{"type":"LineString","coordinates":[[110.820587,-7.533811],[110.820555,-7.534448]]}},{"type":"Feature","properties":{"id":"PLS-D142","kategori":"distribusi","reservoir":"PLS","meter":["10369"],"panjang_m":46},"geometry":{"type":"LineString","coordinates":[[110.82086,-7.531378],[110.821262,-7.531271]]}},{"type":"Feature","properties":{"id":"PLS-D143","kategori":"distribusi","reservoir":"PLS","meter":["10369"],"panjang_m":36},"geometry":{"type":"LineString","coordinates":[[110.82086,-7.531378],[110.820544,-7.531455]]}},{"type":"Feature","properties":{"id":"PLS-D144","kategori":"distribusi","reservoir":"PLS","meter":["10369"],"panjang_m":28},"geometry":{"type":"LineString","coordinates":[[110.820894,-7.531624],[110.82086,-7.531378]]}},{"type":"Feature","properties":{"id":"PLS-D145","kategori":"distribusi","reservoir":"PLS","meter":["10369"],"panjang_m":29},"geometry":{"type":"LineString","coordinates":[[110.824336,-7.534124],[110.82425,-7.534367]]}},{"type":"Feature","properties":{"id":"PLS-D146","kategori":"distribusi","reservoir":"PLS","meter":["10369"],"panjang_m":58},"geometry":{"type":"LineString","coordinates":[[110.823824,-7.533991],[110.824336,-7.534124]]}},{"type":"Feature","properties":{"id":"PLS-D147","kategori":"distribusi","reservoir":"PLS","meter":["10369"],"panjang_m":37},"geometry":{"type":"LineString","coordinates":[[110.823824,-7.533991],[110.823757,-7.534314]]}},{"type":"Feature","properties":{"id":"PLS-D148","kategori":"distribusi","reservoir":"PLS","meter":["10369"],"panjang_m":30},"geometry":{"type":"LineString","coordinates":[[110.822806,-7.536277],[110.822785,-7.536548]]}},{"type":"Feature","properties":{"id":"PLS-D149","kategori":"distribusi","reservoir":"PLS","meter":["10369"],"panjang_m":70},"geometry":{"type":"LineString","coordinates":[[110.822806,-7.536277],[110.823436,-7.536337]]}},{"type":"Feature","properties":{"id":"PLS-D150","kategori":"distribusi","reservoir":"PLS","meter":["10369"],"panjang_m":203},"geometry":{"type":"LineString","coordinates":[[110.822937,-7.535167],[110.821092,-7.535145]]}},{"type":"Feature","properties":{"id":"PLS-D151","kategori":"distribusi","reservoir":"PLS","meter":["10369"],"panjang_m":39},"geometry":{"type":"LineString","coordinates":[[110.822937,-7.535167],[110.822875,-7.535513]]}},{"type":"Feature","properties":{"id":"PLS-D152","kategori":"distribusi","reservoir":"PLS","meter":["10369"],"panjang_m":31},"geometry":{"type":"LineString","coordinates":[[110.823108,-7.534351],[110.823377,-7.534437]]}},{"type":"Feature","properties":{"id":"PLS-D153","kategori":"distribusi","reservoir":"PLS","meter":["10369"],"panjang_m":44},"geometry":{"type":"LineString","coordinates":[[110.823108,-7.534351],[110.823021,-7.534734]]}},{"type":"Feature","properties":{"id":"PLS-D154","kategori":"distribusi","reservoir":"PLS","meter":["10369"],"panjang_m":42},"geometry":{"type":"LineString","coordinates":[[110.823358,-7.534572],[110.823482,-7.53459],[110.823451,-7.534845]]}},{"type":"Feature","properties":{"id":"PLS-D155","kategori":"distribusi","reservoir":"PLS","meter":["10369"],"panjang_m":96},"geometry":{"type":"LineString","coordinates":[[110.823358,-7.534572],[110.823215,-7.535301],[110.823307,-7.53538]]}},{"type":"Feature","properties":{"id":"PLS-D156","kategori":"distribusi","reservoir":"PLS","meter":["10369"],"panjang_m":220},"geometry":{"type":"LineString","coordinates":[[110.823144,-7.534213],[110.822796,-7.534123],[110.822729,-7.533955],[110.822665,-7.533919],[110.8213,-7.533747]]}},{"type":"Feature","properties":{"id":"PLS-D157","kategori":"distribusi","reservoir":"PLS","meter":["10369"],"panjang_m":31},"geometry":{"type":"LineString","coordinates":[[110.823757,-7.534314],[110.823696,-7.534587]]}},{"type":"Feature","properties":{"id":"PLS-D158","kategori":"distribusi","reservoir":"PLS","meter":["10369"],"panjang_m":134},"geometry":{"type":"LineString","coordinates":[[110.823757,-7.534314],[110.824237,-7.534435],[110.824952,-7.534499]]}},{"type":"Feature","properties":{"id":"PLS-D159","kategori":"distribusi","reservoir":"PLS","meter":["10369"],"panjang_m":41},"geometry":{"type":"LineString","coordinates":[[110.823436,-7.536337],[110.823803,-7.536372]]}},{"type":"Feature","properties":{"id":"PLS-D160","kategori":"distribusi","reservoir":"PLS","meter":["10369"],"panjang_m":46},"geometry":{"type":"LineString","coordinates":[[110.823436,-7.536337],[110.823368,-7.536524],[110.823581,-7.536534]]}},{"type":"Feature","properties":{"id":"PLS-D161","kategori":"distribusi","reservoir":"PLS","meter":["10369"],"panjang_m":25},"geometry":{"type":"LineString","coordinates":[[110.823995,-7.535204],[110.823915,-7.535415]]}},{"type":"Feature","properties":{"id":"PLS-D162","kategori":"distribusi","reservoir":"PLS","meter":["10369"],"panjang_m":131},"geometry":{"type":"LineString","coordinates":[[110.823995,-7.535204],[110.825185,-7.535277]]}},{"type":"Feature","properties":{"id":"PLS-D163","kategori":"distribusi","reservoir":"PLS","meter":["10369"],"panjang_m":113},"geometry":{"type":"LineString","coordinates":[[110.823915,-7.535415],[110.823827,-7.535699],[110.823924,-7.535874],[110.824177,-7.535872],[110.824442,-7.5358]]}},{"type":"Feature","properties":{"id":"PLS-D164","kategori":"distribusi","reservoir":"PLS","meter":["10369"],"panjang_m":133},"geometry":{"type":"LineString","coordinates":[[110.823915,-7.535415],[110.825114,-7.535523]]}},{"type":"Feature","properties":{"id":"PLS-D165","kategori":"distribusi","reservoir":"PLS","meter":["10369"],"panjang_m":37},"geometry":{"type":"LineString","coordinates":[[110.823928,-7.529439],[110.824018,-7.529119]]}},{"type":"Feature","properties":{"id":"PLS-D166","kategori":"distribusi","reservoir":"PLS","meter":["10369"],"panjang_m":64},"geometry":{"type":"LineString","coordinates":[[110.823928,-7.529439],[110.824459,-7.529662]]}},{"type":"Feature","properties":{"id":"PLS-D167","kategori":"distribusi","reservoir":"PLS","meter":["10369"],"panjang_m":32},"geometry":{"type":"LineString","coordinates":[[110.824832,-7.533123],[110.824906,-7.532842]]}},{"type":"Feature","properties":{"id":"PLS-D168","kategori":"distribusi","reservoir":"PLS","meter":["10369"],"panjang_m":175},"geometry":{"type":"LineString","coordinates":[[110.824832,-7.533123],[110.824757,-7.533476],[110.824656,-7.53369],[110.824907,-7.53377],[110.82563,-7.533823]]}},{"type":"Feature","properties":{"id":"PLS-D169","kategori":"distribusi","reservoir":"PLS","meter":["10369"],"panjang_m":82},"geometry":{"type":"LineString","coordinates":[[110.825645,-7.534688],[110.825632,-7.535325],[110.825732,-7.53533]]}},{"type":"Feature","properties":{"id":"PLS-D170","kategori":"distribusi","reservoir":"PLS","meter":["10369"],"panjang_m":28},"geometry":{"type":"LineString","coordinates":[[110.825645,-7.534688],[110.825896,-7.534724]]}},{"type":"Feature","properties":{"id":"PLS-D171","kategori":"distribusi","reservoir":"PLS","meter":["10369"],"panjang_m":31},"geometry":{"type":"LineString","coordinates":[[110.824701,-7.532368],[110.824982,-7.532418]]}},{"type":"Feature","properties":{"id":"PLS-D172","kategori":"distribusi","reservoir":"PLS","meter":["10369"],"panjang_m":284},"geometry":{"type":"LineString","coordinates":[[110.824701,-7.532368],[110.82478,-7.531674],[110.825207,-7.530448],[110.825027,-7.530359],[110.825172,-7.530028]]}},{"type":"Feature","properties":{"id":"PLS-D173","kategori":"distribusi","reservoir":"PLS","meter":["10369"],"panjang_m":46},"geometry":{"type":"LineString","coordinates":[[110.824018,-7.529119],[110.824429,-7.529179]]}},{"type":"Feature","properties":{"id":"PLS-D174","kategori":"distribusi","reservoir":"PLS","meter":["10369"],"panjang_m":57},"geometry":{"type":"LineString","coordinates":[[110.820109,-7.532164],[110.819592,-7.532104]]}},{"type":"Feature","properties":{"id":"PLS-D175","kategori":"distribusi","reservoir":"PLS","meter":["10369"],"panjang_m":84},"geometry":{"type":"LineString","coordinates":[[110.820109,-7.532164],[110.820207,-7.531655],[110.82039,-7.531502]]}},{"type":"Feature","properties":{"id":"PLS-D176","kategori":"distribusi","reservoir":"PLS","meter":["10369"],"panjang_m":31},"geometry":{"type":"LineString","coordinates":[[110.822751,-7.537059],[110.822746,-7.537338]]}},{"type":"Feature","properties":{"id":"PLS-D177","kategori":"distribusi","reservoir":"PLS","meter":["10369"],"panjang_m":36},"geometry":{"type":"LineString","coordinates":[[110.825682,-7.533023],[110.825779,-7.532713]]}},{"type":"Feature","properties":{"id":"PLS-D178","kategori":"distribusi","reservoir":"PLS","meter":["10369"],"panjang_m":47},"geometry":{"type":"LineString","coordinates":[[110.825682,-7.533023],[110.826098,-7.533125]]}},{"type":"Feature","properties":{"id":"PLS-D179","kategori":"distribusi","reservoir":"PLS","meter":["10369"],"panjang_m":143},"geometry":{"type":"LineString","coordinates":[[110.822863,-7.535596],[110.821817,-7.535573],[110.821815,-7.53582]]}},{"type":"Feature","properties":{"id":"PLS-D180","kategori":"distribusi","reservoir":"PLS","meter":["10369"],"panjang_m":27},"geometry":{"type":"LineString","coordinates":[[110.822836,-7.535826],[110.822817,-7.536071]]}},{"type":"Feature","properties":{"id":"PLS-D181","kategori":"distribusi","reservoir":"PLS","meter":["10369"],"panjang_m":83},"geometry":{"type":"LineString","coordinates":[[110.822836,-7.535826],[110.82359,-7.535888]]}},{"type":"Feature","properties":{"id":"PLS-D182","kategori":"distribusi","reservoir":"PLS","meter":["10369"],"panjang_m":78},"geometry":{"type":"LineString","coordinates":[[110.823418,-7.533202],[110.823228,-7.53388]]}},{"type":"Feature","properties":{"id":"PLS-D183","kategori":"distribusi","reservoir":"PLS","meter":["10369"],"panjang_m":98},"geometry":{"type":"LineString","coordinates":[[110.823418,-7.533202],[110.822807,-7.533027],[110.822725,-7.533267]]}},{"type":"Feature","properties":{"id":"PLS-D184","kategori":"distribusi","reservoir":"PLS","meter":["10369"],"panjang_m":135},"geometry":{"type":"LineString","coordinates":[[110.823418,-7.533202],[110.823976,-7.533371],[110.823824,-7.533991]]}},{"type":"Feature","properties":{"id":"PLS-D185","kategori":"distribusi","reservoir":"PLS","meter":["10369"],"panjang_m":39},"geometry":{"type":"LineString","coordinates":[[110.822771,-7.536706],[110.822751,-7.537059]]}},{"type":"Feature","properties":{"id":"PLS-D186","kategori":"distribusi","reservoir":"PLS","meter":["10369"],"panjang_m":57},"geometry":{"type":"LineString","coordinates":[[110.822771,-7.536706],[110.823286,-7.536755]]}},{"type":"Feature","properties":{"id":"PLS-D187","kategori":"distribusi","reservoir":"PLS","meter":["10369"],"panjang_m":98},"geometry":{"type":"LineString","coordinates":[[110.823624,-7.532404],[110.824207,-7.532525],[110.82427,-7.532322],[110.824345,-7.532289]]}},{"type":"Feature","properties":{"id":"PLS-D188","kategori":"distribusi","reservoir":"PLS","meter":["10369"],"panjang_m":111},"geometry":{"type":"LineString","coordinates":[[110.823624,-7.532404],[110.823808,-7.531422]]}},{"type":"Feature","properties":{"id":"PLS-D189","kategori":"distribusi","reservoir":"PLS","meter":["10369"],"panjang_m":33},"geometry":{"type":"LineString","coordinates":[[110.823696,-7.534587],[110.823624,-7.534874]]}},{"type":"Feature","properties":{"id":"PLS-D190","kategori":"distribusi","reservoir":"PLS","meter":["10369"],"panjang_m":244},"geometry":{"type":"LineString","coordinates":[[110.823696,-7.534587],[110.824153,-7.534707],[110.82413,-7.534789],[110.824652,-7.534749],[110.825295,-7.534884],[110.825384,-7.53496],[110.82526,-7.535294]]}},{"type":"Feature","properties":{"id":"PLS-D191","kategori":"distribusi","reservoir":"PLS","meter":["10369"],"panjang_m":49},"geometry":{"type":"LineString","coordinates":[[110.823021,-7.534734],[110.822937,-7.535167]]}},{"type":"Feature","properties":{"id":"PLS-D192","kategori":"distribusi","reservoir":"PLS","meter":["10369"],"panjang_m":50},"geometry":{"type":"LineString","coordinates":[[110.823021,-7.534734],[110.822565,-7.534716]]}},{"type":"Feature","properties":{"id":"PLS-D193","kategori":"distribusi","reservoir":"PLS","meter":["10369"],"panjang_m":100},"geometry":{"type":"LineString","coordinates":[[110.823808,-7.531422],[110.823512,-7.531376],[110.823419,-7.531974]]}},{"type":"Feature","properties":{"id":"PLS-D194","kategori":"distribusi","reservoir":"PLS","meter":["10369"],"panjang_m":86},"geometry":{"type":"LineString","coordinates":[[110.823808,-7.531422],[110.823944,-7.531435],[110.824097,-7.530997],[110.824084,-7.530819]]}},{"type":"Feature","properties":{"id":"PLS-D195","kategori":"distribusi","reservoir":"PLS","meter":["10369"],"panjang_m":49},"geometry":{"type":"LineString","coordinates":[[110.825718,-7.534225],[110.825535,-7.534626]]}},{"type":"Feature","properties":{"id":"PLS-D196","kategori":"distribusi","reservoir":"PLS","meter":["10369"],"panjang_m":48},"geometry":{"type":"LineString","coordinates":[[110.825718,-7.534225],[110.826145,-7.534299]]}},{"type":"Feature","properties":{"id":"PLS-D197","kategori":"distribusi","reservoir":"PLS","meter":["10369"],"panjang_m":40},"geometry":{"type":"LineString","coordinates":[[110.822565,-7.534716],[110.822206,-7.534703]]}},{"type":"Feature","properties":{"id":"PLS-D198","kategori":"distribusi","reservoir":"PLS","meter":["10369"],"panjang_m":85},"geometry":{"type":"LineString","coordinates":[[110.822565,-7.534716],[110.822581,-7.533956]]}},{"type":"Feature","properties":{"id":"PLS-D199","kategori":"distribusi","reservoir":"PLS","meter":["10369"],"panjang_m":40},"geometry":{"type":"LineString","coordinates":[[110.822206,-7.534703],[110.821841,-7.534718]]}},{"type":"Feature","properties":{"id":"PLS-D200","kategori":"distribusi","reservoir":"PLS","meter":["10369"],"panjang_m":87},"geometry":{"type":"LineString","coordinates":[[110.822206,-7.534703],[110.822222,-7.533919]]}},{"type":"Feature","properties":{"id":"PLS-D201","kategori":"distribusi","reservoir":"PLS","meter":["10369"],"panjang_m":77},"geometry":{"type":"LineString","coordinates":[[110.82285,-7.535712],[110.823541,-7.535795]]}},{"type":"Feature","properties":{"id":"PLS-D202","kategori":"distribusi","reservoir":"PLS","meter":["10370"],"panjang_m":74},"geometry":{"type":"LineString","coordinates":[[110.830078,-7.549553],[110.829998,-7.550212]]}},{"type":"Feature","properties":{"id":"PLS-D203","kategori":"distribusi","reservoir":"PLS","meter":["10370"],"panjang_m":293},"geometry":{"type":"LineString","coordinates":[[110.830078,-7.549553],[110.832687,-7.550077]]}},{"type":"Feature","properties":{"id":"PLS-D204","kategori":"distribusi","reservoir":"PLS","meter":["10370"],"panjang_m":90},"geometry":{"type":"LineString","coordinates":[[110.830078,-7.549553],[110.829269,-7.549454]]}},{"type":"Feature","properties":{"id":"PLS-D205","kategori":"distribusi","reservoir":"PLS","meter":["10370"],"panjang_m":60},"geometry":{"type":"LineString","coordinates":[[110.830368,-7.547916],[110.830246,-7.548441]]}},{"type":"Feature","properties":{"id":"PLS-D206","kategori":"distribusi","reservoir":"PLS","meter":["10370"],"panjang_m":44},"geometry":{"type":"LineString","coordinates":[[110.834493,-7.54827],[110.834891,-7.548326]]}},{"type":"Feature","properties":{"id":"PLS-D207","kategori":"distribusi","reservoir":"PLS","meter":["10370"],"panjang_m":41},"geometry":{"type":"LineString","coordinates":[[110.834493,-7.54827],[110.834411,-7.548634]]}},{"type":"Feature","properties":{"id":"PLS-D208","kategori":"distribusi","reservoir":"PLS","meter":["10370"],"panjang_m":73},"geometry":{"type":"LineString","coordinates":[[110.832762,-7.547828],[110.833393,-7.548015]]}},{"type":"Feature","properties":{"id":"PLS-D209","kategori":"distribusi","reservoir":"PLS","meter":["10370"],"panjang_m":53},"geometry":{"type":"LineString","coordinates":[[110.832762,-7.547828],[110.832637,-7.548288]]}},{"type":"Feature","properties":{"id":"PLS-D210","kategori":"distribusi","reservoir":"PLS","meter":["10370"],"panjang_m":90},"geometry":{"type":"LineString","coordinates":[[110.83128,-7.54499],[110.832093,-7.54506]]}},{"type":"Feature","properties":{"id":"PLS-D211","kategori":"distribusi","reservoir":"PLS","meter":["10370"],"panjang_m":43},"geometry":{"type":"LineString","coordinates":[[110.83128,-7.54499],[110.831229,-7.544611]]}},{"type":"Feature","properties":{"id":"PLS-D212","kategori":"distribusi","reservoir":"PLS","meter":["10370"],"panjang_m":146},"geometry":{"type":"LineString","coordinates":[[110.83128,-7.54499],[110.830732,-7.545155],[110.830601,-7.545145],[110.830497,-7.544924],[110.830168,-7.54474]]}},{"type":"Feature","properties":{"id":"PLS-D213","kategori":"distribusi","reservoir":"PLS","meter":["10370"],"panjang_m":36},"geometry":{"type":"LineString","coordinates":[[110.830858,-7.547576],[110.830899,-7.547258]]}},{"type":"Feature","properties":{"id":"PLS-D214","kategori":"distribusi","reservoir":"PLS","meter":["10370"],"panjang_m":123},"geometry":{"type":"LineString","coordinates":[[110.828378,-7.547618],[110.828213,-7.548708]]}},{"type":"Feature","properties":{"id":"PLS-D215","kategori":"distribusi","reservoir":"PLS","meter":["10370"],"panjang_m":71},"geometry":{"type":"LineString","coordinates":[[110.828378,-7.547618],[110.828424,-7.546977]]}},{"type":"Feature","properties":{"id":"PLS-D216","kategori":"distribusi","reservoir":"PLS","meter":["10370"],"panjang_m":51},"geometry":{"type":"LineString","coordinates":[[110.828378,-7.547618],[110.827911,-7.547621]]}},{"type":"Feature","properties":{"id":"PLS-D217","kategori":"distribusi","reservoir":"PLS","meter":["10370"],"panjang_m":67},"geometry":{"type":"LineString","coordinates":[[110.829233,-7.547616],[110.829402,-7.547037]]}},{"type":"Feature","properties":{"id":"PLS-D218","kategori":"distribusi","reservoir":"PLS","meter":["10370"],"panjang_m":89},"geometry":{"type":"LineString","coordinates":[[110.829754,-7.547652],[110.829915,-7.546872]]}},{"type":"Feature","properties":{"id":"PLS-D219","kategori":"distribusi","reservoir":"PLS","meter":["10370"],"panjang_m":38},"geometry":{"type":"LineString","coordinates":[[110.830074,-7.547781],[110.829754,-7.547652]]}},{"type":"Feature","properties":{"id":"PLS-D220","kategori":"distribusi","reservoir":"PLS","meter":["10370"],"panjang_m":65},"geometry":{"type":"LineString","coordinates":[[110.830074,-7.547781],[110.830203,-7.547206]]}},{"type":"Feature","properties":{"id":"PLS-D221","kategori":"distribusi","reservoir":"PLS","meter":["10370"],"panjang_m":58},"geometry":{"type":"LineString","coordinates":[[110.829998,-7.550212],[110.82948,-7.550134]]}},{"type":"Feature","properties":{"id":"PLS-D222","kategori":"distribusi","reservoir":"PLS","meter":["10370"],"panjang_m":45},"geometry":{"type":"LineString","coordinates":[[110.829998,-7.550212],[110.829934,-7.550613]]}},{"type":"Feature","properties":{"id":"PLS-D223","kategori":"distribusi","reservoir":"PLS","meter":["10370"],"panjang_m":103},"geometry":{"type":"LineString","coordinates":[[110.829465,-7.550957],[110.829461,-7.551577],[110.829151,-7.551538]]}},{"type":"Feature","properties":{"id":"PLS-D224","kategori":"distribusi","reservoir":"PLS","meter":["10370"],"panjang_m":106},"geometry":{"type":"LineString","coordinates":[[110.829465,-7.550957],[110.828502,-7.5509]]}},{"type":"Feature","properties":{"id":"PLS-D225","kategori":"distribusi","reservoir":"PLS","meter":["10370"],"panjang_m":30},"geometry":{"type":"LineString","coordinates":[[110.827943,-7.546083],[110.827984,-7.545812]]}},{"type":"Feature","properties":{"id":"PLS-D226","kategori":"distribusi","reservoir":"PLS","meter":["10370"],"panjang_m":63},"geometry":{"type":"LineString","coordinates":[[110.827943,-7.546083],[110.827391,-7.545922]]}},{"type":"Feature","properties":{"id":"PLS-D227","kategori":"distribusi","reservoir":"PLS","meter":["10370"],"panjang_m":66},"geometry":{"type":"LineString","coordinates":[[110.828896,-7.546856],[110.828913,-7.546549],[110.8292,-7.546562]]}},{"type":"Feature","properties":{"id":"PLS-D228","kategori":"distribusi","reservoir":"PLS","meter":["10370"],"panjang_m":26},"geometry":{"type":"LineString","coordinates":[[110.828896,-7.546856],[110.828886,-7.547087]]}},{"type":"Feature","properties":{"id":"PLS-D229","kategori":"distribusi","reservoir":"PLS","meter":["10370"],"panjang_m":60},"geometry":{"type":"LineString","coordinates":[[110.828424,-7.546977],[110.827881,-7.546899]]}},{"type":"Feature","properties":{"id":"PLS-D230","kategori":"distribusi","reservoir":"PLS","meter":["10370"],"panjang_m":39},"geometry":{"type":"LineString","coordinates":[[110.827547,-7.547619],[110.827539,-7.547264]]}},{"type":"Feature","properties":{"id":"PLS-D231","kategori":"distribusi","reservoir":"PLS","meter":["10370"],"panjang_m":28},"geometry":{"type":"LineString","coordinates":[[110.827547,-7.547619],[110.827294,-7.547618]]}},{"type":"Feature","properties":{"id":"PLS-D232","kategori":"distribusi","reservoir":"PLS","meter":["10370"],"panjang_m":27},"geometry":{"type":"LineString","coordinates":[[110.826912,-7.547613],[110.82667,-7.547606]]}},{"type":"Feature","properties":{"id":"PLS-D233","kategori":"distribusi","reservoir":"PLS","meter":["10370"],"panjang_m":93},"geometry":{"type":"LineString","coordinates":[[110.826912,-7.547613],[110.826905,-7.548006],[110.827182,-7.548036],[110.827226,-7.548109],[110.827311,-7.548126]]}},{"type":"Feature","properties":{"id":"PLS-D234","kategori":"distribusi","reservoir":"PLS","meter":["10370"],"panjang_m":33},"geometry":{"type":"LineString","coordinates":[[110.828435,-7.546814],[110.828445,-7.546516]]}},{"type":"Feature","properties":{"id":"PLS-D235","kategori":"distribusi","reservoir":"PLS","meter":["10370"],"panjang_m":54},"geometry":{"type":"LineString","coordinates":[[110.828435,-7.546814],[110.827945,-7.546771]]}},{"type":"Feature","properties":{"id":"PLS-D236","kategori":"distribusi","reservoir":"PLS","meter":["10370"],"panjang_m":157},"geometry":{"type":"LineString","coordinates":[[110.830664,-7.547691],[110.832066,-7.547917]]}},{"type":"Feature","properties":{"id":"PLS-D237","kategori":"distribusi","reservoir":"PLS","meter":["10370"],"panjang_m":63},"geometry":{"type":"LineString","coordinates":[[110.83016,-7.548993],[110.830078,-7.549553]]}},{"type":"Feature","properties":{"id":"PLS-D238","kategori":"distribusi","reservoir":"PLS","meter":["10370"],"panjang_m":156},"geometry":{"type":"LineString","coordinates":[[110.83016,-7.548993],[110.831552,-7.549244]]}},{"type":"Feature","properties":{"id":"PLS-D239","kategori":"distribusi","reservoir":"PLS","meter":["10370"],"panjang_m":155},"geometry":{"type":"LineString","coordinates":[[110.83016,-7.548993],[110.829279,-7.548801],[110.829138,-7.548837],[110.828842,-7.549044]]}},{"type":"Feature","properties":{"id":"PLS-D240","kategori":"distribusi","reservoir":"PLS","meter":["10370"],"panjang_m":116},"geometry":{"type":"LineString","coordinates":[[110.830246,-7.548441],[110.831265,-7.54869]]}},{"type":"Feature","properties":{"id":"PLS-D241","kategori":"distribusi","reservoir":"PLS","meter":["10370"],"panjang_m":62},"geometry":{"type":"LineString","coordinates":[[110.830246,-7.548441],[110.83016,-7.548993]]}},{"type":"Feature","properties":{"id":"PLS-D242","kategori":"distribusi","reservoir":"PLS","meter":["10370"],"panjang_m":30},"geometry":{"type":"LineString","coordinates":[[110.829269,-7.549454],[110.829005,-7.549403]]}},{"type":"Feature","properties":{"id":"PLS-D243","kategori":"distribusi","reservoir":"PLS","meter":["10370"],"panjang_m":133},"geometry":{"type":"LineString","coordinates":[[110.829269,-7.549454],[110.82909,-7.550076],[110.828545,-7.549987]]}},{"type":"Feature","properties":{"id":"PLS-D244","kategori":"distribusi","reservoir":"PLS","meter":["10370"],"panjang_m":110},"geometry":{"type":"LineString","coordinates":[[110.832453,-7.548965],[110.833025,-7.549122],[110.832902,-7.549504]]}},{"type":"Feature","properties":{"id":"PLS-D245","kategori":"distribusi","reservoir":"PLS","meter":["10370"],"panjang_m":74},"geometry":{"type":"LineString","coordinates":[[110.832453,-7.548965],[110.832335,-7.549388],[110.832562,-7.549428]]}},{"type":"Feature","properties":{"id":"PLS-D246","kategori":"distribusi","reservoir":"PLS","meter":["10370"],"panjang_m":147},"geometry":{"type":"LineString","coordinates":[[110.828556,-7.549367],[110.828103,-7.549319],[110.827996,-7.549918],[110.827735,-7.549947]]}},{"type":"Feature","properties":{"id":"PLS-D247","kategori":"distribusi","reservoir":"PLS","meter":["10370"],"panjang_m":38},"geometry":{"type":"LineString","coordinates":[[110.828556,-7.549367],[110.828575,-7.549712]]}},{"type":"Feature","properties":{"id":"PLS-D248","kategori":"distribusi","reservoir":"PLS","meter":["10370"],"panjang_m":123},"geometry":{"type":"LineString","coordinates":[[110.833408,-7.548018],[110.834493,-7.54827]]}},{"type":"Feature","properties":{"id":"PLS-D249","kategori":"distribusi","reservoir":"PLS","meter":["10370"],"panjang_m":84},"geometry":{"type":"LineString","coordinates":[[110.833408,-7.548018],[110.833567,-7.54728]]}},{"type":"Feature","properties":{"id":"PLS-D250","kategori":"distribusi","reservoir":"PLS","meter":["10370"],"panjang_m":44},"geometry":{"type":"LineString","coordinates":[[110.827294,-7.547618],[110.827342,-7.547222]]}},{"type":"Feature","properties":{"id":"PLS-D251","kategori":"distribusi","reservoir":"PLS","meter":["10370"],"panjang_m":42},"geometry":{"type":"LineString","coordinates":[[110.827294,-7.547618],[110.826912,-7.547613]]}},{"type":"Feature","properties":{"id":"PLS-D252","kategori":"distribusi","reservoir":"PLS","meter":["10370"],"panjang_m":52},"geometry":{"type":"LineString","coordinates":[[110.830267,-7.547848],[110.830378,-7.547394]]}},{"type":"Feature","properties":{"id":"PLS-D253","kategori":"distribusi","reservoir":"PLS","meter":["10370"],"panjang_m":40},"geometry":{"type":"LineString","coordinates":[[110.827911,-7.547621],[110.827547,-7.547619]]}},{"type":"Feature","properties":{"id":"PLS-D254","kategori":"distribusi","reservoir":"PLS","meter":["10370"],"panjang_m":89},"geometry":{"type":"LineString","coordinates":[[110.827911,-7.547621],[110.827868,-7.548419]]}},{"type":"Feature","properties":{"id":"PLS-D255","kategori":"distribusi","reservoir":"PLS","meter":["10370"],"panjang_m":142},"geometry":{"type":"LineString","coordinates":[[110.828213,-7.548708],[110.826929,-7.548569]]}},{"type":"Feature","properties":{"id":"PLS-D256","kategori":"distribusi","reservoir":"PLS","meter":["10370"],"panjang_m":33},"geometry":{"type":"LineString","coordinates":[[110.830098,-7.545424],[110.829798,-7.545382]]}},{"type":"Feature","properties":{"id":"PLS-D257","kategori":"distribusi","reservoir":"PLS","meter":["10370"],"panjang_m":41},"geometry":{"type":"LineString","coordinates":[[110.830098,-7.545424],[110.830274,-7.5451]]}},{"type":"Feature","properties":{"id":"PLS-D258","kategori":"distribusi","reservoir":"PLS","meter":["10370"],"panjang_m":73},"geometry":{"type":"LineString","coordinates":[[110.830976,-7.546803],[110.830314,-7.546817]]}},{"type":"Feature","properties":{"id":"PLS-D259","kategori":"distribusi","reservoir":"PLS","meter":["10370"],"panjang_m":64},"geometry":{"type":"LineString","coordinates":[[110.830976,-7.546803],[110.831089,-7.546234]]}},{"type":"Feature","properties":{"id":"PLS-D260","kategori":"distribusi","reservoir":"PLS","meter":["10370"],"panjang_m":38},"geometry":{"type":"LineString","coordinates":[[110.831229,-7.544611],[110.831134,-7.544285]]}},{"type":"Feature","properties":{"id":"PLS-D261","kategori":"distribusi","reservoir":"PLS","meter":["10370"],"panjang_m":53},"geometry":{"type":"LineString","coordinates":[[110.831229,-7.544611],[110.831706,-7.544646]]}},{"type":"Feature","properties":{"id":"PLS-D262","kategori":"distribusi","reservoir":"PLS","meter":["10370"],"panjang_m":142},"geometry":{"type":"LineString","coordinates":[[110.828936,-7.545935],[110.828944,-7.545623],[110.828531,-7.545569],[110.828539,-7.545499],[110.828071,-7.545387]]}},{"type":"Feature","properties":{"id":"PLS-D263","kategori":"distribusi","reservoir":"PLS","meter":["10370"],"panjang_m":74},"geometry":{"type":"LineString","coordinates":[[110.831186,-7.545712],[110.830538,-7.545537]]}},{"type":"Feature","properties":{"id":"PLS-D264","kategori":"distribusi","reservoir":"PLS","meter":["10370"],"panjang_m":81},"geometry":{"type":"LineString","coordinates":[[110.831186,-7.545712],[110.83128,-7.54499]]}},{"type":"Feature","properties":{"id":"PLS-D265","kategori":"distribusi","reservoir":"PLS","meter":["10370"],"panjang_m":32},"geometry":{"type":"LineString","coordinates":[[110.831186,-7.545712],[110.831474,-7.545747]]}},{"type":"Feature","properties":{"id":"PLS-D266","kategori":"distribusi","reservoir":"PLS","meter":["10370"],"panjang_m":64},"geometry":{"type":"LineString","coordinates":[[110.831134,-7.544285],[110.830922,-7.543748]]}},{"type":"Feature","properties":{"id":"PLS-D267","kategori":"distribusi","reservoir":"PLS","meter":["10370"],"panjang_m":86},"geometry":{"type":"LineString","coordinates":[[110.831134,-7.544285],[110.830392,-7.544536]]}},{"type":"Feature","properties":{"id":"PLS-D268","kategori":"distribusi","reservoir":"PLS","meter":["10370"],"panjang_m":47},"geometry":{"type":"LineString","coordinates":[[110.82768,-7.546416],[110.82726,-7.546355]]}},{"type":"Feature","properties":{"id":"PLS-D269","kategori":"distribusi","reservoir":"PLS","meter":["10370"],"panjang_m":63},"geometry":{"type":"LineString","coordinates":[[110.827545,-7.546835],[110.82698,-7.546752]]}},{"type":"Feature","properties":{"id":"PLS-D270","kategori":"distribusi","reservoir":"PLS","meter":["10370"],"panjang_m":49},"geometry":{"type":"LineString","coordinates":[[110.827545,-7.546835],[110.82768,-7.546416]]}},{"type":"Feature","properties":{"id":"PLS-D271","kategori":"distribusi","reservoir":"PLS","meter":["10370"],"panjang_m":72},"geometry":{"type":"LineString","coordinates":[[110.829299,-7.545227],[110.828695,-7.544984]]}},{"type":"Feature","properties":{"id":"PLS-D272","kategori":"distribusi","reservoir":"PLS","meter":["10370"],"panjang_m":67},"geometry":{"type":"LineString","coordinates":[[110.828445,-7.546516],[110.828457,-7.54624],[110.828144,-7.546143]]}},{"type":"Feature","properties":{"id":"PLS-D273","kategori":"distribusi","reservoir":"PLS","meter":["10370"],"panjang_m":33},"geometry":{"type":"LineString","coordinates":[[110.828445,-7.546516],[110.828152,-7.546477]]}},{"type":"Feature","properties":{"id":"PLS-D274","kategori":"distribusi","reservoir":"PLS","meter":["10370"],"panjang_m":120},"geometry":{"type":"LineString","coordinates":[[110.829378,-7.546273],[110.82846,-7.546204],[110.828474,-7.546035]]}},{"type":"Feature","properties":{"id":"PLS-D275","kategori":"distribusi","reservoir":"PLS","meter":["10370"],"panjang_m":34},"geometry":{"type":"LineString","coordinates":[[110.829378,-7.546273],[110.829384,-7.54597]]}},{"type":"Feature","properties":{"id":"PLS-D276","kategori":"distribusi","reservoir":"PLS","meter":["10370"],"panjang_m":50},"geometry":{"type":"LineString","coordinates":[[110.829384,-7.54597],[110.828936,-7.545935]]}},{"type":"Feature","properties":{"id":"PLS-D277","kategori":"distribusi","reservoir":"PLS","meter":["10370"],"panjang_m":100},"geometry":{"type":"LineString","coordinates":[[110.829384,-7.54597],[110.829949,-7.546],[110.830278,-7.546103]]}},{"type":"Feature","properties":{"id":"PLS-D278","kategori":"distribusi","reservoir":"PLS","meter":["10370"],"panjang_m":35},"geometry":{"type":"LineString","coordinates":[[110.829384,-7.54597],[110.829395,-7.545655]]}},{"type":"Feature","properties":{"id":"PLS-D279","kategori":"distribusi","reservoir":"PLS","meter":["10370"],"panjang_m":69},"geometry":{"type":"LineString","coordinates":[[110.829395,-7.545655],[110.830022,-7.545712]]}},{"type":"Feature","properties":{"id":"PLS-D280","kategori":"distribusi","reservoir":"PLS","meter":["10370"],"panjang_m":79},"geometry":{"type":"LineString","coordinates":[[110.829395,-7.545655],[110.829411,-7.545492],[110.829591,-7.545333],[110.829299,-7.545227]]}},{"type":"Feature","properties":{"id":"PLS-D281","kategori":"distribusi","reservoir":"PLS","meter":["10370"],"panjang_m":47},"geometry":{"type":"LineString","coordinates":[[110.829395,-7.545655],[110.828971,-7.545623]]}},{"type":"Feature","properties":{"id":"PLS-D282","kategori":"distribusi","reservoir":"PLS","meter":["10370"],"panjang_m":113},"geometry":{"type":"LineString","coordinates":[[110.829915,-7.546872],[110.829215,-7.546898],[110.828896,-7.546856]]}},{"type":"Feature","properties":{"id":"PLS-D283","kategori":"distribusi","reservoir":"PLS","meter":["10370"],"panjang_m":55},"geometry":{"type":"LineString","coordinates":[[110.829915,-7.546872],[110.829934,-7.546477],[110.829897,-7.546388]]}},{"type":"Feature","properties":{"id":"PLS-D284","kategori":"distribusi","reservoir":"PLS","meter":["10370"],"panjang_m":80},"geometry":{"type":"LineString","coordinates":[[110.82667,-7.547606],[110.825947,-7.547615]]}},{"type":"Feature","properties":{"id":"PLS-D285","kategori":"distribusi","reservoir":"PLS","meter":["10370"],"panjang_m":43},"geometry":{"type":"LineString","coordinates":[[110.82667,-7.547606],[110.826644,-7.547222]]}},{"type":"Feature","properties":{"id":"PLS-D286","kategori":"distribusi","reservoir":"PLS","meter":["10370"],"panjang_m":50},"geometry":{"type":"LineString","coordinates":[[110.830538,-7.545537],[110.830098,-7.545424]]}},{"type":"Feature","properties":{"id":"PLS-D287","kategori":"distribusi","reservoir":"PLS","meter":["10370"],"panjang_m":35},"geometry":{"type":"LineString","coordinates":[[110.83265,-7.545979],[110.832915,-7.545801]]}},{"type":"Feature","properties":{"id":"PLS-D288","kategori":"distribusi","reservoir":"PLS","meter":["10370"],"panjang_m":176},"geometry":{"type":"LineString","coordinates":[[110.83265,-7.545979],[110.832465,-7.545956],[110.83247,-7.544558]]}},{"type":"Feature","properties":{"id":"PLS-D289","kategori":"distribusi","reservoir":"PLS","meter":["10370"],"panjang_m":38},"geometry":{"type":"LineString","coordinates":[[110.827881,-7.546899],[110.827545,-7.546835]]}},{"type":"Feature","properties":{"id":"PLS-D290","kategori":"distribusi","reservoir":"PLS","meter":["10370"],"panjang_m":70},"geometry":{"type":"LineString","coordinates":[[110.82975,-7.551746],[110.830368,-7.551895]]}},{"type":"Feature","properties":{"id":"PLS-D291","kategori":"distribusi","reservoir":"PLS","meter":["10370"],"panjang_m":28},"geometry":{"type":"LineString","coordinates":[[110.829731,-7.551867],[110.82956,-7.551679]]}},{"type":"Feature","properties":{"id":"PLS-D292","kategori":"distribusi","reservoir":"PLS","meter":["10370"],"panjang_m":50},"geometry":{"type":"LineString","coordinates":[[110.829489,-7.548248],[110.829433,-7.548494],[110.829233,-7.54846]]}},{"type":"Feature","properties":{"id":"PLS-D293","kategori":"distribusi","reservoir":"PLS","meter":["10370"],"panjang_m":34},"geometry":{"type":"LineString","coordinates":[[110.829489,-7.548248],[110.829188,-7.548181]]}},{"type":"Feature","properties":{"id":"PLS-D294","kategori":"distribusi","reservoir":"PLS","meter":["10370"],"panjang_m":34},"geometry":{"type":"LineString","coordinates":[[110.82943,-7.547617],[110.829365,-7.547912]]}},{"type":"Feature","properties":{"id":"PLS-D295","kategori":"distribusi","reservoir":"PLS","meter":["10370"],"panjang_m":61},"geometry":{"type":"LineString","coordinates":[[110.829098,-7.547635],[110.829018,-7.548177]]}},{"type":"Feature","properties":{"id":"PLS-D296","kategori":"distribusi","reservoir":"PLS","meter":["10370"],"panjang_m":49},"geometry":{"type":"LineString","coordinates":[[110.829098,-7.547635],[110.828651,-7.547625]]}},{"type":"Feature","properties":{"id":"PLS-D297","kategori":"distribusi","reservoir":"PLS","meter":["10370"],"panjang_m":30},"geometry":{"type":"LineString","coordinates":[[110.828651,-7.547625],[110.828378,-7.547618]]}},{"type":"Feature","properties":{"id":"PLS-D298","kategori":"distribusi","reservoir":"PLS","meter":["10370"],"panjang_m":26},"geometry":{"type":"LineString","coordinates":[[110.828651,-7.547625],[110.828604,-7.547858]]}},{"type":"Feature","properties":{"id":"PLS-D299","kategori":"distribusi","reservoir":"PLS","meter":["10370"],"panjang_m":62},"geometry":{"type":"LineString","coordinates":[[110.828591,-7.549218],[110.828448,-7.548676]]}},{"type":"Feature","properties":{"id":"PLS-D300","kategori":"distribusi","reservoir":"PLS","meter":["10370"],"panjang_m":28},"geometry":{"type":"LineString","coordinates":[[110.828591,-7.549218],[110.828647,-7.549373],[110.828556,-7.549367]]}},{"type":"Feature","properties":{"id":"PLS-D301","kategori":"distribusi","reservoir":"PLS","meter":["10370"],"panjang_m":34},"geometry":{"type":"LineString","coordinates":[[110.828842,-7.549044],[110.828591,-7.549218]]}},{"type":"Feature","properties":{"id":"PLS-D302","kategori":"distribusi","reservoir":"PLS","meter":["10370"],"panjang_m":107},"geometry":{"type":"LineString","coordinates":[[110.828842,-7.549044],[110.828768,-7.548434],[110.828515,-7.548453],[110.828498,-7.548362]]}},{"type":"Feature","properties":{"id":"PLS-D303","kategori":"distribusi","reservoir":"PLS","meter":["10370"],"panjang_m":37},"geometry":{"type":"LineString","coordinates":[[110.829471,-7.550624],[110.829465,-7.550957]]}},{"type":"Feature","properties":{"id":"PLS-D304","kategori":"distribusi","reservoir":"PLS","meter":["10370"],"panjang_m":105},"geometry":{"type":"LineString","coordinates":[[110.829471,-7.550624],[110.828519,-7.55065]]}},{"type":"Feature","properties":{"id":"PLS-D305","kategori":"distribusi","reservoir":"PLS","meter":["10370"],"panjang_m":44},"geometry":{"type":"LineString","coordinates":[[110.828144,-7.546143],[110.828084,-7.54598],[110.828094,-7.54576]]}},{"type":"Feature","properties":{"id":"PLS-D306","kategori":"distribusi","reservoir":"PLS","meter":["10370"],"panjang_m":108},"geometry":{"type":"LineString","coordinates":[[110.831499,-7.548744],[110.832453,-7.548965]]}},{"type":"Feature","properties":{"id":"PLS-D307","kategori":"distribusi","reservoir":"PLS","meter":["10370"],"panjang_m":26},"geometry":{"type":"LineString","coordinates":[[110.831265,-7.54869],[110.831499,-7.548744]]}},{"type":"Feature","properties":{"id":"PLS-D308","kategori":"distribusi","reservoir":"PLS","meter":["10370"],"panjang_m":51},"geometry":{"type":"LineString","coordinates":[[110.829934,-7.550613],[110.829471,-7.550624]]}},{"type":"Feature","properties":{"id":"PLS-D309","kategori":"distribusi","reservoir":"PLS","meter":["10370"],"panjang_m":128},"geometry":{"type":"LineString","coordinates":[[110.829934,-7.550613],[110.82975,-7.551746]]}},{"type":"Feature","properties":{"id":"PLS-D310","kategori":"distribusi","reservoir":"PLS","meter":["10370"],"panjang_m":51},"geometry":{"type":"LineString","coordinates":[[110.831474,-7.545747],[110.831707,-7.545767],[110.83173,-7.545544]]}},{"type":"Feature","properties":{"id":"PLS-D311","kategori":"distribusi","reservoir":"PLS","meter":["10370"],"panjang_m":41},"geometry":{"type":"LineString","coordinates":[[110.829725,-7.55194],[110.829672,-7.552304]]}},{"type":"Feature","properties":{"id":"PLS-D312","kategori":"distribusi","reservoir":"PLS","meter":["10370"],"panjang_m":41},"geometry":{"type":"LineString","coordinates":[[110.829725,-7.55194],[110.829357,-7.551916]]}},{"type":"Feature","properties":{"id":"PLS-D313","kategori":"distribusi","reservoir":"PLS","meter":["10370"],"panjang_m":46},"geometry":{"type":"LineString","coordinates":[[110.832093,-7.54506],[110.832225,-7.545065],[110.832223,-7.544778]]}},{"type":"Feature","properties":{"id":"PLS-D314","kategori":"distribusi","reservoir":"PLS","meter":["10370"],"panjang_m":27},"geometry":{"type":"LineString","coordinates":[[110.832093,-7.54506],[110.83207,-7.5453]]}},{"type":"Feature","properties":{"id":"PLS-D315","kategori":"distribusi","reservoir":"PLS","meter":["10370"],"panjang_m":52},"geometry":{"type":"LineString","coordinates":[[110.831706,-7.544646],[110.832005,-7.54467],[110.832031,-7.544838]]}},{"type":"Feature","properties":{"id":"PLS-D316","kategori":"distribusi","reservoir":"PLS","meter":["10370"],"panjang_m":30},"geometry":{"type":"LineString","coordinates":[[110.831706,-7.544646],[110.831734,-7.544377]]}},{"type":"Feature","properties":{"id":"PLS-D317","kategori":"distribusi","reservoir":"PLS","meter":["10370"],"panjang_m":44},"geometry":{"type":"LineString","coordinates":[[110.82698,-7.546752],[110.826937,-7.546744],[110.827026,-7.546405]]}},{"type":"Feature","properties":{"id":"PLS-D318","kategori":"distribusi","reservoir":"PLS","meter":["10370"],"panjang_m":38},"geometry":{"type":"LineString","coordinates":[[110.82698,-7.546752],[110.82694,-7.547089]]}},{"type":"Feature","properties":{"id":"PLS-D319","kategori":"distribusi","reservoir":"PLS","meter":["10370"],"panjang_m":60},"geometry":{"type":"LineString","coordinates":[[110.829897,-7.546388],[110.829714,-7.546286],[110.829378,-7.546273]]}},{"type":"Feature","properties":{"id":"PLS-D320","kategori":"distribusi","reservoir":"PLS","meter":["10370"],"panjang_m":43},"geometry":{"type":"LineString","coordinates":[[110.829897,-7.546388],[110.830284,-7.546444]]}},{"type":"Feature","properties":{"id":"PLS-D321","kategori":"distribusi","reservoir":"PLS","meter":["10370"],"panjang_m":100},"geometry":{"type":"LineString","coordinates":[[110.832748,-7.54631],[110.832836,-7.546368],[110.833617,-7.546528]]}},{"type":"Feature","properties":{"id":"PLS-D322","kategori":"distribusi","reservoir":"PLS","meter":["10370"],"panjang_m":44},"geometry":{"type":"LineString","coordinates":[[110.832657,-7.546377],[110.83265,-7.545979]]}},{"type":"Feature","properties":{"id":"PLS-D323","kategori":"distribusi","reservoir":"PLS","meter":["10370"],"panjang_m":69},"geometry":{"type":"LineString","coordinates":[[110.8296,-7.547635],[110.829489,-7.548248]]}},{"type":"Feature","properties":{"id":"PLS-D324","kategori":"distribusi","reservoir":"PLS","meter":["10370"],"panjang_m":57},"geometry":{"type":"LineString","coordinates":[[110.833617,-7.546528],[110.833678,-7.546417],[110.83373,-7.546031]]}},{"type":"Feature","properties":{"id":"PLS-D325","kategori":"distribusi","reservoir":"PLS","meter":["10370"],"panjang_m":111},"geometry":{"type":"LineString","coordinates":[[110.831207,-7.547369],[110.832172,-7.54766]]}},{"type":"Feature","properties":{"id":"PLS-D326","kategori":"distribusi","reservoir":"PLS","meter":["10370"],"panjang_m":88},"geometry":{"type":"LineString","coordinates":[[110.833393,-7.548015],[110.833233,-7.548472],[110.83294,-7.54838]]}},{"type":"Feature","properties":{"id":"PLS-D327","kategori":"distribusi","reservoir":"PLS","meter":["10370"],"panjang_m":68},"geometry":{"type":"LineString","coordinates":[[110.832172,-7.54766],[110.832762,-7.547828]]}},{"type":"Feature","properties":{"id":"PLS-D328","kategori":"distribusi","reservoir":"PLS","meter":["10370"],"panjang_m":214},"geometry":{"type":"LineString","coordinates":[[110.832172,-7.54766],[110.832461,-7.546914],[110.833574,-7.547129]]}},{"type":"Feature","properties":{"id":"PLS-D329","kategori":"distribusi","reservoir":"PLS","meter":["10370"],"panjang_m":78},"geometry":{"type":"LineString","coordinates":[[110.832902,-7.549504],[110.833419,-7.549743],[110.83338,-7.549874]]}},{"type":"Feature","properties":{"id":"PLS-D330","kategori":"distribusi","reservoir":"PLS","meter":["10370"],"panjang_m":41},"geometry":{"type":"LineString","coordinates":[[110.832902,-7.549504],[110.832777,-7.549848]]}},{"type":"Feature","properties":{"id":"PLS-D331","kategori":"distribusi","reservoir":"PLS","meter":["10370"],"panjang_m":41},"geometry":{"type":"LineString","coordinates":[[110.832915,-7.545801],[110.833205,-7.545569]]}},{"type":"Feature","properties":{"id":"PLS-D332","kategori":"distribusi","reservoir":"PLS","meter":["10370"],"panjang_m":36},"geometry":{"type":"LineString","coordinates":[[110.832915,-7.545801],[110.83291,-7.545474]]}},{"type":"Feature","properties":{"id":"PLS-D333","kategori":"distribusi","reservoir":"PLS","meter":["10370"],"panjang_m":51},"geometry":{"type":"LineString","coordinates":[[110.830899,-7.547258],[110.830976,-7.546803]]}},{"type":"Feature","properties":{"id":"PLS-D334","kategori":"distribusi","reservoir":"PLS","meter":["10370"],"panjang_m":53},"geometry":{"type":"LineString","coordinates":[[110.830899,-7.547258],[110.830418,-7.547229]]}},{"type":"Feature","properties":{"id":"PLS-D335","kategori":"distribusi","reservoir":"PLS","meter":["10370"],"panjang_m":46},"geometry":{"type":"LineString","coordinates":[[110.831089,-7.546234],[110.831503,-7.546271]]}},{"type":"Feature","properties":{"id":"PLS-D336","kategori":"distribusi","reservoir":"PLS","meter":["10370"],"panjang_m":59},"geometry":{"type":"LineString","coordinates":[[110.831089,-7.546234],[110.831186,-7.545712]]}},{"type":"Feature","properties":{"id":"PLS-D337","kategori":"distribusi","reservoir":"PLS","meter":["10371"],"panjang_m":50},"geometry":{"type":"LineString","coordinates":[[110.844157,-7.5462],[110.843782,-7.546459]]}},{"type":"Feature","properties":{"id":"PLS-D338","kategori":"distribusi","reservoir":"PLS","meter":["10371"],"panjang_m":115},"geometry":{"type":"LineString","coordinates":[[110.844157,-7.5462],[110.843778,-7.545999],[110.843174,-7.545887]]}},{"type":"Feature","properties":{"id":"PLS-D339","kategori":"distribusi","reservoir":"PLS","meter":["10371"],"panjang_m":29},"geometry":{"type":"LineString","coordinates":[[110.843937,-7.543843],[110.844121,-7.543657]]}},{"type":"Feature","properties":{"id":"PLS-D340","kategori":"distribusi","reservoir":"PLS","meter":["10371"],"panjang_m":37},"geometry":{"type":"LineString","coordinates":[[110.843937,-7.543843],[110.843702,-7.543606]]}},{"type":"Feature","properties":{"id":"PLS-D341","kategori":"distribusi","reservoir":"PLS","meter":["10371"],"panjang_m":49},"geometry":{"type":"LineString","coordinates":[[110.845149,-7.544879],[110.845432,-7.544534]]}},{"type":"Feature","properties":{"id":"PLS-D342","kategori":"distribusi","reservoir":"PLS","meter":["10371"],"panjang_m":76},"geometry":{"type":"LineString","coordinates":[[110.848515,-7.543763],[110.847823,-7.5438]]}},{"type":"Feature","properties":{"id":"PLS-D343","kategori":"distribusi","reservoir":"PLS","meter":["10371"],"panjang_m":170},"geometry":{"type":"LineString","coordinates":[[110.845572,-7.545685],[110.845458,-7.54602],[110.845317,-7.546013],[110.845114,-7.546387],[110.84498,-7.546396],[110.844923,-7.546696],[110.844746,-7.546682]]}},{"type":"Feature","properties":{"id":"PLS-D344","kategori":"distribusi","reservoir":"PLS","meter":["10371"],"panjang_m":94},"geometry":{"type":"LineString","coordinates":[[110.845572,-7.545685],[110.845313,-7.545817],[110.844948,-7.545782],[110.844771,-7.54587]]}},{"type":"Feature","properties":{"id":"PLS-D345","kategori":"distribusi","reservoir":"PLS","meter":["10371"],"panjang_m":45},"geometry":{"type":"LineString","coordinates":[[110.845458,-7.545148],[110.845149,-7.544879]]}},{"type":"Feature","properties":{"id":"PLS-D346","kategori":"distribusi","reservoir":"PLS","meter":["10371"],"panjang_m":149},"geometry":{"type":"LineString","coordinates":[[110.845458,-7.545148],[110.845933,-7.544598],[110.845636,-7.544305],[110.845773,-7.544163]]}},{"type":"Feature","properties":{"id":"PLS-D347","kategori":"distribusi","reservoir":"PLS","meter":["10371"],"panjang_m":51},"geometry":{"type":"LineString","coordinates":[[110.844726,-7.544531],[110.844428,-7.54488]]}},{"type":"Feature","properties":{"id":"PLS-D348","kategori":"distribusi","reservoir":"PLS","meter":["10371"],"panjang_m":143},"geometry":{"type":"LineString","coordinates":[[110.845295,-7.5475],[110.845991,-7.547888],[110.845774,-7.548338]]}},{"type":"Feature","properties":{"id":"PLS-D349","kategori":"distribusi","reservoir":"PLS","meter":["10371"],"panjang_m":71},"geometry":{"type":"LineString","coordinates":[[110.845295,-7.5475],[110.845008,-7.548075]]}},{"type":"Feature","properties":{"id":"PLS-D350","kategori":"distribusi","reservoir":"PLS","meter":["10371"],"panjang_m":42},"geometry":{"type":"LineString","coordinates":[[110.845432,-7.544534],[110.845143,-7.544286]]}},{"type":"Feature","properties":{"id":"PLS-D351","kategori":"distribusi","reservoir":"PLS","meter":["10371"],"panjang_m":78},"geometry":{"type":"LineString","coordinates":[[110.845432,-7.544534],[110.845616,-7.544327],[110.84534,-7.544094],[110.845337,-7.544024]]}},{"type":"Feature","properties":{"id":"PLS-D352","kategori":"distribusi","reservoir":"PLS","meter":["10371"],"panjang_m":29},"geometry":{"type":"LineString","coordinates":[[110.845907,-7.543945],[110.845665,-7.543849]]}},{"type":"Feature","properties":{"id":"PLS-D353","kategori":"distribusi","reservoir":"PLS","meter":["10371"],"panjang_m":31},"geometry":{"type":"LineString","coordinates":[[110.845907,-7.543945],[110.846006,-7.543682]]}},{"type":"Feature","properties":{"id":"PLS-D354","kategori":"distribusi","reservoir":"PLS","meter":["10371"],"panjang_m":40},"geometry":{"type":"LineString","coordinates":[[110.845907,-7.543945],[110.846251,-7.544072]]}},{"type":"Feature","properties":{"id":"PLS-D355","kategori":"distribusi","reservoir":"PLS","meter":["10371"],"panjang_m":36},"geometry":{"type":"LineString","coordinates":[[110.845872,-7.545554],[110.845572,-7.545685]]}},{"type":"Feature","properties":{"id":"PLS-D356","kategori":"distribusi","reservoir":"PLS","meter":["10371"],"panjang_m":64},"geometry":{"type":"LineString","coordinates":[[110.845872,-7.545554],[110.845458,-7.545148]]}},{"type":"Feature","properties":{"id":"PLS-D357","kategori":"distribusi","reservoir":"PLS","meter":["10371"],"panjang_m":30},"geometry":{"type":"LineString","coordinates":[[110.846997,-7.544906],[110.847141,-7.544678]]}},{"type":"Feature","properties":{"id":"PLS-D358","kategori":"distribusi","reservoir":"PLS","meter":["10371"],"panjang_m":51},"geometry":{"type":"LineString","coordinates":[[110.846997,-7.544906],[110.846613,-7.544644]]}},{"type":"Feature","properties":{"id":"PLS-D359","kategori":"distribusi","reservoir":"PLS","meter":["10371"],"panjang_m":80},"geometry":{"type":"LineString","coordinates":[[110.844428,-7.54488],[110.844087,-7.545182],[110.843969,-7.545042],[110.843881,-7.545044]]}},{"type":"Feature","properties":{"id":"PLS-D360","kategori":"distribusi","reservoir":"PLS","meter":["10371"],"panjang_m":105},"geometry":{"type":"LineString","coordinates":[[110.84465,-7.544466],[110.843937,-7.543843]]}},{"type":"Feature","properties":{"id":"PLS-D361","kategori":"distribusi","reservoir":"PLS","meter":["10371"],"panjang_m":146},"geometry":{"type":"LineString","coordinates":[[110.84465,-7.544466],[110.845416,-7.543397]]}},{"type":"Feature","properties":{"id":"PLS-D362","kategori":"distribusi","reservoir":"PLS","meter":["10371"],"panjang_m":31},"geometry":{"type":"LineString","coordinates":[[110.843736,-7.545397],[110.843529,-7.545586]]}},{"type":"Feature","properties":{"id":"PLS-D363","kategori":"distribusi","reservoir":"PLS","meter":["10371"],"panjang_m":60},"geometry":{"type":"LineString","coordinates":[[110.843736,-7.545397],[110.843415,-7.54496]]}},{"type":"Feature","properties":{"id":"PLS-D364","kategori":"distribusi","reservoir":"PLS","meter":["10371"],"panjang_m":46},"geometry":{"type":"LineString","coordinates":[[110.845773,-7.544163],[110.846163,-7.544319]]}},{"type":"Feature","properties":{"id":"PLS-D365","kategori":"distribusi","reservoir":"PLS","meter":["10371"],"panjang_m":29},"geometry":{"type":"LineString","coordinates":[[110.845773,-7.544163],[110.845878,-7.544053],[110.845907,-7.543945]]}},{"type":"Feature","properties":{"id":"PLS-D366","kategori":"distribusi","reservoir":"PLS","meter":["10371"],"panjang_m":96},"geometry":{"type":"LineString","coordinates":[[110.84737,-7.546257],[110.847116,-7.546631],[110.847171,-7.546704],[110.84705,-7.547]]}},{"type":"Feature","properties":{"id":"PLS-D367","kategori":"distribusi","reservoir":"PLS","meter":["10371"],"panjang_m":52},"geometry":{"type":"LineString","coordinates":[[110.84737,-7.546257],[110.846919,-7.546109]]}},{"type":"Feature","properties":{"id":"PLS-D368","kategori":"distribusi","reservoir":"PLS","meter":["10371"],"panjang_m":26},"geometry":{"type":"LineString","coordinates":[[110.84737,-7.546257],[110.847444,-7.546125],[110.847525,-7.546093]]}},{"type":"Feature","properties":{"id":"PLS-D369","kategori":"distribusi","reservoir":"PLS","meter":["10371"],"panjang_m":193},"geometry":{"type":"LineString","coordinates":[[110.849361,-7.547339],[110.850154,-7.547435],[110.851079,-7.54764]]}},{"type":"Feature","properties":{"id":"PLS-D370","kategori":"distribusi","reservoir":"PLS","meter":["10371"],"panjang_m":46},"geometry":{"type":"LineString","coordinates":[[110.849361,-7.547339],[110.849336,-7.547752]]}},{"type":"Feature","properties":{"id":"PLS-D371","kategori":"distribusi","reservoir":"PLS","meter":["10371"],"panjang_m":36},"geometry":{"type":"LineString","coordinates":[[110.849431,-7.546188],[110.849758,-7.546215]]}},{"type":"Feature","properties":{"id":"PLS-D372","kategori":"distribusi","reservoir":"PLS","meter":["10371"],"panjang_m":32},"geometry":{"type":"LineString","coordinates":[[110.849431,-7.546188],[110.849447,-7.545901]]}},{"type":"Feature","properties":{"id":"PLS-D373","kategori":"distribusi","reservoir":"PLS","meter":["10371"],"panjang_m":97},"geometry":{"type":"LineString","coordinates":[[110.849395,-7.5466],[110.850266,-7.546741]]}},{"type":"Feature","properties":{"id":"PLS-D374","kategori":"distribusi","reservoir":"PLS","meter":["10371"],"panjang_m":60},"geometry":{"type":"LineString","coordinates":[[110.849395,-7.5466],[110.849369,-7.547136]]}},{"type":"Feature","properties":{"id":"PLS-D375","kategori":"distribusi","reservoir":"PLS","meter":["10371"],"panjang_m":46},"geometry":{"type":"LineString","coordinates":[[110.849395,-7.5466],[110.849431,-7.546188]]}},{"type":"Feature","properties":{"id":"PLS-D376","kategori":"distribusi","reservoir":"PLS","meter":["10371"],"panjang_m":140},"geometry":{"type":"LineString","coordinates":[[110.850338,-7.546191],[110.850749,-7.546212],[110.85109,-7.546164],[110.851023,-7.545661]]}},{"type":"Feature","properties":{"id":"PLS-D377","kategori":"distribusi","reservoir":"PLS","meter":["10371"],"panjang_m":48},"geometry":{"type":"LineString","coordinates":[[110.850266,-7.546741],[110.850213,-7.547167]]}},{"type":"Feature","properties":{"id":"PLS-D378","kategori":"distribusi","reservoir":"PLS","meter":["10371"],"panjang_m":62},"geometry":{"type":"LineString","coordinates":[[110.850266,-7.546741],[110.850338,-7.546191]]}},{"type":"Feature","properties":{"id":"PLS-D379","kategori":"distribusi","reservoir":"PLS","meter":["10371"],"panjang_m":83},"geometry":{"type":"LineString","coordinates":[[110.850266,-7.546741],[110.851007,-7.546858]]}},{"type":"Feature","properties":{"id":"PLS-D380","kategori":"distribusi","reservoir":"PLS","meter":["10371"],"panjang_m":120},"geometry":{"type":"LineString","coordinates":[[110.851007,-7.546858],[110.85208,-7.547059]]}},{"type":"Feature","properties":{"id":"PLS-D381","kategori":"distribusi","reservoir":"PLS","meter":["10371"],"panjang_m":46},"geometry":{"type":"LineString","coordinates":[[110.851007,-7.546858],[110.851092,-7.546456]]}},{"type":"Feature","properties":{"id":"PLS-D382","kategori":"distribusi","reservoir":"PLS","meter":["10371"],"panjang_m":44},"geometry":{"type":"LineString","coordinates":[[110.846858,-7.543138],[110.847179,-7.543155],[110.84723,-7.543216]]}},{"type":"Feature","properties":{"id":"PLS-D383","kategori":"distribusi","reservoir":"PLS","meter":["10371"],"panjang_m":31},"geometry":{"type":"LineString","coordinates":[[110.846858,-7.543138],[110.84691,-7.542861]]}},{"type":"Feature","properties":{"id":"PLS-D384","kategori":"distribusi","reservoir":"PLS","meter":["10371"],"panjang_m":43},"geometry":{"type":"LineString","coordinates":[[110.847489,-7.544108],[110.847649,-7.543881],[110.847743,-7.543824]]}},{"type":"Feature","properties":{"id":"PLS-D385","kategori":"distribusi","reservoir":"PLS","meter":["10371"],"panjang_m":58},"geometry":{"type":"LineString","coordinates":[[110.847489,-7.544108],[110.847408,-7.544057],[110.847611,-7.543683]]}},{"type":"Feature","properties":{"id":"PLS-D386","kategori":"distribusi","reservoir":"PLS","meter":["10371"],"panjang_m":74},"geometry":{"type":"LineString","coordinates":[[110.847141,-7.544678],[110.847489,-7.544108]]}},{"type":"Feature","properties":{"id":"PLS-D387","kategori":"distribusi","reservoir":"PLS","meter":["10371"],"panjang_m":155},"geometry":{"type":"LineString","coordinates":[[110.847141,-7.544678],[110.846885,-7.544492],[110.846867,-7.544386],[110.847368,-7.543547]]}},{"type":"Feature","properties":{"id":"PLS-D388","kategori":"distribusi","reservoir":"PLS","meter":["10371"],"panjang_m":74},"geometry":{"type":"LineString","coordinates":[[110.846647,-7.545285],[110.847265,-7.545546]]}},{"type":"Feature","properties":{"id":"PLS-D389","kategori":"distribusi","reservoir":"PLS","meter":["10371"],"panjang_m":188},"geometry":{"type":"LineString","coordinates":[[110.848631,-7.546486],[110.84868,-7.545717],[110.849398,-7.545671],[110.849458,-7.545624],[110.849471,-7.54549]]}},{"type":"Feature","properties":{"id":"PLS-D390","kategori":"distribusi","reservoir":"PLS","meter":["10371"],"panjang_m":29},"geometry":{"type":"LineString","coordinates":[[110.848631,-7.546486],[110.848891,-7.546528]]}},{"type":"Feature","properties":{"id":"PLS-D391","kategori":"distribusi","reservoir":"PLS","meter":["10371"],"panjang_m":28},"geometry":{"type":"LineString","coordinates":[[110.848039,-7.545185],[110.848293,-7.545217]]}},{"type":"Feature","properties":{"id":"PLS-D392","kategori":"distribusi","reservoir":"PLS","meter":["10371"],"panjang_m":334},"geometry":{"type":"LineString","coordinates":[[110.848293,-7.545217],[110.84871,-7.545095],[110.849309,-7.544827],[110.850785,-7.544838],[110.851222,-7.544999]]}},{"type":"Feature","properties":{"id":"PLS-D393","kategori":"distribusi","reservoir":"PLS","meter":["10371"],"panjang_m":88},"geometry":{"type":"LineString","coordinates":[[110.847719,-7.546329],[110.847525,-7.547097]]}},{"type":"Feature","properties":{"id":"PLS-D394","kategori":"distribusi","reservoir":"PLS","meter":["10371"],"panjang_m":67},"geometry":{"type":"LineString","coordinates":[[110.847719,-7.546329],[110.848317,-7.546447]]}},{"type":"Feature","properties":{"id":"PLS-D395","kategori":"distribusi","reservoir":"PLS","meter":["10371"],"panjang_m":35},"geometry":{"type":"LineString","coordinates":[[110.847525,-7.547097],[110.847454,-7.547092],[110.847418,-7.547335]]}},{"type":"Feature","properties":{"id":"PLS-D396","kategori":"distribusi","reservoir":"PLS","meter":["10371"],"panjang_m":70},"geometry":{"type":"LineString","coordinates":[[110.847525,-7.547097],[110.847985,-7.547177],[110.847996,-7.547011]]}},{"type":"Feature","properties":{"id":"PLS-D397","kategori":"distribusi","reservoir":"PLS","meter":["10371"],"panjang_m":35},"geometry":{"type":"LineString","coordinates":[[110.848325,-7.546958],[110.848009,-7.546979]]}},{"type":"Feature","properties":{"id":"PLS-D398","kategori":"distribusi","reservoir":"PLS","meter":["10371"],"panjang_m":28},"geometry":{"type":"LineString","coordinates":[[110.848325,-7.546958],[110.848316,-7.54721]]}},{"type":"Feature","properties":{"id":"PLS-D399","kategori":"distribusi","reservoir":"PLS","meter":["10371"],"panjang_m":169},"geometry":{"type":"LineString","coordinates":[[110.84829,-7.547575],[110.846769,-7.547371]]}},{"type":"Feature","properties":{"id":"PLS-D400","kategori":"distribusi","reservoir":"PLS","meter":["10371"],"panjang_m":61},"geometry":{"type":"LineString","coordinates":[[110.84829,-7.547575],[110.848237,-7.548121]]}},{"type":"Feature","properties":{"id":"PLS-D401","kategori":"distribusi","reservoir":"PLS","meter":["10371"],"panjang_m":116},"geometry":{"type":"LineString","coordinates":[[110.848316,-7.54721],[110.849361,-7.547339]]}},{"type":"Feature","properties":{"id":"PLS-D402","kategori":"distribusi","reservoir":"PLS","meter":["10371"],"panjang_m":41},"geometry":{"type":"LineString","coordinates":[[110.848316,-7.54721],[110.84829,-7.547575]]}},{"type":"Feature","properties":{"id":"PLS-D403","kategori":"distribusi","reservoir":"PLS","meter":["10371"],"panjang_m":30},"geometry":{"type":"LineString","coordinates":[[110.84705,-7.547],[110.846794,-7.5469]]}},{"type":"Feature","properties":{"id":"PLS-D404","kategori":"distribusi","reservoir":"PLS","meter":["10371"],"panjang_m":64},"geometry":{"type":"LineString","coordinates":[[110.846919,-7.546109],[110.846583,-7.546583]]}},{"type":"Feature","properties":{"id":"PLS-D405","kategori":"distribusi","reservoir":"PLS","meter":["10371"],"panjang_m":85},"geometry":{"type":"LineString","coordinates":[[110.846919,-7.546109],[110.846212,-7.545814]]}},{"type":"Feature","properties":{"id":"PLS-D406","kategori":"distribusi","reservoir":"PLS","meter":["10371"],"panjang_m":183},"geometry":{"type":"LineString","coordinates":[[110.847733,-7.545909],[110.847269,-7.54567],[110.847426,-7.545198],[110.846934,-7.544984],[110.846997,-7.544906]]}},{"type":"Feature","properties":{"id":"PLS-D407","kategori":"distribusi","reservoir":"PLS","meter":["10371"],"panjang_m":46},"geometry":{"type":"LineString","coordinates":[[110.848095,-7.545054],[110.847686,-7.544957]]}},{"type":"Feature","properties":{"id":"PLS-D408","kategori":"distribusi","reservoir":"PLS","meter":["10371"],"panjang_m":56},"geometry":{"type":"LineString","coordinates":[[110.848891,-7.546528],[110.849395,-7.5466]]}},{"type":"Feature","properties":{"id":"PLS-D409","kategori":"distribusi","reservoir":"PLS","meter":["10371"],"panjang_m":31},"geometry":{"type":"LineString","coordinates":[[110.848891,-7.546528],[110.84887,-7.546807]]}},{"type":"Feature","properties":{"id":"PLS-D410","kategori":"distribusi","reservoir":"PLS","meter":["10371"],"panjang_m":35},"geometry":{"type":"LineString","coordinates":[[110.848317,-7.546447],[110.848631,-7.546486]]}},{"type":"Feature","properties":{"id":"PLS-D411","kategori":"distribusi","reservoir":"PLS","meter":["10371"],"panjang_m":57},"geometry":{"type":"LineString","coordinates":[[110.848317,-7.546447],[110.848325,-7.546958]]}},{"type":"Feature","properties":{"id":"PLS-D412","kategori":"distribusi","reservoir":"PLS","meter":["10371"],"panjang_m":97},"geometry":{"type":"LineString","coordinates":[[110.848317,-7.546447],[110.848285,-7.545576]]}},{"type":"Feature","properties":{"id":"PLS-D413","kategori":"distribusi","reservoir":"PLS","meter":["10371"],"panjang_m":40},"geometry":{"type":"LineString","coordinates":[[110.847968,-7.549569],[110.847617,-7.549464]]}},{"type":"Feature","properties":{"id":"PLS-D414","kategori":"distribusi","reservoir":"PLS","meter":["10371"],"panjang_m":66},"geometry":{"type":"LineString","coordinates":[[110.847611,-7.548839],[110.847592,-7.549434]]}},{"type":"Feature","properties":{"id":"PLS-D415","kategori":"distribusi","reservoir":"PLS","meter":["10371"],"panjang_m":34},"geometry":{"type":"LineString","coordinates":[[110.84758,-7.548831],[110.847326,-7.548662]]}},{"type":"Feature","properties":{"id":"PLS-D416","kategori":"distribusi","reservoir":"PLS","meter":["10371"],"panjang_m":60},"geometry":{"type":"LineString","coordinates":[[110.84758,-7.548831],[110.847322,-7.548976],[110.847255,-7.549209]]}},{"type":"Feature","properties":{"id":"PLS-D417","kategori":"distribusi","reservoir":"PLS","meter":["10371"],"panjang_m":58},"geometry":{"type":"LineString","coordinates":[[110.84814,-7.548864],[110.847611,-7.548839]]}},{"type":"Feature","properties":{"id":"PLS-D418","kategori":"distribusi","reservoir":"PLS","meter":["10371"],"panjang_m":32},"geometry":{"type":"LineString","coordinates":[[110.84814,-7.548864],[110.848093,-7.549152]]}},{"type":"Feature","properties":{"id":"PLS-D419","kategori":"distribusi","reservoir":"PLS","meter":["10371"],"panjang_m":36},"geometry":{"type":"LineString","coordinates":[[110.848502,-7.549424],[110.848825,-7.549492]]}},{"type":"Feature","properties":{"id":"PLS-D420","kategori":"distribusi","reservoir":"PLS","meter":["10371"],"panjang_m":94},"geometry":{"type":"LineString","coordinates":[[110.849227,-7.54809],[110.848845,-7.548464],[110.848671,-7.548722]]}},{"type":"Feature","properties":{"id":"PLS-D421","kategori":"distribusi","reservoir":"PLS","meter":["10371"],"panjang_m":95},"geometry":{"type":"LineString","coordinates":[[110.849227,-7.54809],[110.849909,-7.548619]]}},{"type":"Feature","properties":{"id":"PLS-D422","kategori":"distribusi","reservoir":"PLS","meter":["10371"],"panjang_m":105},"geometry":{"type":"LineString","coordinates":[[110.849336,-7.547752],[110.85026,-7.547998]]}},{"type":"Feature","properties":{"id":"PLS-D423","kategori":"distribusi","reservoir":"PLS","meter":["10371"],"panjang_m":83},"geometry":{"type":"LineString","coordinates":[[110.848237,-7.548121],[110.84814,-7.548864]]}},{"type":"Feature","properties":{"id":"PLS-D424","kategori":"distribusi","reservoir":"PLS","meter":["10371"],"panjang_m":62},"geometry":{"type":"LineString","coordinates":[[110.848237,-7.548121],[110.848787,-7.548251]]}},{"type":"Feature","properties":{"id":"PLS-D425","kategori":"distribusi","reservoir":"PLS","meter":["10371"],"panjang_m":27},"geometry":{"type":"LineString","coordinates":[[110.848047,-7.54934],[110.847968,-7.549569]]}},{"type":"Feature","properties":{"id":"PLS-D426","kategori":"distribusi","reservoir":"PLS","meter":["10371"],"panjang_m":51},"geometry":{"type":"LineString","coordinates":[[110.848047,-7.54934],[110.848502,-7.549424]]}},{"type":"Feature","properties":{"id":"PLS-D427","kategori":"distribusi","reservoir":"PLS","meter":["10371"],"panjang_m":38},"geometry":{"type":"LineString","coordinates":[[110.850516,-7.548078],[110.850731,-7.548347]]}},{"type":"Feature","properties":{"id":"PLS-D428","kategori":"distribusi","reservoir":"PLS","meter":["10371"],"panjang_m":37},"geometry":{"type":"LineString","coordinates":[[110.850516,-7.548078],[110.850586,-7.547754]]}},{"type":"Feature","properties":{"id":"PLS-D429","kategori":"distribusi","reservoir":"PLS","meter":["10371"],"panjang_m":87},"geometry":{"type":"LineString","coordinates":[[110.845008,-7.548075],[110.845696,-7.548465]]}},{"type":"Feature","properties":{"id":"PLS-D430","kategori":"distribusi","reservoir":"PLS","meter":["10371"],"panjang_m":35},"geometry":{"type":"LineString","coordinates":[[110.845008,-7.548075],[110.844872,-7.548359]]}},{"type":"Feature","properties":{"id":"PLS-D431","kategori":"distribusi","reservoir":"PLS","meter":["10371"],"panjang_m":30},"geometry":{"type":"LineString","coordinates":[[110.85026,-7.547998],[110.850516,-7.548078]]}},{"type":"Feature","properties":{"id":"PLS-D432","kategori":"distribusi","reservoir":"PLS","meter":["10371"],"panjang_m":60},"geometry":{"type":"LineString","coordinates":[[110.851092,-7.546456],[110.851373,-7.546331],[110.851606,-7.546363]]}},{"type":"Feature","properties":{"id":"PLS-D433","kategori":"distribusi","reservoir":"PLS","meter":["10371"],"panjang_m":37},"geometry":{"type":"LineString","coordinates":[[110.843782,-7.546459],[110.843513,-7.546257]]}},{"type":"Feature","properties":{"id":"PLS-D434","kategori":"distribusi","reservoir":"PLS","meter":["10371"],"panjang_m":37},"geometry":{"type":"LineString","coordinates":[[110.846408,-7.545514],[110.846647,-7.545285]]}},{"type":"Feature","properties":{"id":"PLS-D435","kategori":"distribusi","reservoir":"PLS","meter":["10371"],"panjang_m":150},"geometry":{"type":"LineString","coordinates":[[110.846408,-7.545514],[110.846464,-7.544501],[110.846565,-7.544178]]}},{"type":"Feature","properties":{"id":"PLS-D436","kategori":"distribusi","reservoir":"PLS","meter":["10371"],"panjang_m":29},"geometry":{"type":"LineString","coordinates":[[110.846006,-7.543682],[110.845757,-7.543596]]}},{"type":"Feature","properties":{"id":"PLS-D437","kategori":"distribusi","reservoir":"PLS","meter":["10371"],"panjang_m":29},"geometry":{"type":"LineString","coordinates":[[110.846006,-7.543682],[110.8461,-7.543436]]}},{"type":"Feature","properties":{"id":"PLS-D438","kategori":"distribusi","reservoir":"PLS","meter":["10371"],"panjang_m":40},"geometry":{"type":"LineString","coordinates":[[110.846006,-7.543682],[110.846344,-7.543815]]}},{"type":"Feature","properties":{"id":"PLS-D439","kategori":"distribusi","reservoir":"PLS","meter":["10371"],"panjang_m":43},"geometry":{"type":"LineString","coordinates":[[110.845019,-7.544783],[110.844726,-7.544531]]}},{"type":"Feature","properties":{"id":"PLS-D440","kategori":"distribusi","reservoir":"PLS","meter":["10371"],"panjang_m":77},"geometry":{"type":"LineString","coordinates":[[110.845019,-7.544783],[110.844629,-7.545356]]}},{"type":"Feature","properties":{"id":"PLS-D441","kategori":"distribusi","reservoir":"PLS","meter":["10371"],"panjang_m":81},"geometry":{"type":"LineString","coordinates":[[110.849471,-7.54549],[110.849543,-7.545131],[110.849911,-7.545126]]}},{"type":"Feature","properties":{"id":"PLS-D442","kategori":"distribusi","reservoir":"PLS","meter":["10371"],"panjang_m":52},"geometry":{"type":"LineString","coordinates":[[110.849471,-7.54549],[110.849866,-7.545541],[110.849903,-7.545481]]}},{"type":"Feature","properties":{"id":"PLS-D443","kategori":"distribusi","reservoir":"PLS","meter":["10371"],"panjang_m":72},"geometry":{"type":"LineString","coordinates":[[110.849911,-7.545126],[110.850184,-7.545142],[110.850182,-7.545519]]}},{"type":"Feature","properties":{"id":"PLS-D444","kategori":"distribusi","reservoir":"PLS","meter":["10371"],"panjang_m":77},"geometry":{"type":"LineString","coordinates":[[110.844771,-7.54587],[110.844157,-7.5462]]}},{"type":"Feature","properties":{"id":"PLS-D445","kategori":"distribusi","reservoir":"PLS","meter":["10371"],"panjang_m":133},"geometry":{"type":"LineString","coordinates":[[110.844771,-7.54587],[110.84385,-7.545325],[110.843736,-7.545397]]}},{"type":"Feature","properties":{"id":"PLS-D446","kategori":"distribusi","reservoir":"PLS","meter":["10371"],"panjang_m":49},"geometry":{"type":"LineString","coordinates":[[110.843647,-7.546575],[110.843289,-7.546838]]}},{"type":"Feature","properties":{"id":"PLS-D447","kategori":"distribusi","reservoir":"PLS","meter":["10371"],"panjang_m":46},"geometry":{"type":"LineString","coordinates":[[110.843647,-7.546575],[110.84396,-7.546855]]}},{"type":"Feature","properties":{"id":"PLS-D448","kategori":"distribusi","reservoir":"PLS","meter":["10371"],"panjang_m":25},"geometry":{"type":"LineString","coordinates":[[110.847118,-7.547025],[110.847164,-7.547037],[110.847228,-7.546871]]}},{"type":"Feature","properties":{"id":"PLS-D449","kategori":"distribusi","reservoir":"PLS","meter":["10371"],"panjang_m":58},"geometry":{"type":"LineString","coordinates":[[110.849295,-7.547911],[110.84884,-7.547658]]}},{"type":"Feature","properties":{"id":"PLS-D450","kategori":"distribusi","reservoir":"PLS","meter":["10371"],"panjang_m":90},"geometry":{"type":"LineString","coordinates":[[110.848093,-7.549152],[110.848538,-7.549207],[110.848611,-7.548852]]}},{"type":"Feature","properties":{"id":"PLS-D451","kategori":"distribusi","reservoir":"PLS","meter":["10371"],"panjang_m":135},"geometry":{"type":"LineString","coordinates":[[110.849447,-7.545901],[110.849462,-7.545786],[110.849513,-7.545753],[110.850372,-7.54587],[110.850391,-7.545696]]}},{"type":"Feature","properties":{"id":"PLS-D452","kategori":"distribusi","reservoir":"PLS","meter":["10371"],"panjang_m":73},"geometry":{"type":"LineString","coordinates":[[110.849447,-7.545901],[110.849025,-7.54585],[110.848792,-7.545882]]}},{"type":"Feature","properties":{"id":"PLS-D453","kategori":"distribusi","reservoir":"PLS","meter":["10371"],"panjang_m":182},"geometry":{"type":"LineString","coordinates":[[110.846565,-7.544178],[110.846302,-7.544069],[110.846555,-7.543287],[110.846086,-7.543024]]}},{"type":"Feature","properties":{"id":"PLS-D454","kategori":"distribusi","reservoir":"PLS","meter":["10371"],"panjang_m":109},"geometry":{"type":"LineString","coordinates":[[110.846565,-7.544178],[110.846904,-7.543444],[110.846879,-7.543376],[110.846782,-7.543348]]}},{"type":"Feature","properties":{"id":"PLS-D455","kategori":"distribusi","reservoir":"PLS","meter":["10371"],"panjang_m":89},"geometry":{"type":"LineString","coordinates":[[110.845776,-7.5466],[110.846476,-7.547003]]}},{"type":"Feature","properties":{"id":"PLS-D456","kategori":"distribusi","reservoir":"PLS","meter":["10371"],"panjang_m":38},"geometry":{"type":"LineString","coordinates":[[110.845776,-7.5466],[110.845613,-7.546903]]}},{"type":"Feature","properties":{"id":"PLS-D457","kategori":"distribusi","reservoir":"PLS","meter":["10371"],"panjang_m":100},"geometry":{"type":"LineString","coordinates":[[110.846212,-7.545814],[110.845776,-7.5466]]}},{"type":"Feature","properties":{"id":"PLS-D458","kategori":"distribusi","reservoir":"PLS","meter":["10371"],"panjang_m":47},"geometry":{"type":"LineString","coordinates":[[110.846212,-7.545814],[110.845872,-7.545554]]}},{"type":"Feature","properties":{"id":"PLS-D459","kategori":"distribusi","reservoir":"PLS","meter":["10371"],"panjang_m":40},"geometry":{"type":"LineString","coordinates":[[110.846212,-7.545814],[110.846408,-7.545514]]}},{"type":"Feature","properties":{"id":"PLS-D460","kategori":"distribusi","reservoir":"PLS","meter":["10371"],"panjang_m":27},"geometry":{"type":"LineString","coordinates":[[110.851079,-7.54764],[110.851308,-7.547715]]}},{"type":"Feature","properties":{"id":"PLS-D461","kategori":"distribusi","reservoir":"PLS","meter":["10371"],"panjang_m":41},"geometry":{"type":"LineString","coordinates":[[110.844746,-7.546682],[110.844376,-7.546619]]}},{"type":"Feature","properties":{"id":"PLS-D462","kategori":"distribusi","reservoir":"PLS","meter":["10371"],"panjang_m":29},"geometry":{"type":"LineString","coordinates":[[110.844746,-7.546682],[110.844757,-7.546419]]}},{"type":"Feature","properties":{"id":"PLS-D463","kategori":"distribusi","reservoir":"PLS","meter":["10371"],"panjang_m":28},"geometry":{"type":"LineString","coordinates":[[110.847686,-7.544957],[110.847767,-7.544717]]}},{"type":"Feature","properties":{"id":"PLS-D464","kategori":"distribusi","reservoir":"PLS","meter":["10371"],"panjang_m":37},"geometry":{"type":"LineString","coordinates":[[110.846476,-7.547003],[110.846769,-7.547164]]}},{"type":"Feature","properties":{"id":"PLS-D465","kategori":"distribusi","reservoir":"PLS","meter":["10371"],"panjang_m":54},"geometry":{"type":"LineString","coordinates":[[110.846476,-7.547003],[110.84623,-7.547423]]}},{"type":"Feature","properties":{"id":"PLS-D466","kategori":"distribusi","reservoir":"PLS","meter":["10371"],"panjang_m":60},"geometry":{"type":"LineString","coordinates":[[110.847954,-7.549621],[110.848462,-7.549808]]}},{"type":"Feature","properties":{"id":"PLS-D467","kategori":"distribusi","reservoir":"PLS","meter":["10371"],"panjang_m":54},"geometry":{"type":"LineString","coordinates":[[110.847954,-7.549621],[110.847814,-7.550083]]}},{"type":"Feature","properties":{"id":"PLS-D468","kategori":"distribusi","reservoir":"PLS","meter":["10371"],"panjang_m":28},"geometry":{"type":"LineString","coordinates":[[110.84623,-7.547423],[110.846458,-7.547534]]}},{"type":"Feature","properties":{"id":"PLS-D469","kategori":"distribusi","reservoir":"PLS","meter":["10371"],"panjang_m":75},"geometry":{"type":"LineString","coordinates":[[110.845613,-7.546903],[110.845295,-7.5475]]}},{"type":"Feature","properties":{"id":"PLS-D470","kategori":"distribusi","reservoir":"PLS","meter":["10371"],"panjang_m":70},"geometry":{"type":"LineString","coordinates":[[110.845613,-7.546903],[110.84617,-7.547201]]}},{"type":"Feature","properties":{"id":"PLS-D471","kategori":"distribusi","reservoir":"PLS","meter":["10372"],"panjang_m":58},"geometry":{"type":"LineString","coordinates":[[110.843903,-7.530588],[110.844003,-7.530078]]}},{"type":"Feature","properties":{"id":"PLS-D472","kategori":"distribusi","reservoir":"PLS","meter":["10372"],"panjang_m":39},"geometry":{"type":"LineString","coordinates":[[110.843903,-7.530588],[110.843792,-7.530925]]}},{"type":"Feature","properties":{"id":"PLS-D473","kategori":"distribusi","reservoir":"PLS","meter":["10372"],"panjang_m":37},"geometry":{"type":"LineString","coordinates":[[110.842857,-7.530122],[110.842772,-7.53044]]}},{"type":"Feature","properties":{"id":"PLS-D474","kategori":"distribusi","reservoir":"PLS","meter":["10372"],"panjang_m":155},"geometry":{"type":"LineString","coordinates":[[110.844003,-7.530078],[110.842715,-7.52953]]}},{"type":"Feature","properties":{"id":"PLS-D475","kategori":"distribusi","reservoir":"PLS","meter":["10372"],"panjang_m":62},"geometry":{"type":"LineString","coordinates":[[110.844003,-7.530078],[110.84415,-7.529536]]}},{"type":"Feature","properties":{"id":"PLS-D476","kategori":"distribusi","reservoir":"PLS","meter":["10372"],"panjang_m":29},"geometry":{"type":"LineString","coordinates":[[110.846722,-7.531529],[110.846464,-7.531465]]}},{"type":"Feature","properties":{"id":"PLS-D477","kategori":"distribusi","reservoir":"PLS","meter":["10372"],"panjang_m":69},"geometry":{"type":"LineString","coordinates":[[110.846722,-7.531529],[110.847331,-7.531673]]}},{"type":"Feature","properties":{"id":"PLS-D478","kategori":"distribusi","reservoir":"PLS","meter":["10372"],"panjang_m":72},"geometry":{"type":"LineString","coordinates":[[110.847807,-7.531922],[110.848444,-7.532074]]}},{"type":"Feature","properties":{"id":"PLS-D479","kategori":"distribusi","reservoir":"PLS","meter":["10372"],"panjang_m":82},"geometry":{"type":"LineString","coordinates":[[110.847807,-7.531922],[110.847943,-7.531571],[110.847987,-7.531213]]}},{"type":"Feature","properties":{"id":"PLS-D480","kategori":"distribusi","reservoir":"PLS","meter":["10372"],"panjang_m":55},"geometry":{"type":"LineString","coordinates":[[110.847317,-7.531833],[110.847807,-7.531922]]}},{"type":"Feature","properties":{"id":"PLS-D481","kategori":"distribusi","reservoir":"PLS","meter":["10372"],"panjang_m":136},"geometry":{"type":"LineString","coordinates":[[110.84415,-7.529536],[110.84369,-7.529214],[110.843084,-7.52892]]}},{"type":"Feature","properties":{"id":"PLS-D482","kategori":"distribusi","reservoir":"PLS","meter":["10372"],"panjang_m":129},"geometry":{"type":"LineString","coordinates":[[110.84415,-7.529536],[110.844393,-7.528399]]}},{"type":"Feature","properties":{"id":"PLS-D483","kategori":"distribusi","reservoir":"PLS","meter":["10372"],"panjang_m":226},"geometry":{"type":"LineString","coordinates":[[110.846582,-7.529671],[110.84681,-7.53066],[110.846613,-7.530724],[110.846722,-7.531529]]}},{"type":"Feature","properties":{"id":"PLS-D484","kategori":"distribusi","reservoir":"PLS","meter":["10372"],"panjang_m":35},"geometry":{"type":"LineString","coordinates":[[110.843134,-7.532351],[110.842816,-7.532334]]}},{"type":"Feature","properties":{"id":"PLS-D485","kategori":"distribusi","reservoir":"PLS","meter":["10372"],"panjang_m":26},"geometry":{"type":"LineString","coordinates":[[110.843134,-7.532351],[110.84337,-7.532338]]}},{"type":"Feature","properties":{"id":"PLS-D486","kategori":"distribusi","reservoir":"PLS","meter":["10372"],"panjang_m":74},"geometry":{"type":"LineString","coordinates":[[110.842607,-7.530869],[110.842317,-7.531469]]}},{"type":"Feature","properties":{"id":"PLS-D487","kategori":"distribusi","reservoir":"PLS","meter":["10372"],"panjang_m":77},"geometry":{"type":"LineString","coordinates":[[110.842607,-7.530869],[110.84206,-7.530788],[110.842042,-7.530933]]}},{"type":"Feature","properties":{"id":"PLS-D488","kategori":"distribusi","reservoir":"PLS","meter":["10372"],"panjang_m":127},"geometry":{"type":"LineString","coordinates":[[110.843792,-7.530925],[110.842652,-7.530763]]}},{"type":"Feature","properties":{"id":"PLS-D489","kategori":"distribusi","reservoir":"PLS","meter":["10372"],"panjang_m":174},"geometry":{"type":"LineString","coordinates":[[110.843792,-7.530925],[110.843134,-7.532351]]}},{"type":"Feature","properties":{"id":"PLS-D490","kategori":"distribusi","reservoir":"PLS","meter":["10372"],"panjang_m":83},"geometry":{"type":"LineString","coordinates":[[110.842652,-7.530763],[110.842225,-7.530575],[110.841938,-7.530558]]}},{"type":"Feature","properties":{"id":"PLS-D491","kategori":"distribusi","reservoir":"PLS","meter":["10372"],"panjang_m":27},"geometry":{"type":"LineString","coordinates":[[110.84504,-7.530622],[110.845278,-7.530585]]}},{"type":"Feature","properties":{"id":"PLS-D492","kategori":"distribusi","reservoir":"PLS","meter":["10372"],"panjang_m":83},"geometry":{"type":"LineString","coordinates":[[110.84504,-7.530622],[110.845184,-7.531355]]}},{"type":"Feature","properties":{"id":"PLS-D493","kategori":"distribusi","reservoir":"PLS","meter":["10372"],"panjang_m":49},"geometry":{"type":"LineString","coordinates":[[110.84493,-7.530198],[110.84504,-7.530622]]}},{"type":"Feature","properties":{"id":"PLS-D494","kategori":"distribusi","reservoir":"PLS","meter":["10372"],"panjang_m":94},"geometry":{"type":"LineString","coordinates":[[110.847277,-7.532307],[110.846531,-7.531899]]}},{"type":"Feature","properties":{"id":"PLS-D495","kategori":"distribusi","reservoir":"PLS","meter":["10372"],"panjang_m":90},"geometry":{"type":"LineString","coordinates":[[110.845331,-7.530875],[110.845533,-7.531129],[110.845562,-7.531562],[110.84561,-7.531542]]}},{"type":"Feature","properties":{"id":"PLS-D496","kategori":"distribusi","reservoir":"PLS","meter":["10372"],"panjang_m":51},"geometry":{"type":"LineString","coordinates":[[110.845331,-7.530875],[110.845414,-7.531327]]}},{"type":"Feature","properties":{"id":"PLS-D497","kategori":"distribusi","reservoir":"PLS","meter":["10372"],"panjang_m":70},"geometry":{"type":"LineString","coordinates":[[110.849395,-7.530095],[110.849379,-7.530345],[110.849758,-7.530375]]}},{"type":"Feature","properties":{"id":"PLS-D498","kategori":"distribusi","reservoir":"PLS","meter":["10372"],"panjang_m":71},"geometry":{"type":"LineString","coordinates":[[110.849395,-7.530095],[110.849794,-7.530132],[110.849774,-7.530371]]}},{"type":"Feature","properties":{"id":"PLS-D499","kategori":"distribusi","reservoir":"PLS","meter":["10372"],"panjang_m":83},"geometry":{"type":"LineString","coordinates":[[110.848643,-7.530062],[110.849395,-7.530095]]}},{"type":"Feature","properties":{"id":"PLS-D500","kategori":"distribusi","reservoir":"PLS","meter":["10372"],"panjang_m":166},"geometry":{"type":"LineString","coordinates":[[110.848307,-7.528491],[110.847497,-7.528306],[110.8476,-7.527644]]}},{"type":"Feature","properties":{"id":"PLS-D501","kategori":"distribusi","reservoir":"PLS","meter":["10372"],"panjang_m":134},"geometry":{"type":"LineString","coordinates":[[110.848307,-7.528491],[110.848601,-7.527319]]}},{"type":"Feature","properties":{"id":"PLS-D502","kategori":"distribusi","reservoir":"PLS","meter":["10372"],"panjang_m":33},"geometry":{"type":"LineString","coordinates":[[110.845278,-7.530585],[110.845331,-7.530875]]}},{"type":"Feature","properties":{"id":"PLS-D503","kategori":"distribusi","reservoir":"PLS","meter":["10372"],"panjang_m":32},"geometry":{"type":"LineString","coordinates":[[110.848601,-7.527319],[110.848642,-7.52703]]}},{"type":"Feature","properties":{"id":"PLS-D504","kategori":"distribusi","reservoir":"PLS","meter":["10372"],"panjang_m":28},"geometry":{"type":"LineString","coordinates":[[110.847834,-7.529961],[110.848085,-7.529993]]}},{"type":"Feature","properties":{"id":"PLS-D505","kategori":"distribusi","reservoir":"PLS","meter":["10372"],"panjang_m":33},"geometry":{"type":"LineString","coordinates":[[110.842715,-7.52953],[110.842829,-7.52926]]}},{"type":"Feature","properties":{"id":"PLS-D506","kategori":"distribusi","reservoir":"PLS","meter":["10372"],"panjang_m":34},"geometry":{"type":"LineString","coordinates":[[110.843351,-7.530349],[110.843248,-7.530637]]}},{"type":"Feature","properties":{"id":"PLS-D507","kategori":"distribusi","reservoir":"PLS","meter":["10372"],"panjang_m":28},"geometry":{"type":"LineString","coordinates":[[110.84863,-7.530278],[110.848614,-7.530533]]}},{"type":"Feature","properties":{"id":"PLS-D508","kategori":"distribusi","reservoir":"PLS","meter":["10372"],"panjang_m":57},"geometry":{"type":"LineString","coordinates":[[110.84863,-7.530278],[110.848357,-7.530293],[110.848329,-7.530537]]}},{"type":"Feature","properties":{"id":"PLS-D509","kategori":"distribusi","reservoir":"PLS","meter":["10372"],"panjang_m":34},"geometry":{"type":"LineString","coordinates":[[110.842677,-7.529513],[110.842397,-7.529384]]}},{"type":"Feature","properties":{"id":"PLS-D510","kategori":"distribusi","reservoir":"PLS","meter":["10372"],"panjang_m":28},"geometry":{"type":"LineString","coordinates":[[110.842677,-7.529513],[110.842612,-7.529755]]}},{"type":"Feature","properties":{"id":"PLS-D511","kategori":"distribusi","reservoir":"PLS","meter":["10372"],"panjang_m":62},"geometry":{"type":"LineString","coordinates":[[110.848085,-7.529993],[110.848643,-7.530062]]}},{"type":"Feature","properties":{"id":"PLS-D512","kategori":"distribusi","reservoir":"PLS","meter":["10372"],"panjang_m":71},"geometry":{"type":"LineString","coordinates":[[110.848085,-7.529993],[110.848026,-7.530628]]}},{"type":"Feature","properties":{"id":"MJL-D513","kategori":"distribusi","reservoir":"MJL","meter":["10373"],"panjang_m":104},"geometry":{"type":"LineString","coordinates":[[110.886728,-7.59664],[110.887232,-7.596737],[110.887631,-7.596897]]}},{"type":"Feature","properties":{"id":"MJL-D514","kategori":"distribusi","reservoir":"MJL","meter":["10373"],"panjang_m":35},"geometry":{"type":"LineString","coordinates":[[110.886728,-7.59664],[110.8868,-7.596336]]}},{"type":"Feature","properties":{"id":"MJL-D515","kategori":"distribusi","reservoir":"MJL","meter":["10373"],"panjang_m":66},"geometry":{"type":"LineString","coordinates":[[110.886859,-7.596097],[110.887416,-7.596303]]}},{"type":"Feature","properties":{"id":"MJL-D516","kategori":"distribusi","reservoir":"MJL","meter":["10373"],"panjang_m":89},"geometry":{"type":"LineString","coordinates":[[110.886859,-7.596097],[110.887033,-7.595313]]}},{"type":"Feature","properties":{"id":"MJL-D517","kategori":"distribusi","reservoir":"MJL","meter":["10373"],"panjang_m":89},"geometry":{"type":"LineString","coordinates":[[110.885417,-7.596313],[110.885491,-7.595968],[110.885947,-7.59596]]}},{"type":"Feature","properties":{"id":"MJL-D518","kategori":"distribusi","reservoir":"MJL","meter":["10373"],"panjang_m":138},"geometry":{"type":"LineString","coordinates":[[110.885417,-7.596313],[110.886627,-7.596622]]}},{"type":"Feature","properties":{"id":"MJL-D519","kategori":"distribusi","reservoir":"MJL","meter":["10373"],"panjang_m":102},"geometry":{"type":"LineString","coordinates":[[110.885947,-7.59596],[110.886494,-7.59599],[110.886859,-7.596097]]}},{"type":"Feature","properties":{"id":"MJL-D520","kategori":"distribusi","reservoir":"MJL","meter":["10373"],"panjang_m":123},"geometry":{"type":"LineString","coordinates":[[110.885947,-7.59596],[110.886057,-7.595517],[110.886706,-7.595631]]}},{"type":"Feature","properties":{"id":"MJL-D521","kategori":"distribusi","reservoir":"MJL","meter":["10373"],"panjang_m":80},"geometry":{"type":"LineString","coordinates":[[110.885969,-7.594704],[110.886676,-7.594866]]}},{"type":"Feature","properties":{"id":"MJL-D522","kategori":"distribusi","reservoir":"MJL","meter":["10373"],"panjang_m":110},"geometry":{"type":"LineString","coordinates":[[110.885969,-7.594704],[110.886266,-7.594329],[110.886586,-7.594337],[110.886755,-7.594234]]}},{"type":"Feature","properties":{"id":"MJL-D523","kategori":"distribusi","reservoir":"MJL","meter":["10373"],"panjang_m":92},"geometry":{"type":"LineString","coordinates":[[110.885506,-7.595394],[110.885969,-7.594704]]}},{"type":"Feature","properties":{"id":"MJL-D524","kategori":"distribusi","reservoir":"MJL","meter":["10373"],"panjang_m":30},"geometry":{"type":"LineString","coordinates":[[110.885506,-7.595394],[110.885438,-7.595653]]}},{"type":"Feature","properties":{"id":"MJL-D525","kategori":"distribusi","reservoir":"MJL","meter":["10373"],"panjang_m":138},"geometry":{"type":"LineString","coordinates":[[110.884469,-7.596254],[110.884583,-7.595764],[110.885311,-7.595932]]}},{"type":"Feature","properties":{"id":"MJL-D526","kategori":"distribusi","reservoir":"MJL","meter":["10373"],"panjang_m":86},"geometry":{"type":"LineString","coordinates":[[110.884469,-7.596254],[110.884622,-7.596307],[110.885243,-7.596306]]}},{"type":"Feature","properties":{"id":"MJL-D527","kategori":"distribusi","reservoir":"MJL","meter":["10373"],"panjang_m":170},"geometry":{"type":"LineString","coordinates":[[110.884389,-7.596222],[110.884261,-7.596458],[110.883953,-7.597683]]}},{"type":"Feature","properties":{"id":"MJL-D528","kategori":"distribusi","reservoir":"MJL","meter":["10373"],"panjang_m":212},"geometry":{"type":"LineString","coordinates":[[110.883446,-7.595876],[110.883406,-7.595763],[110.882838,-7.597461]]}},{"type":"Feature","properties":{"id":"MJL-D529","kategori":"distribusi","reservoir":"MJL","meter":["10373"],"panjang_m":133},"geometry":{"type":"LineString","coordinates":[[110.883446,-7.595876],[110.883406,-7.595763],[110.884389,-7.596222]]}},{"type":"Feature","properties":{"id":"MJL-D530","kategori":"distribusi","reservoir":"MJL","meter":["10373"],"panjang_m":88},"geometry":{"type":"LineString","coordinates":[[110.883749,-7.594573],[110.884477,-7.594903]]}},{"type":"Feature","properties":{"id":"MJL-D531","kategori":"distribusi","reservoir":"MJL","meter":["10373"],"panjang_m":46},"geometry":{"type":"LineString","coordinates":[[110.880231,-7.594294],[110.880122,-7.594696]]}},{"type":"Feature","properties":{"id":"MJL-D532","kategori":"distribusi","reservoir":"MJL","meter":["10373"],"panjang_m":43},"geometry":{"type":"LineString","coordinates":[[110.882778,-7.59814],[110.882751,-7.598524]]}},{"type":"Feature","properties":{"id":"MJL-D533","kategori":"distribusi","reservoir":"MJL","meter":["10373"],"panjang_m":97},"geometry":{"type":"LineString","coordinates":[[110.882778,-7.59814],[110.883292,-7.598202],[110.88334,-7.59785]]}},{"type":"Feature","properties":{"id":"MJL-D534","kategori":"distribusi","reservoir":"MJL","meter":["10373"],"panjang_m":30},"geometry":{"type":"LineString","coordinates":[[110.885145,-7.596725],[110.885365,-7.596784],[110.885355,-7.596829]]}},{"type":"Feature","properties":{"id":"MJL-D535","kategori":"distribusi","reservoir":"MJL","meter":["10373"],"panjang_m":93},"geometry":{"type":"LineString","coordinates":[[110.885145,-7.596725],[110.884992,-7.597296],[110.885016,-7.597346],[110.885203,-7.597395]]}},{"type":"Feature","properties":{"id":"MJL-D536","kategori":"distribusi","reservoir":"MJL","meter":["10373"],"panjang_m":48},"geometry":{"type":"LineString","coordinates":[[110.885243,-7.596306],[110.885145,-7.596725]]}},{"type":"Feature","properties":{"id":"MJL-D537","kategori":"distribusi","reservoir":"MJL","meter":["10373"],"panjang_m":31},"geometry":{"type":"LineString","coordinates":[[110.882692,-7.599223],[110.882667,-7.5995]]}},{"type":"Feature","properties":{"id":"MJL-D538","kategori":"distribusi","reservoir":"MJL","meter":["10373"],"panjang_m":105},"geometry":{"type":"LineString","coordinates":[[110.882692,-7.599223],[110.883642,-7.599318]]}},{"type":"Feature","properties":{"id":"MJL-D539","kategori":"distribusi","reservoir":"MJL","meter":["10373"],"panjang_m":65},"geometry":{"type":"LineString","coordinates":[[110.883953,-7.597683],[110.883778,-7.598238]]}},{"type":"Feature","properties":{"id":"MJL-D540","kategori":"distribusi","reservoir":"MJL","meter":["10373"],"panjang_m":126},"geometry":{"type":"LineString","coordinates":[[110.883953,-7.597683],[110.884996,-7.598156]]}},{"type":"Feature","properties":{"id":"MJL-D541","kategori":"distribusi","reservoir":"MJL","meter":["10373"],"panjang_m":101},"geometry":{"type":"LineString","coordinates":[[110.884996,-7.598156],[110.885169,-7.598196],[110.885389,-7.597635],[110.885498,-7.597558]]}},{"type":"Feature","properties":{"id":"MJL-D542","kategori":"distribusi","reservoir":"MJL","meter":["10373"],"panjang_m":93},"geometry":{"type":"LineString","coordinates":[[110.884996,-7.598156],[110.884821,-7.5986],[110.885177,-7.598672]]}},{"type":"Feature","properties":{"id":"MJL-D543","kategori":"distribusi","reservoir":"MJL","meter":["10373"],"panjang_m":35},"geometry":{"type":"LineString","coordinates":[[110.883778,-7.598238],[110.88373,-7.59824],[110.88365,-7.598496]]}},{"type":"Feature","properties":{"id":"MJL-D544","kategori":"distribusi","reservoir":"MJL","meter":["10373"],"panjang_m":50},"geometry":{"type":"LineString","coordinates":[[110.883778,-7.598238],[110.884213,-7.598359]]}},{"type":"Feature","properties":{"id":"MJL-D545","kategori":"distribusi","reservoir":"MJL","meter":["10373"],"panjang_m":46},"geometry":{"type":"LineString","coordinates":[[110.882745,-7.5986],[110.882706,-7.599016]]}},{"type":"Feature","properties":{"id":"MJL-D546","kategori":"distribusi","reservoir":"MJL","meter":["10373"],"panjang_m":155},"geometry":{"type":"LineString","coordinates":[[110.882745,-7.5986],[110.884117,-7.598921]]}},{"type":"Feature","properties":{"id":"MJL-D547","kategori":"distribusi","reservoir":"MJL","meter":["10373"],"panjang_m":38},"geometry":{"type":"LineString","coordinates":[[110.882706,-7.599016],[110.882369,-7.598969]]}},{"type":"Feature","properties":{"id":"MJL-D548","kategori":"distribusi","reservoir":"MJL","meter":["10373"],"panjang_m":102},"geometry":{"type":"LineString","coordinates":[[110.883089,-7.594609],[110.883173,-7.59428],[110.883729,-7.594454]]}},{"type":"Feature","properties":{"id":"MJL-D549","kategori":"distribusi","reservoir":"MJL","meter":["10373"],"panjang_m":56},"geometry":{"type":"LineString","coordinates":[[110.883089,-7.594609],[110.883576,-7.594753]]}},{"type":"Feature","properties":{"id":"MJL-D550","kategori":"distribusi","reservoir":"MJL","meter":["10373"],"panjang_m":33},"geometry":{"type":"LineString","coordinates":[[110.883012,-7.594898],[110.883089,-7.594609]]}},{"type":"Feature","properties":{"id":"MJL-D551","kategori":"distribusi","reservoir":"MJL","meter":["10373"],"panjang_m":88},"geometry":{"type":"LineString","coordinates":[[110.883012,-7.594898],[110.883511,-7.595041],[110.883595,-7.594773]]}},{"type":"Feature","properties":{"id":"MJL-D552","kategori":"distribusi","reservoir":"MJL","meter":["10373"],"panjang_m":83},"geometry":{"type":"LineString","coordinates":[[110.88276,-7.595073],[110.883433,-7.595408]]}},{"type":"Feature","properties":{"id":"MJL-D553","kategori":"distribusi","reservoir":"MJL","meter":["10373"],"panjang_m":34},"geometry":{"type":"LineString","coordinates":[[110.88276,-7.595073],[110.883012,-7.594898]]}},{"type":"Feature","properties":{"id":"MJL-D554","kategori":"distribusi","reservoir":"MJL","meter":["10373"],"panjang_m":114},"geometry":{"type":"LineString","coordinates":[[110.88256,-7.595058],[110.882857,-7.594073]]}},{"type":"Feature","properties":{"id":"MJL-D555","kategori":"distribusi","reservoir":"MJL","meter":["10373"],"panjang_m":144},"geometry":{"type":"LineString","coordinates":[[110.88256,-7.595058],[110.882291,-7.594968],[110.882281,-7.594919],[110.882532,-7.593984]]}},{"type":"Feature","properties":{"id":"MJL-D556","kategori":"distribusi","reservoir":"MJL","meter":["10373"],"panjang_m":44},"geometry":{"type":"LineString","coordinates":[[110.882535,-7.595336],[110.882645,-7.595079],[110.88276,-7.595073]]}},{"type":"Feature","properties":{"id":"MJL-D557","kategori":"distribusi","reservoir":"MJL","meter":["10373"],"panjang_m":202},"geometry":{"type":"LineString","coordinates":[[110.881997,-7.597279],[110.880469,-7.596997],[110.880412,-7.597263]]}},{"type":"Feature","properties":{"id":"MJL-D558","kategori":"distribusi","reservoir":"MJL","meter":["10373"],"panjang_m":34},"geometry":{"type":"LineString","coordinates":[[110.881997,-7.597279],[110.881911,-7.597575]]}},{"type":"Feature","properties":{"id":"MJL-D559","kategori":"distribusi","reservoir":"MJL","meter":["10373"],"panjang_m":76},"geometry":{"type":"LineString","coordinates":[[110.882838,-7.597461],[110.882778,-7.59814]]}},{"type":"Feature","properties":{"id":"MJL-D560","kategori":"distribusi","reservoir":"MJL","meter":["10373"],"panjang_m":95},"geometry":{"type":"LineString","coordinates":[[110.882838,-7.597461],[110.881997,-7.597279]]}},{"type":"Feature","properties":{"id":"MJL-D561","kategori":"distribusi","reservoir":"MJL","meter":["10373"],"panjang_m":67},"geometry":{"type":"LineString","coordinates":[[110.882751,-7.598524],[110.882152,-7.59841]]}},{"type":"Feature","properties":{"id":"MJL-D562","kategori":"distribusi","reservoir":"MJL","meter":["10373"],"panjang_m":29},"geometry":{"type":"LineString","coordinates":[[110.882667,-7.5995],[110.882649,-7.59976]]}},{"type":"Feature","properties":{"id":"MJL-D563","kategori":"distribusi","reservoir":"MJL","meter":["10373"],"panjang_m":45},"geometry":{"type":"LineString","coordinates":[[110.882667,-7.5995],[110.883073,-7.599546]]}},{"type":"Feature","properties":{"id":"MJL-D564","kategori":"distribusi","reservoir":"MJL","meter":["10373"],"panjang_m":170},"geometry":{"type":"LineString","coordinates":[[110.881911,-7.597575],[110.88161,-7.59907]]}},{"type":"Feature","properties":{"id":"MJL-D565","kategori":"distribusi","reservoir":"MJL","meter":["10373"],"panjang_m":183},"geometry":{"type":"LineString","coordinates":[[110.881911,-7.597575],[110.881246,-7.597446],[110.881048,-7.598403]]}},{"type":"Feature","properties":{"id":"MJL-D566","kategori":"distribusi","reservoir":"MJL","meter":["10373"],"panjang_m":63},"geometry":{"type":"LineString","coordinates":[[110.882649,-7.59976],[110.882618,-7.600324]]}},{"type":"Feature","properties":{"id":"MJL-D567","kategori":"distribusi","reservoir":"MJL","meter":["10373"],"panjang_m":42},"geometry":{"type":"LineString","coordinates":[[110.882649,-7.59976],[110.883024,-7.59981]]}},{"type":"Feature","properties":{"id":"MJL-D568","kategori":"distribusi","reservoir":"MJL","meter":["10373"],"panjang_m":36},"geometry":{"type":"LineString","coordinates":[[110.881403,-7.594828],[110.881537,-7.594532]]}},{"type":"Feature","properties":{"id":"MJL-D569","kategori":"distribusi","reservoir":"MJL","meter":["10373"],"panjang_m":33},"geometry":{"type":"LineString","coordinates":[[110.881719,-7.594609],[110.881783,-7.594323]]}},{"type":"Feature","properties":{"id":"MJL-D570","kategori":"distribusi","reservoir":"MJL","meter":["10373"],"panjang_m":119},"geometry":{"type":"LineString","coordinates":[[110.881537,-7.594532],[110.881192,-7.594346],[110.88053,-7.594168]]}},{"type":"Feature","properties":{"id":"MJL-D571","kategori":"distribusi","reservoir":"MJL","meter":["10373"],"panjang_m":53},"geometry":{"type":"LineString","coordinates":[[110.885355,-7.596829],[110.885243,-7.597293]]}},{"type":"Feature","properties":{"id":"MJL-D572","kategori":"distribusi","reservoir":"MJL","meter":["10373"],"panjang_m":29},"geometry":{"type":"LineString","coordinates":[[110.882459,-7.595303],[110.88256,-7.595058]]}},{"type":"Feature","properties":{"id":"MJL-D573","kategori":"distribusi","reservoir":"MJL","meter":["10373"],"panjang_m":118},"geometry":{"type":"LineString","coordinates":[[110.881918,-7.595063],[110.882211,-7.594043]]}},{"type":"Feature","properties":{"id":"MJL-D574","kategori":"distribusi","reservoir":"MJL","meter":["10373"],"panjang_m":106},"geometry":{"type":"LineString","coordinates":[[110.880136,-7.594249],[110.880406,-7.593334]]}},{"type":"Feature","properties":{"id":"MJL-D575","kategori":"distribusi","reservoir":"MJL","meter":["10373"],"panjang_m":102},"geometry":{"type":"LineString","coordinates":[[110.882211,-7.594043],[110.881317,-7.593817]]}},{"type":"Feature","properties":{"id":"MJL-D576","kategori":"distribusi","reservoir":"MJL","meter":["10373"],"panjang_m":48},"geometry":{"type":"LineString","coordinates":[[110.886552,-7.596832],[110.886408,-7.597235]]}},{"type":"Feature","properties":{"id":"MJL-D577","kategori":"distribusi","reservoir":"MJL","meter":["10373"],"panjang_m":83},"geometry":{"type":"LineString","coordinates":[[110.886552,-7.596832],[110.886311,-7.596786],[110.886155,-7.597264]]}},{"type":"Feature","properties":{"id":"MJL-D578","kategori":"distribusi","reservoir":"MJL","meter":["10373"],"panjang_m":76},"geometry":{"type":"LineString","coordinates":[[110.886552,-7.596832],[110.886788,-7.596876],[110.886629,-7.597293]]}},{"type":"Feature","properties":{"id":"MJL-D579","kategori":"distribusi","reservoir":"MJL","meter":["10374"],"panjang_m":53},"geometry":{"type":"LineString","coordinates":[[110.888533,-7.587797],[110.888672,-7.587542],[110.888499,-7.587476]]}},{"type":"Feature","properties":{"id":"MJL-D580","kategori":"distribusi","reservoir":"MJL","meter":["10374"],"panjang_m":85},"geometry":{"type":"LineString","coordinates":[[110.888533,-7.587797],[110.888323,-7.587696],[110.888437,-7.587455],[110.8882,-7.587336]]}},{"type":"Feature","properties":{"id":"MJL-D581","kategori":"distribusi","reservoir":"MJL","meter":["10374"],"panjang_m":46},"geometry":{"type":"LineString","coordinates":[[110.890586,-7.587418],[110.890739,-7.587031]]}},{"type":"Feature","properties":{"id":"MJL-D582","kategori":"distribusi","reservoir":"MJL","meter":["10374"],"panjang_m":74},"geometry":{"type":"LineString","coordinates":[[110.890586,-7.587418],[110.889965,-7.587156]]}},{"type":"Feature","properties":{"id":"MJL-D583","kategori":"distribusi","reservoir":"MJL","meter":["10374"],"panjang_m":55},"geometry":{"type":"LineString","coordinates":[[110.889847,-7.588914],[110.889681,-7.589382]]}},{"type":"Feature","properties":{"id":"MJL-D584","kategori":"distribusi","reservoir":"MJL","meter":["10374"],"panjang_m":114},"geometry":{"type":"LineString","coordinates":[[110.889435,-7.588506],[110.8895,-7.588332],[110.888767,-7.587903]]}},{"type":"Feature","properties":{"id":"MJL-D585","kategori":"distribusi","reservoir":"MJL","meter":["10374"],"panjang_m":93},"geometry":{"type":"LineString","coordinates":[[110.890362,-7.588018],[110.889717,-7.587711],[110.889763,-7.587594]]}},{"type":"Feature","properties":{"id":"MJL-D586","kategori":"distribusi","reservoir":"MJL","meter":["10374"],"panjang_m":71},"geometry":{"type":"LineString","coordinates":[[110.890362,-7.588018],[110.890586,-7.587418]]}},{"type":"Feature","properties":{"id":"MJL-D587","kategori":"distribusi","reservoir":"MJL","meter":["10374"],"panjang_m":545},"geometry":{"type":"LineString","coordinates":[[110.890404,-7.589134],[110.890049,-7.588979],[110.89274,-7.589857],[110.893331,-7.588251]]}},{"type":"Feature","properties":{"id":"MJL-D588","kategori":"distribusi","reservoir":"MJL","meter":["10374"],"panjang_m":107},"geometry":{"type":"LineString","coordinates":[[110.890404,-7.589134],[110.890049,-7.588979],[110.890229,-7.588428]]}},{"type":"Feature","properties":{"id":"MJL-D589","kategori":"distribusi","reservoir":"MJL","meter":["10374"],"panjang_m":48},"geometry":{"type":"LineString","coordinates":[[110.890229,-7.588428],[110.890362,-7.588018]]}},{"type":"Feature","properties":{"id":"MJL-D590","kategori":"distribusi","reservoir":"MJL","meter":["10374"],"panjang_m":188},"geometry":{"type":"LineString","coordinates":[[110.890229,-7.588428],[110.889565,-7.588121],[110.889631,-7.587912],[110.888965,-7.587566]]}},{"type":"Feature","properties":{"id":"MJL-D591","kategori":"distribusi","reservoir":"MJL","meter":["10374"],"panjang_m":160},"geometry":{"type":"LineString","coordinates":[[110.889965,-7.587156],[110.889651,-7.587021],[110.889691,-7.58674],[110.889392,-7.586634],[110.889571,-7.586161]]}},{"type":"Feature","properties":{"id":"MJL-D592","kategori":"distribusi","reservoir":"MJL","meter":["10374"],"panjang_m":88},"geometry":{"type":"LineString","coordinates":[[110.889965,-7.587156],[110.890233,-7.586414]]}},{"type":"Feature","properties":{"id":"MJL-D593","kategori":"distribusi","reservoir":"MJL","meter":["10374"],"panjang_m":77},"geometry":{"type":"LineString","coordinates":[[110.889763,-7.587594],[110.889128,-7.587304]]}},{"type":"Feature","properties":{"id":"MJL-D594","kategori":"distribusi","reservoir":"MJL","meter":["10374"],"panjang_m":100},"geometry":{"type":"LineString","coordinates":[[110.889571,-7.586161],[110.888695,-7.585918]]}},{"type":"Feature","properties":{"id":"MJL-D595","kategori":"distribusi","reservoir":"MJL","meter":["10374"],"panjang_m":71},"geometry":{"type":"LineString","coordinates":[[110.889571,-7.586161],[110.889795,-7.585566]]}},{"type":"Feature","properties":{"id":"MJL-D596","kategori":"distribusi","reservoir":"MJL","meter":["10374"],"panjang_m":188},"geometry":{"type":"LineString","coordinates":[[110.889128,-7.587304],[110.889296,-7.586879],[110.888691,-7.586638],[110.888887,-7.586279],[110.888718,-7.586212]]}},{"type":"Feature","properties":{"id":"MJL-D597","kategori":"distribusi","reservoir":"MJL","meter":["10374"],"panjang_m":47},"geometry":{"type":"LineString","coordinates":[[110.889128,-7.587304],[110.888732,-7.587149]]}},{"type":"Feature","properties":{"id":"MJL-D598","kategori":"distribusi","reservoir":"MJL","meter":["10374"],"panjang_m":28},"geometry":{"type":"LineString","coordinates":[[110.888767,-7.587903],[110.888533,-7.587797]]}},{"type":"Feature","properties":{"id":"MJL-D599","kategori":"distribusi","reservoir":"MJL","meter":["10374"],"panjang_m":33},"geometry":{"type":"LineString","coordinates":[[110.888767,-7.587903],[110.888917,-7.587646]]}},{"type":"Feature","properties":{"id":"MJL-D600","kategori":"distribusi","reservoir":"MJL","meter":["10374"],"panjang_m":113},"geometry":{"type":"LineString","coordinates":[[110.887474,-7.587683],[110.887705,-7.586696]]}},{"type":"Feature","properties":{"id":"MJL-D601","kategori":"distribusi","reservoir":"MJL","meter":["10374"],"panjang_m":42},"geometry":{"type":"LineString","coordinates":[[110.887705,-7.586696],[110.887805,-7.586336]]}},{"type":"Feature","properties":{"id":"MJL-D602","kategori":"distribusi","reservoir":"MJL","meter":["10374"],"panjang_m":52},"geometry":{"type":"LineString","coordinates":[[110.887705,-7.586696],[110.887371,-7.586368]]}},{"type":"Feature","properties":{"id":"MJL-D603","kategori":"distribusi","reservoir":"MJL","meter":["10374"],"panjang_m":35},"geometry":{"type":"LineString","coordinates":[[110.887805,-7.586336],[110.887892,-7.586032]]}},{"type":"Feature","properties":{"id":"MJL-D604","kategori":"distribusi","reservoir":"MJL","meter":["10374"],"panjang_m":46},"geometry":{"type":"LineString","coordinates":[[110.887805,-7.586336],[110.887426,-7.586165]]}},{"type":"Feature","properties":{"id":"MJL-D605","kategori":"distribusi","reservoir":"MJL","meter":["10374"],"panjang_m":188},"geometry":{"type":"LineString","coordinates":[[110.887778,-7.587807],[110.888318,-7.586505],[110.888053,-7.586412]]}},{"type":"Feature","properties":{"id":"MJL-D606","kategori":"distribusi","reservoir":"MJL","meter":["10374"],"panjang_m":26},"geometry":{"type":"LineString","coordinates":[[110.889348,-7.588721],[110.889435,-7.588506]]}},{"type":"Feature","properties":{"id":"MJL-D607","kategori":"distribusi","reservoir":"MJL","meter":["10374"],"panjang_m":289},"geometry":{"type":"LineString","coordinates":[[110.890739,-7.587031],[110.890878,-7.586644],[110.892773,-7.587284],[110.892844,-7.587088]]}},{"type":"Feature","properties":{"id":"MJL-D608","kategori":"distribusi","reservoir":"MJL","meter":["10374"],"panjang_m":36},"geometry":{"type":"LineString","coordinates":[[110.890739,-7.587031],[110.891046,-7.587145]]}},{"type":"Feature","properties":{"id":"MJL-D609","kategori":"distribusi","reservoir":"MJL","meter":["10374"],"panjang_m":39},"geometry":{"type":"LineString","coordinates":[[110.888732,-7.587149],[110.888404,-7.587011]]}},{"type":"Feature","properties":{"id":"MJL-D610","kategori":"distribusi","reservoir":"MJL","meter":["10375"],"panjang_m":98},"geometry":{"type":"LineString","coordinates":[[110.878908,-7.580092],[110.878544,-7.580892]]}},{"type":"Feature","properties":{"id":"MJL-D611","kategori":"distribusi","reservoir":"MJL","meter":["10375"],"panjang_m":43},"geometry":{"type":"LineString","coordinates":[[110.878908,-7.580092],[110.879072,-7.57974]]}},{"type":"Feature","properties":{"id":"MJL-D612","kategori":"distribusi","reservoir":"MJL","meter":["10375"],"panjang_m":172},"geometry":{"type":"LineString","coordinates":[[110.878544,-7.580892],[110.8779,-7.582305]]}},{"type":"Feature","properties":{"id":"MJL-D613","kategori":"distribusi","reservoir":"MJL","meter":["10375"],"panjang_m":32},"geometry":{"type":"LineString","coordinates":[[110.878544,-7.580892],[110.878283,-7.580769]]}},{"type":"Feature","properties":{"id":"MJL-D614","kategori":"distribusi","reservoir":"MJL","meter":["10375"],"panjang_m":207},"geometry":{"type":"LineString","coordinates":[[110.881246,-7.582122],[110.881647,-7.581471],[110.882358,-7.581555],[110.882745,-7.581486]]}},{"type":"Feature","properties":{"id":"MJL-D615","kategori":"distribusi","reservoir":"MJL","meter":["10375"],"panjang_m":50},"geometry":{"type":"LineString","coordinates":[[110.881246,-7.582122],[110.88156,-7.582448]]}},{"type":"Feature","properties":{"id":"MJL-D616","kategori":"distribusi","reservoir":"MJL","meter":["10375"],"panjang_m":37},"geometry":{"type":"LineString","coordinates":[[110.876514,-7.57913],[110.876436,-7.579454]]}},{"type":"Feature","properties":{"id":"MJL-D617","kategori":"distribusi","reservoir":"MJL","meter":["10375"],"panjang_m":38},"geometry":{"type":"LineString","coordinates":[[110.877881,-7.580581],[110.877573,-7.58043]]}},{"type":"Feature","properties":{"id":"MJL-D618","kategori":"distribusi","reservoir":"MJL","meter":["10375"],"panjang_m":54},"geometry":{"type":"LineString","coordinates":[[110.877881,-7.580581],[110.87762,-7.580997]]}},{"type":"Feature","properties":{"id":"MJL-D619","kategori":"distribusi","reservoir":"MJL","meter":["10375"],"panjang_m":93},"geometry":{"type":"LineString","coordinates":[[110.878314,-7.579866],[110.877881,-7.580581]]}},{"type":"Feature","properties":{"id":"MJL-D620","kategori":"distribusi","reservoir":"MJL","meter":["10375"],"panjang_m":50},"geometry":{"type":"LineString","coordinates":[[110.878314,-7.579866],[110.87839,-7.579506],[110.878314,-7.57948]]}},{"type":"Feature","properties":{"id":"MJL-D621","kategori":"distribusi","reservoir":"MJL","meter":["10375"],"panjang_m":49},"geometry":{"type":"LineString","coordinates":[[110.877292,-7.579459],[110.877371,-7.579103],[110.877444,-7.579075]]}},{"type":"Feature","properties":{"id":"MJL-D622","kategori":"distribusi","reservoir":"MJL","meter":["10375"],"panjang_m":78},"geometry":{"type":"LineString","coordinates":[[110.879317,-7.579222],[110.878634,-7.579033]]}},{"type":"Feature","properties":{"id":"MJL-D623","kategori":"distribusi","reservoir":"MJL","meter":["10375"],"panjang_m":52},"geometry":{"type":"LineString","coordinates":[[110.879317,-7.579222],[110.879527,-7.578806]]}},{"type":"Feature","properties":{"id":"MJL-D624","kategori":"distribusi","reservoir":"MJL","meter":["10375"],"panjang_m":64},"geometry":{"type":"LineString","coordinates":[[110.879072,-7.57974],[110.879317,-7.579222]]}},{"type":"Feature","properties":{"id":"MJL-D625","kategori":"distribusi","reservoir":"MJL","meter":["10375"],"panjang_m":84},"geometry":{"type":"LineString","coordinates":[[110.879072,-7.57974],[110.879785,-7.579999]]}},{"type":"Feature","properties":{"id":"MJL-D626","kategori":"distribusi","reservoir":"MJL","meter":["10375"],"panjang_m":59},"geometry":{"type":"LineString","coordinates":[[110.879072,-7.57974],[110.878747,-7.579626],[110.87882,-7.579452]]}},{"type":"Feature","properties":{"id":"MJL-D627","kategori":"distribusi","reservoir":"MJL","meter":["10375"],"panjang_m":34},"geometry":{"type":"LineString","coordinates":[[110.879421,-7.580294],[110.879332,-7.580585]]}},{"type":"Feature","properties":{"id":"MJL-D628","kategori":"distribusi","reservoir":"MJL","meter":["10375"],"panjang_m":144},"geometry":{"type":"LineString","coordinates":[[110.880611,-7.580677],[110.880383,-7.580651],[110.881396,-7.58101]]}},{"type":"Feature","properties":{"id":"MJL-D629","kategori":"distribusi","reservoir":"MJL","meter":["10375"],"panjang_m":107},"geometry":{"type":"LineString","coordinates":[[110.880194,-7.581012],[110.8809,-7.581314],[110.880824,-7.581496]]}},{"type":"Feature","properties":{"id":"MJL-D630","kategori":"distribusi","reservoir":"MJL","meter":["10375"],"panjang_m":85},"geometry":{"type":"LineString","coordinates":[[110.881477,-7.580607],[110.881669,-7.580582],[110.882166,-7.580295]]}},{"type":"Feature","properties":{"id":"MJL-D631","kategori":"distribusi","reservoir":"MJL","meter":["10375"],"panjang_m":45},"geometry":{"type":"LineString","coordinates":[[110.881477,-7.580607],[110.881543,-7.580208]]}},{"type":"Feature","properties":{"id":"MJL-D632","kategori":"distribusi","reservoir":"MJL","meter":["10375"],"panjang_m":99},"geometry":{"type":"LineString","coordinates":[[110.881704,-7.579526],[110.881924,-7.578661]]}},{"type":"Feature","properties":{"id":"MJL-D633","kategori":"distribusi","reservoir":"MJL","meter":["10375"],"panjang_m":37},"geometry":{"type":"LineString","coordinates":[[110.881704,-7.579526],[110.881384,-7.579433]]}},{"type":"Feature","properties":{"id":"MJL-D634","kategori":"distribusi","reservoir":"MJL","meter":["10375"],"panjang_m":154},"geometry":{"type":"LineString","coordinates":[[110.882393,-7.579729],[110.882692,-7.578959],[110.882764,-7.578983],[110.882862,-7.578509]]}},{"type":"Feature","properties":{"id":"MJL-D635","kategori":"distribusi","reservoir":"MJL","meter":["10375"],"panjang_m":56},"geometry":{"type":"LineString","coordinates":[[110.882393,-7.579729],[110.882201,-7.57967],[110.882109,-7.57996]]}},{"type":"Feature","properties":{"id":"MJL-D636","kategori":"distribusi","reservoir":"MJL","meter":["10375"],"panjang_m":55},"geometry":{"type":"LineString","coordinates":[[110.879612,-7.581742],[110.879386,-7.582182]]}},{"type":"Feature","properties":{"id":"MJL-D637","kategori":"distribusi","reservoir":"MJL","meter":["10375"],"panjang_m":145},"geometry":{"type":"LineString","coordinates":[[110.879612,-7.581742],[110.879074,-7.58138],[110.878727,-7.581944]]}},{"type":"Feature","properties":{"id":"MJL-D638","kategori":"distribusi","reservoir":"MJL","meter":["10375"],"panjang_m":46},"geometry":{"type":"LineString","coordinates":[[110.880805,-7.582226],[110.880939,-7.581837]]}},{"type":"Feature","properties":{"id":"MJL-D639","kategori":"distribusi","reservoir":"MJL","meter":["10375"],"panjang_m":81},"geometry":{"type":"LineString","coordinates":[[110.879386,-7.582182],[110.879072,-7.582837]]}},{"type":"Feature","properties":{"id":"MJL-D640","kategori":"distribusi","reservoir":"MJL","meter":["10375"],"panjang_m":67},"geometry":{"type":"LineString","coordinates":[[110.879386,-7.582182],[110.879953,-7.582389]]}},{"type":"Feature","properties":{"id":"MJL-D641","kategori":"distribusi","reservoir":"MJL","meter":["10375"],"panjang_m":79},"geometry":{"type":"LineString","coordinates":[[110.879072,-7.582837],[110.879731,-7.583109]]}},{"type":"Feature","properties":{"id":"MJL-D642","kategori":"distribusi","reservoir":"MJL","meter":["10375"],"panjang_m":62},"geometry":{"type":"LineString","coordinates":[[110.880919,-7.58274],[110.880577,-7.582615],[110.880637,-7.582431]]}},{"type":"Feature","properties":{"id":"MJL-D643","kategori":"distribusi","reservoir":"MJL","meter":["10375"],"panjang_m":68},"geometry":{"type":"LineString","coordinates":[[110.880778,-7.583235],[110.881165,-7.583714]]}},{"type":"Feature","properties":{"id":"MJL-D644","kategori":"distribusi","reservoir":"MJL","meter":["10375"],"panjang_m":57},"geometry":{"type":"LineString","coordinates":[[110.880557,-7.583999],[110.880051,-7.58388]]}},{"type":"Feature","properties":{"id":"MJL-D645","kategori":"distribusi","reservoir":"MJL","meter":["10375"],"panjang_m":33},"geometry":{"type":"LineString","coordinates":[[110.880983,-7.579472],[110.880703,-7.579362]]}},{"type":"Feature","properties":{"id":"MJL-D646","kategori":"distribusi","reservoir":"MJL","meter":["10375"],"panjang_m":26},"geometry":{"type":"LineString","coordinates":[[110.882862,-7.578509],[110.882631,-7.578458]]}},{"type":"Feature","properties":{"id":"MJL-D647","kategori":"distribusi","reservoir":"MJL","meter":["10375"],"panjang_m":67},"geometry":{"type":"LineString","coordinates":[[110.881382,-7.578456],[110.881518,-7.578156],[110.881534,-7.57788]]}},{"type":"Feature","properties":{"id":"MJL-D648","kategori":"distribusi","reservoir":"MJL","meter":["10375"],"panjang_m":63},"geometry":{"type":"LineString","coordinates":[[110.881382,-7.578456],[110.880848,-7.578261]]}},{"type":"Feature","properties":{"id":"MJL-D649","kategori":"distribusi","reservoir":"MJL","meter":["10375"],"panjang_m":61},"geometry":{"type":"LineString","coordinates":[[110.880674,-7.578976],[110.880201,-7.578687]]}},{"type":"Feature","properties":{"id":"MJL-D650","kategori":"distribusi","reservoir":"MJL","meter":["10375"],"panjang_m":50},"geometry":{"type":"LineString","coordinates":[[110.880674,-7.578976],[110.88078,-7.578535]]}},{"type":"Feature","properties":{"id":"MJL-D651","kategori":"distribusi","reservoir":"MJL","meter":["10375"],"panjang_m":88},"geometry":{"type":"LineString","coordinates":[[110.881924,-7.578661],[110.882276,-7.578803],[110.88243,-7.578413]]}},{"type":"Feature","properties":{"id":"MJL-D652","kategori":"distribusi","reservoir":"MJL","meter":["10375"],"panjang_m":94},"geometry":{"type":"LineString","coordinates":[[110.881924,-7.578661],[110.882042,-7.578219],[110.882412,-7.578352]]}},{"type":"Feature","properties":{"id":"MJL-D653","kategori":"distribusi","reservoir":"MJL","meter":["10375"],"panjang_m":73},"geometry":{"type":"LineString","coordinates":[[110.879901,-7.578034],[110.880201,-7.577444]]}},{"type":"Feature","properties":{"id":"MJL-D654","kategori":"distribusi","reservoir":"MJL","meter":["10375"],"panjang_m":65},"geometry":{"type":"LineString","coordinates":[[110.879901,-7.578034],[110.880434,-7.578278]]}},{"type":"Feature","properties":{"id":"MJL-D655","kategori":"distribusi","reservoir":"MJL","meter":["10375"],"panjang_m":33},"geometry":{"type":"LineString","coordinates":[[110.881384,-7.579433],[110.881306,-7.579715]]}},{"type":"Feature","properties":{"id":"MJL-D656","kategori":"distribusi","reservoir":"MJL","meter":["10375"],"panjang_m":78},"geometry":{"type":"LineString","coordinates":[[110.881543,-7.580208],[110.881704,-7.579526]]}},{"type":"Feature","properties":{"id":"MJL-D657","kategori":"distribusi","reservoir":"MJL","meter":["10375"],"panjang_m":34},"geometry":{"type":"LineString","coordinates":[[110.881543,-7.580208],[110.881256,-7.580099]]}},{"type":"Feature","properties":{"id":"MJL-D658","kategori":"distribusi","reservoir":"MJL","meter":["10375"],"panjang_m":73},"geometry":{"type":"LineString","coordinates":[[110.881023,-7.579319],[110.880612,-7.579194],[110.880674,-7.578976]]}},{"type":"Feature","properties":{"id":"MJL-D659","kategori":"distribusi","reservoir":"MJL","meter":["10375"],"panjang_m":60},"geometry":{"type":"LineString","coordinates":[[110.881023,-7.579319],[110.881122,-7.578786]]}},{"type":"Feature","properties":{"id":"MJL-D660","kategori":"distribusi","reservoir":"MJL","meter":["10375"],"panjang_m":95},"geometry":{"type":"LineString","coordinates":[[110.879527,-7.578806],[110.879901,-7.578034]]}},{"type":"Feature","properties":{"id":"MJL-D661","kategori":"distribusi","reservoir":"MJL","meter":["10375"],"panjang_m":36},"geometry":{"type":"LineString","coordinates":[[110.879527,-7.578806],[110.879818,-7.578947]]}},{"type":"Feature","properties":{"id":"MJL-D662","kategori":"distribusi","reservoir":"MJL","meter":["10375"],"panjang_m":104},"geometry":{"type":"LineString","coordinates":[[110.879818,-7.578947],[110.879484,-7.579621],[110.879659,-7.579691]]}},{"type":"Feature","properties":{"id":"MJL-D663","kategori":"distribusi","reservoir":"MJL","meter":["10375"],"panjang_m":93},"geometry":{"type":"LineString","coordinates":[[110.879818,-7.578947],[110.880145,-7.579133],[110.880072,-7.579278],[110.879811,-7.579425]]}},{"type":"Feature","properties":{"id":"MJL-D664","kategori":"distribusi","reservoir":"MJL","meter":["10375"],"panjang_m":62},"geometry":{"type":"LineString","coordinates":[[110.878727,-7.581944],[110.878404,-7.581797],[110.878491,-7.581611]]}},{"type":"Feature","properties":{"id":"MJL-D665","kategori":"distribusi","reservoir":"MJL","meter":["10375"],"panjang_m":29},"geometry":{"type":"LineString","coordinates":[[110.879731,-7.583109],[110.879826,-7.582861]]}},{"type":"Feature","properties":{"id":"MJL-D666","kategori":"distribusi","reservoir":"MJL","meter":["10375"],"panjang_m":79},"geometry":{"type":"LineString","coordinates":[[110.879731,-7.583109],[110.880084,-7.583254],[110.880206,-7.582946]]}},{"type":"Feature","properties":{"id":"MJL-D667","kategori":"distribusi","reservoir":"MJL","meter":["10375"],"panjang_m":27},"geometry":{"type":"LineString","coordinates":[[110.879953,-7.582389],[110.880023,-7.582152]]}},{"type":"Feature","properties":{"id":"MJL-D668","kategori":"distribusi","reservoir":"MJL","meter":["10375"],"panjang_m":52},"geometry":{"type":"LineString","coordinates":[[110.878908,-7.582769],[110.879069,-7.582418],[110.878993,-7.582381]]}},{"type":"Feature","properties":{"id":"MJL-D669","kategori":"distribusi","reservoir":"MJL","meter":["10375"],"panjang_m":43},"geometry":{"type":"LineString","coordinates":[[110.878908,-7.582769],[110.87855,-7.582621]]}},{"type":"Feature","properties":{"id":"MJL-D670","kategori":"distribusi","reservoir":"MJL","meter":["10375"],"panjang_m":191},"geometry":{"type":"LineString","coordinates":[[110.882351,-7.580403],[110.883243,-7.578934]]}},{"type":"Feature","properties":{"id":"MJL-D671","kategori":"distribusi","reservoir":"MJL","meter":["10375"],"panjang_m":83},"geometry":{"type":"LineString","coordinates":[[110.882351,-7.580403],[110.881939,-7.581027]]}},{"type":"Feature","properties":{"id":"MJL-D672","kategori":"distribusi","reservoir":"MJL","meter":["10375"],"panjang_m":91},"geometry":{"type":"LineString","coordinates":[[110.879908,-7.580468],[110.879757,-7.580873],[110.879451,-7.580637]]}},{"type":"Feature","properties":{"id":"MJL-D673","kategori":"distribusi","reservoir":"MJL","meter":["10375"],"panjang_m":46},"geometry":{"type":"LineString","coordinates":[[110.881396,-7.58101],[110.881477,-7.580607]]}},{"type":"Feature","properties":{"id":"MJL-D674","kategori":"distribusi","reservoir":"MJL","meter":["10375"],"panjang_m":52},"geometry":{"type":"LineString","coordinates":[[110.881396,-7.58101],[110.881257,-7.581456]]}},{"type":"Feature","properties":{"id":"MJL-D675","kategori":"distribusi","reservoir":"MJL","meter":["10375"],"panjang_m":99},"geometry":{"type":"LineString","coordinates":[[110.880097,-7.58116],[110.879998,-7.58108],[110.87993,-7.581149],[110.879612,-7.581742]]}},{"type":"Feature","properties":{"id":"MJL-D676","kategori":"distribusi","reservoir":"MJL","meter":["10375"],"panjang_m":34},"geometry":{"type":"LineString","coordinates":[[110.881321,-7.579412],[110.881023,-7.579319]]}},{"type":"Feature","properties":{"id":"MJL-D677","kategori":"distribusi","reservoir":"MJL","meter":["10375"],"panjang_m":113},"geometry":{"type":"LineString","coordinates":[[110.881321,-7.579412],[110.881459,-7.578486],[110.881382,-7.578456]]}},{"type":"Feature","properties":{"id":"MJL-D678","kategori":"distribusi","reservoir":"MJL","meter":["10375"],"panjang_m":43},"geometry":{"type":"LineString","coordinates":[[110.881697,-7.582342],[110.882011,-7.582573]]}},{"type":"Feature","properties":{"id":"MJL-D679","kategori":"distribusi","reservoir":"MJL","meter":["10375"],"panjang_m":73},"geometry":{"type":"LineString","coordinates":[[110.881697,-7.582342],[110.881854,-7.58216],[110.882184,-7.582413]]}},{"type":"Feature","properties":{"id":"MJL-D680","kategori":"distribusi","reservoir":"MJL","meter":["10375"],"panjang_m":56},"geometry":{"type":"LineString","coordinates":[[110.882184,-7.582413],[110.882368,-7.582216],[110.882602,-7.582271]]}},{"type":"Feature","properties":{"id":"MJL-D681","kategori":"distribusi","reservoir":"MJL","meter":["10375"],"panjang_m":28},"geometry":{"type":"LineString","coordinates":[[110.882184,-7.582413],[110.882181,-7.582461],[110.882347,-7.582581]]}},{"type":"Feature","properties":{"id":"MJL-D682","kategori":"distribusi","reservoir":"MJL","meter":["10375"],"panjang_m":29},"geometry":{"type":"LineString","coordinates":[[110.881097,-7.582339],[110.881246,-7.582122]]}},{"type":"Feature","properties":{"id":"MJL-D683","kategori":"distribusi","reservoir":"MJL","meter":["10375"],"panjang_m":201},"geometry":{"type":"LineString","coordinates":[[110.880942,-7.582683],[110.881139,-7.582791],[110.882346,-7.583835]]}},{"type":"Feature","properties":{"id":"MJL-D684","kategori":"distribusi","reservoir":"MJL","meter":["10375"],"panjang_m":68},"geometry":{"type":"LineString","coordinates":[[110.882166,-7.580295],[110.882393,-7.579729]]}},{"type":"Feature","properties":{"id":"MJL-D685","kategori":"distribusi","reservoir":"MJL","meter":["10375"],"panjang_m":80},"geometry":{"type":"LineString","coordinates":[[110.87855,-7.582621],[110.877886,-7.582338]]}},{"type":"Feature","properties":{"id":"MJL-D686","kategori":"distribusi","reservoir":"MJL","meter":["10375"],"panjang_m":29},"geometry":{"type":"LineString","coordinates":[[110.87855,-7.582621],[110.878451,-7.582865]]}},{"type":"Feature","properties":{"id":"MJL-D687","kategori":"distribusi","reservoir":"MJL","meter":["10375"],"panjang_m":53},"geometry":{"type":"LineString","coordinates":[[110.878314,-7.57948],[110.878395,-7.579009]]}},{"type":"Feature","properties":{"id":"MJL-D688","kategori":"distribusi","reservoir":"MJL","meter":["10375"],"panjang_m":119},"geometry":{"type":"LineString","coordinates":[[110.878314,-7.57948],[110.877982,-7.579337],[110.878071,-7.578997],[110.877719,-7.5791]]}},{"type":"Feature","properties":{"id":"MJL-D689","kategori":"distribusi","reservoir":"MJL","meter":["10375"],"panjang_m":103},"geometry":{"type":"LineString","coordinates":[[110.877573,-7.58043],[110.877015,-7.580163],[110.876898,-7.580457]]}},{"type":"Feature","properties":{"id":"MJL-D690","kategori":"distribusi","reservoir":"MJL","meter":["10375"],"panjang_m":40},"geometry":{"type":"LineString","coordinates":[[110.877573,-7.58043],[110.877662,-7.580196],[110.877654,-7.580088]]}},{"type":"Feature","properties":{"id":"MJL-D691","kategori":"distribusi","reservoir":"MJL","meter":["10375"],"panjang_m":94},"geometry":{"type":"LineString","coordinates":[[110.87762,-7.580997],[110.877167,-7.581709]]}},{"type":"Feature","properties":{"id":"MJL-D692","kategori":"distribusi","reservoir":"MJL","meter":["10375"],"panjang_m":52},"geometry":{"type":"LineString","coordinates":[[110.87762,-7.580997],[110.878022,-7.581239]]}},{"type":"Feature","properties":{"id":"MJL-D693","kategori":"distribusi","reservoir":"MJL","meter":["10375"],"panjang_m":105},"geometry":{"type":"LineString","coordinates":[[110.879332,-7.580585],[110.879152,-7.581178],[110.878854,-7.581038]]}},{"type":"Feature","properties":{"id":"MJL-D694","kategori":"distribusi","reservoir":"MJL","meter":["10375"],"panjang_m":34},"geometry":{"type":"LineString","coordinates":[[110.880914,-7.579663],[110.880822,-7.579958]]}},{"type":"Feature","properties":{"id":"MJL-D695","kategori":"distribusi","reservoir":"MJL","meter":["10375"],"panjang_m":66},"geometry":{"type":"LineString","coordinates":[[110.877886,-7.582338],[110.877336,-7.582109]]}},{"type":"Feature","properties":{"id":"MJL-D696","kategori":"distribusi","reservoir":"MJL","meter":["10375"],"panjang_m":29},"geometry":{"type":"LineString","coordinates":[[110.880811,-7.583108],[110.880564,-7.583026]]}},{"type":"Feature","properties":{"id":"MJL-D697","kategori":"distribusi","reservoir":"MJL","meter":["10375"],"panjang_m":63},"geometry":{"type":"LineString","coordinates":[[110.880057,-7.582429],[110.880325,-7.582523],[110.880402,-7.582248]]}},{"type":"Feature","properties":{"id":"MJL-D698","kategori":"distribusi","reservoir":"MJL","meter":["10375"],"panjang_m":26},"geometry":{"type":"LineString","coordinates":[[110.880057,-7.582429],[110.879963,-7.582644]]}},{"type":"Feature","properties":{"id":"MJL-D699","kategori":"distribusi","reservoir":"MJL","meter":["10376"],"panjang_m":93},"geometry":{"type":"LineString","coordinates":[[110.863884,-7.571944],[110.863177,-7.571482]]}},{"type":"Feature","properties":{"id":"MJL-D700","kategori":"distribusi","reservoir":"MJL","meter":["10376"],"panjang_m":56},"geometry":{"type":"LineString","coordinates":[[110.863884,-7.571944],[110.863531,-7.572304]]}},{"type":"Feature","properties":{"id":"MJL-D701","kategori":"distribusi","reservoir":"MJL","meter":["10376"],"panjang_m":50},"geometry":{"type":"LineString","coordinates":[[110.866484,-7.571904],[110.866028,-7.571897]]}},{"type":"Feature","properties":{"id":"MJL-D702","kategori":"distribusi","reservoir":"MJL","meter":["10376"],"panjang_m":154},"geometry":{"type":"LineString","coordinates":[[110.864991,-7.572547],[110.864481,-7.573832]]}},{"type":"Feature","properties":{"id":"MJL-D703","kategori":"distribusi","reservoir":"MJL","meter":["10376"],"panjang_m":64},"geometry":{"type":"LineString","coordinates":[[110.864991,-7.572547],[110.864419,-7.572474]]}},{"type":"Feature","properties":{"id":"MJL-D704","kategori":"distribusi","reservoir":"MJL","meter":["10376"],"panjang_m":37},"geometry":{"type":"LineString","coordinates":[[110.864895,-7.571066],[110.864558,-7.571049]]}},{"type":"Feature","properties":{"id":"MJL-D705","kategori":"distribusi","reservoir":"MJL","meter":["10376"],"panjang_m":64},"geometry":{"type":"LineString","coordinates":[[110.864895,-7.571066],[110.864869,-7.571403],[110.864636,-7.571354]]}},{"type":"Feature","properties":{"id":"MJL-D706","kategori":"distribusi","reservoir":"MJL","meter":["10376"],"panjang_m":156},"geometry":{"type":"LineString","coordinates":[[110.866721,-7.571186],[110.865307,-7.571085]]}},{"type":"Feature","properties":{"id":"MJL-D707","kategori":"distribusi","reservoir":"MJL","meter":["10376"],"panjang_m":42},"geometry":{"type":"LineString","coordinates":[[110.866721,-7.571186],[110.866606,-7.57155]]}},{"type":"Feature","properties":{"id":"MJL-D708","kategori":"distribusi","reservoir":"MJL","meter":["10376"],"panjang_m":55},"geometry":{"type":"LineString","coordinates":[[110.865141,-7.570271],[110.865103,-7.570768]]}},{"type":"Feature","properties":{"id":"MJL-D709","kategori":"distribusi","reservoir":"MJL","meter":["10376"],"panjang_m":64},"geometry":{"type":"LineString","coordinates":[[110.865141,-7.570271],[110.864571,-7.570176]]}},{"type":"Feature","properties":{"id":"MJL-D710","kategori":"distribusi","reservoir":"MJL","meter":["10376"],"panjang_m":41},"geometry":{"type":"LineString","coordinates":[[110.86608,-7.570427],[110.865716,-7.570369]]}},{"type":"Feature","properties":{"id":"MJL-D711","kategori":"distribusi","reservoir":"MJL","meter":["10376"],"panjang_m":26},"geometry":{"type":"LineString","coordinates":[[110.86608,-7.570427],[110.866068,-7.570659]]}},{"type":"Feature","properties":{"id":"MJL-D712","kategori":"distribusi","reservoir":"MJL","meter":["10376"],"panjang_m":97},"geometry":{"type":"LineString","coordinates":[[110.866957,-7.570498],[110.86608,-7.570427]]}},{"type":"Feature","properties":{"id":"MJL-D713","kategori":"distribusi","reservoir":"MJL","meter":["10376"],"panjang_m":101},"geometry":{"type":"LineString","coordinates":[[110.866957,-7.570498],[110.867875,-7.570508]]}},{"type":"Feature","properties":{"id":"MJL-D714","kategori":"distribusi","reservoir":"MJL","meter":["10376"],"panjang_m":30},"geometry":{"type":"LineString","coordinates":[[110.866957,-7.570498],[110.867062,-7.570246]]}},{"type":"Feature","properties":{"id":"MJL-D715","kategori":"distribusi","reservoir":"MJL","meter":["10376"],"panjang_m":45},"geometry":{"type":"LineString","coordinates":[[110.865307,-7.571085],[110.864895,-7.571066]]}},{"type":"Feature","properties":{"id":"MJL-D716","kategori":"distribusi","reservoir":"MJL","meter":["10376"],"panjang_m":47},"geometry":{"type":"LineString","coordinates":[[110.865307,-7.571085],[110.865347,-7.570662]]}},{"type":"Feature","properties":{"id":"MJL-D717","kategori":"distribusi","reservoir":"MJL","meter":["10376"],"panjang_m":42},"geometry":{"type":"LineString","coordinates":[[110.867811,-7.56907],[110.867494,-7.568865]]}},{"type":"Feature","properties":{"id":"MJL-D718","kategori":"distribusi","reservoir":"MJL","meter":["10376"],"panjang_m":193},"geometry":{"type":"LineString","coordinates":[[110.867811,-7.56907],[110.868163,-7.568776],[110.868977,-7.567781]]}},{"type":"Feature","properties":{"id":"MJL-D719","kategori":"distribusi","reservoir":"MJL","meter":["10376"],"panjang_m":81},"geometry":{"type":"LineString","coordinates":[[110.86671,-7.568471],[110.866041,-7.568174]]}},{"type":"Feature","properties":{"id":"MJL-D720","kategori":"distribusi","reservoir":"MJL","meter":["10376"],"panjang_m":112},"geometry":{"type":"LineString","coordinates":[[110.86671,-7.568471],[110.866744,-7.568055],[110.866176,-7.56789]]}},{"type":"Feature","properties":{"id":"MJL-D721","kategori":"distribusi","reservoir":"MJL","meter":["10376"],"panjang_m":71},"geometry":{"type":"LineString","coordinates":[[110.865472,-7.568659],[110.864858,-7.568457]]}},{"type":"Feature","properties":{"id":"MJL-D722","kategori":"distribusi","reservoir":"MJL","meter":["10376"],"panjang_m":37},"geometry":{"type":"LineString","coordinates":[[110.865472,-7.568659],[110.865508,-7.568327]]}},{"type":"Feature","properties":{"id":"MJL-D723","kategori":"distribusi","reservoir":"MJL","meter":["10376"],"panjang_m":140},"geometry":{"type":"LineString","coordinates":[[110.866678,-7.569064],[110.865472,-7.568659]]}},{"type":"Feature","properties":{"id":"MJL-D724","kategori":"distribusi","reservoir":"MJL","meter":["10376"],"panjang_m":66},"geometry":{"type":"LineString","coordinates":[[110.866678,-7.569064],[110.86671,-7.568471]]}},{"type":"Feature","properties":{"id":"MJL-D725","kategori":"distribusi","reservoir":"MJL","meter":["10376"],"panjang_m":29},"geometry":{"type":"LineString","coordinates":[[110.867677,-7.569296],[110.867811,-7.56907]]}},{"type":"Feature","properties":{"id":"MJL-D726","kategori":"distribusi","reservoir":"MJL","meter":["10376"],"panjang_m":77},"geometry":{"type":"LineString","coordinates":[[110.867677,-7.569296],[110.867007,-7.569086]]}},{"type":"Feature","properties":{"id":"MJL-D727","kategori":"distribusi","reservoir":"MJL","meter":["10376"],"panjang_m":66},"geometry":{"type":"LineString","coordinates":[[110.866614,-7.569652],[110.866678,-7.569064]]}},{"type":"Feature","properties":{"id":"MJL-D728","kategori":"distribusi","reservoir":"MJL","meter":["10376"],"panjang_m":134},"geometry":{"type":"LineString","coordinates":[[110.866614,-7.569652],[110.865448,-7.569314]]}},{"type":"Feature","properties":{"id":"MJL-D729","kategori":"distribusi","reservoir":"MJL","meter":["10376"],"panjang_m":25},"geometry":{"type":"LineString","coordinates":[[110.865448,-7.569314],[110.865454,-7.569087]]}},{"type":"Feature","properties":{"id":"MJL-D730","kategori":"distribusi","reservoir":"MJL","meter":["10376"],"panjang_m":94},"geometry":{"type":"LineString","coordinates":[[110.865448,-7.569314],[110.864627,-7.569086]]}},{"type":"Feature","properties":{"id":"MJL-D731","kategori":"distribusi","reservoir":"MJL","meter":["10376"],"panjang_m":63},"geometry":{"type":"LineString","coordinates":[[110.866608,-7.570219],[110.866614,-7.569652]]}},{"type":"Feature","properties":{"id":"MJL-D732","kategori":"distribusi","reservoir":"MJL","meter":["10376"],"panjang_m":162},"geometry":{"type":"LineString","coordinates":[[110.866608,-7.570219],[110.865167,-7.569935]]}},{"type":"Feature","properties":{"id":"MJL-D733","kategori":"distribusi","reservoir":"MJL","meter":["10376"],"panjang_m":101},"geometry":{"type":"LineString","coordinates":[[110.867062,-7.570246],[110.867585,-7.569496]]}},{"type":"Feature","properties":{"id":"MJL-D734","kategori":"distribusi","reservoir":"MJL","meter":["10376"],"panjang_m":50},"geometry":{"type":"LineString","coordinates":[[110.867062,-7.570246],[110.866608,-7.570219]]}},{"type":"Feature","properties":{"id":"MJL-D735","kategori":"distribusi","reservoir":"MJL","meter":["10376"],"panjang_m":66},"geometry":{"type":"LineString","coordinates":[[110.867062,-7.570246],[110.867659,-7.570256]]}},{"type":"Feature","properties":{"id":"MJL-D736","kategori":"distribusi","reservoir":"MJL","meter":["10376"],"panjang_m":33},"geometry":{"type":"LineString","coordinates":[[110.864627,-7.569086],[110.864335,-7.569007]]}},{"type":"Feature","properties":{"id":"MJL-D737","kategori":"distribusi","reservoir":"MJL","meter":["10376"],"panjang_m":35},"geometry":{"type":"LineString","coordinates":[[110.864627,-7.569086],[110.864625,-7.569336],[110.864573,-7.569377]]}},{"type":"Feature","properties":{"id":"MJL-D738","kategori":"distribusi","reservoir":"MJL","meter":["10376"],"panjang_m":33},"geometry":{"type":"LineString","coordinates":[[110.864335,-7.569007],[110.864264,-7.569245],[110.864292,-7.569289]]}},{"type":"Feature","properties":{"id":"MJL-D739","kategori":"distribusi","reservoir":"MJL","meter":["10376"],"panjang_m":66},"geometry":{"type":"LineString","coordinates":[[110.864335,-7.569007],[110.863776,-7.568807]]}},{"type":"Feature","properties":{"id":"MJL-D740","kategori":"distribusi","reservoir":"MJL","meter":["10376"],"panjang_m":132},"geometry":{"type":"LineString","coordinates":[[110.867659,-7.570256],[110.868404,-7.570175],[110.868434,-7.570106],[110.868331,-7.570019],[110.868504,-7.569863]]}},{"type":"Feature","properties":{"id":"MJL-D741","kategori":"distribusi","reservoir":"MJL","meter":["10376"],"panjang_m":65},"geometry":{"type":"LineString","coordinates":[[110.867659,-7.570256],[110.868022,-7.56979]]}},{"type":"Feature","properties":{"id":"MJL-D742","kategori":"distribusi","reservoir":"MJL","meter":["10376"],"panjang_m":35},"geometry":{"type":"LineString","coordinates":[[110.868022,-7.56979],[110.868223,-7.569552]]}},{"type":"Feature","properties":{"id":"MJL-D743","kategori":"distribusi","reservoir":"MJL","meter":["10376"],"panjang_m":85},"geometry":{"type":"LineString","coordinates":[[110.868977,-7.567781],[110.869429,-7.56716]]}},{"type":"Feature","properties":{"id":"MJL-D744","kategori":"distribusi","reservoir":"MJL","meter":["10376"],"panjang_m":89},"geometry":{"type":"LineString","coordinates":[[110.868977,-7.567781],[110.869596,-7.568298]]}},{"type":"Feature","properties":{"id":"MJL-D745","kategori":"distribusi","reservoir":"MJL","meter":["10376"],"panjang_m":41},"geometry":{"type":"LineString","coordinates":[[110.863623,-7.569388],[110.863281,-7.569254]]}},{"type":"Feature","properties":{"id":"MJL-D746","kategori":"distribusi","reservoir":"MJL","meter":["10376"],"panjang_m":42},"geometry":{"type":"LineString","coordinates":[[110.863623,-7.569388],[110.863715,-7.569017]]}},{"type":"Feature","properties":{"id":"MJL-D747","kategori":"distribusi","reservoir":"MJL","meter":["10376"],"panjang_m":32},"geometry":{"type":"LineString","coordinates":[[110.866041,-7.568174],[110.866159,-7.567907]]}},{"type":"Feature","properties":{"id":"MJL-D748","kategori":"distribusi","reservoir":"MJL","meter":["10376"],"panjang_m":59},"geometry":{"type":"LineString","coordinates":[[110.866041,-7.568174],[110.86564,-7.567987],[110.86556,-7.568029]]}},{"type":"Feature","properties":{"id":"MJL-D749","kategori":"distribusi","reservoir":"MJL","meter":["10376"],"panjang_m":158},"geometry":{"type":"LineString","coordinates":[[110.86532,-7.571915],[110.863884,-7.571944]]}},{"type":"Feature","properties":{"id":"MJL-D750","kategori":"distribusi","reservoir":"MJL","meter":["10376"],"panjang_m":47},"geometry":{"type":"LineString","coordinates":[[110.86532,-7.571915],[110.865324,-7.57149]]}},{"type":"Feature","properties":{"id":"MJL-D751","kategori":"distribusi","reservoir":"MJL","meter":["10376"],"panjang_m":42},"geometry":{"type":"LineString","coordinates":[[110.866606,-7.57155],[110.866484,-7.571904]]}},{"type":"Feature","properties":{"id":"MJL-D752","kategori":"distribusi","reservoir":"MJL","meter":["10376"],"panjang_m":38},"geometry":{"type":"LineString","coordinates":[[110.866606,-7.57155],[110.86694,-7.571618]]}},{"type":"Feature","properties":{"id":"MJL-D753","kategori":"distribusi","reservoir":"MJL","meter":["10376"],"panjang_m":56},"geometry":{"type":"LineString","coordinates":[[110.867503,-7.571451],[110.867607,-7.571209],[110.867614,-7.570969]]}},{"type":"Feature","properties":{"id":"MJL-D754","kategori":"distribusi","reservoir":"MJL","meter":["10376"],"panjang_m":173},"geometry":{"type":"LineString","coordinates":[[110.866457,-7.572001],[110.866328,-7.572405],[110.866227,-7.572517],[110.866056,-7.572553],[110.865243,-7.572535]]}},{"type":"Feature","properties":{"id":"MJL-D755","kategori":"distribusi","reservoir":"MJL","meter":["10376"],"panjang_m":116},"geometry":{"type":"LineString","coordinates":[[110.866457,-7.572001],[110.867192,-7.572124],[110.867307,-7.571839]]}},{"type":"Feature","properties":{"id":"MJL-D756","kategori":"distribusi","reservoir":"MJL","meter":["10376"],"panjang_m":44},"geometry":{"type":"LineString","coordinates":[[110.865454,-7.569087],[110.865069,-7.568975]]}},{"type":"Feature","properties":{"id":"MJL-D757","kategori":"distribusi","reservoir":"MJL","meter":["10376"],"panjang_m":65},"geometry":{"type":"LineString","coordinates":[[110.865454,-7.569087],[110.865461,-7.568878],[110.865101,-7.568772]]}},{"type":"Feature","properties":{"id":"MJL-D758","kategori":"distribusi","reservoir":"MJL","meter":["10376"],"panjang_m":106},"geometry":{"type":"LineString","coordinates":[[110.8696,-7.572726],[110.870405,-7.572206]]}},{"type":"Feature","properties":{"id":"MJL-D759","kategori":"distribusi","reservoir":"MJL","meter":["10376"],"panjang_m":51},"geometry":{"type":"LineString","coordinates":[[110.8696,-7.572726],[110.869952,-7.57303]]}},{"type":"Feature","properties":{"id":"MJL-D760","kategori":"distribusi","reservoir":"MJL","meter":["10376"],"panjang_m":78},"geometry":{"type":"LineString","coordinates":[[110.867806,-7.571706],[110.868019,-7.571472],[110.868037,-7.571088]]}},{"type":"Feature","properties":{"id":"MJL-D761","kategori":"distribusi","reservoir":"MJL","meter":["10376"],"panjang_m":50},"geometry":{"type":"LineString","coordinates":[[110.867693,-7.571606],[110.867787,-7.571163]]}},{"type":"Feature","properties":{"id":"MJL-D762","kategori":"distribusi","reservoir":"MJL","meter":["10376"],"panjang_m":64},"geometry":{"type":"LineString","coordinates":[[110.865716,-7.570369],[110.865141,-7.570271]]}},{"type":"Feature","properties":{"id":"MJL-D763","kategori":"distribusi","reservoir":"MJL","meter":["10376"],"panjang_m":32},"geometry":{"type":"LineString","coordinates":[[110.865716,-7.570369],[110.865693,-7.570654]]}},{"type":"Feature","properties":{"id":"MJL-D764","kategori":"distribusi","reservoir":"MJL","meter":["10376"],"panjang_m":50},"geometry":{"type":"LineString","coordinates":[[110.864604,-7.570773],[110.86463,-7.570602],[110.864905,-7.570635]]}},{"type":"Feature","properties":{"id":"MJL-D765","kategori":"distribusi","reservoir":"MJL","meter":["10376"],"panjang_m":174},"geometry":{"type":"LineString","coordinates":[[110.865243,-7.572535],[110.864763,-7.573935],[110.864844,-7.573966]]}},{"type":"Feature","properties":{"id":"MJL-D766","kategori":"distribusi","reservoir":"MJL","meter":["10376"],"panjang_m":28},"geometry":{"type":"LineString","coordinates":[[110.865243,-7.572535],[110.864991,-7.572547]]}},{"type":"Feature","properties":{"id":"MJL-D767","kategori":"distribusi","reservoir":"MJL","meter":["10376"],"panjang_m":78},"geometry":{"type":"LineString","coordinates":[[110.866028,-7.571897],[110.86532,-7.571915]]}},{"type":"Feature","properties":{"id":"MJL-D768","kategori":"distribusi","reservoir":"MJL","meter":["10376"],"panjang_m":26},"geometry":{"type":"LineString","coordinates":[[110.866028,-7.571897],[110.866073,-7.571663]]}},{"type":"Feature","properties":{"id":"MJL-D769","kategori":"distribusi","reservoir":"MJL","meter":["10376"],"panjang_m":26},"geometry":{"type":"LineString","coordinates":[[110.864558,-7.571049],[110.864327,-7.570984]]}},{"type":"Feature","properties":{"id":"MJL-D770","kategori":"distribusi","reservoir":"MJL","meter":["10376"],"panjang_m":31},"geometry":{"type":"LineString","coordinates":[[110.864558,-7.571049],[110.864604,-7.570773]]}},{"type":"Feature","properties":{"id":"MJL-D771","kategori":"distribusi","reservoir":"MJL","meter":["10376"],"panjang_m":43},"geometry":{"type":"LineString","coordinates":[[110.864558,-7.571049],[110.864416,-7.571406]]}},{"type":"Feature","properties":{"id":"MJL-D772","kategori":"distribusi","reservoir":"MJL","meter":["10376"],"panjang_m":50},"geometry":{"type":"LineString","coordinates":[[110.864416,-7.571406],[110.864213,-7.571354],[110.864146,-7.57159]]}},{"type":"Feature","properties":{"id":"MJL-D773","kategori":"distribusi","reservoir":"MJL","meter":["10376"],"panjang_m":28},"geometry":{"type":"LineString","coordinates":[[110.864416,-7.571406],[110.864346,-7.57165]]}},{"type":"Feature","properties":{"id":"MJL-D774","kategori":"distribusi","reservoir":"MJL","meter":["10376"],"panjang_m":43},"geometry":{"type":"LineString","coordinates":[[110.866907,-7.570938],[110.866818,-7.570907],[110.866721,-7.571186]]}},{"type":"Feature","properties":{"id":"MJL-D775","kategori":"distribusi","reservoir":"MJL","meter":["10376"],"panjang_m":58},"geometry":{"type":"LineString","coordinates":[[110.866907,-7.570938],[110.866818,-7.570907],[110.866957,-7.570498]]}},{"type":"Feature","properties":{"id":"MJL-D776","kategori":"distribusi","reservoir":"MJL","meter":["10376"],"panjang_m":41},"geometry":{"type":"LineString","coordinates":[[110.869289,-7.572928],[110.8696,-7.572726]]}},{"type":"Feature","properties":{"id":"MJL-D777","kategori":"distribusi","reservoir":"MJL","meter":["10376"],"panjang_m":54},"geometry":{"type":"LineString","coordinates":[[110.864419,-7.572474],[110.863933,-7.572397]]}},{"type":"Feature","properties":{"id":"MJL-D778","kategori":"distribusi","reservoir":"MJL","meter":["10376"],"panjang_m":32},"geometry":{"type":"LineString","coordinates":[[110.864419,-7.572474],[110.864328,-7.572748]]}},{"type":"Feature","properties":{"id":"MJL-D779","kategori":"distribusi","reservoir":"MJL","meter":["10376"],"panjang_m":35},"geometry":{"type":"LineString","coordinates":[[110.867494,-7.568865],[110.867208,-7.568725]]}},{"type":"Feature","properties":{"id":"MJL-D780","kategori":"distribusi","reservoir":"MJL","meter":["10376"],"panjang_m":61},"geometry":{"type":"LineString","coordinates":[[110.867494,-7.568865],[110.867606,-7.568416],[110.867573,-7.568341]]}},{"type":"Feature","properties":{"id":"MJL-D781","kategori":"distribusi","reservoir":"MJL","meter":["10376"],"panjang_m":181},"geometry":{"type":"LineString","coordinates":[[110.865167,-7.569935],[110.863623,-7.569388]]}},{"type":"Feature","properties":{"id":"MJL-D782","kategori":"distribusi","reservoir":"MJL","meter":["10376"],"panjang_m":35},"geometry":{"type":"LineString","coordinates":[[110.865167,-7.569935],[110.865159,-7.569622]]}},{"type":"Feature","properties":{"id":"MJL-D783","kategori":"distribusi","reservoir":"MJL","meter":["10376"],"panjang_m":204},"geometry":{"type":"LineString","coordinates":[[110.868772,-7.572354],[110.868571,-7.570527]]}}]}